dataset,seed,n_samples,name,mu_star,mu_star_conf
datamining,100,16,Resource Calendar 1,3178.2346128828244,1444.0613373775734
datamining,100,16,Resource Calendar 1007,4500.724882914079,1018.7724798692617
datamining,100,16,Resource Calendar 10168,3041.080325506333,1093.2544477230476
datamining,100,16,Resource Calendar 10176,2781.1291134369976,998.0538218236929
datamining,100,16,Resource Calendar 10183,2983.8959334534684,1339.615743538148
datamining,100,16,Resource Calendar 10228,2771.782425932294,1000.4439012647676
datamining,100,16,Resource Calendar 10280,3106.13503985284,1272.1805738928997
datamining,100,16,Resource Calendar 10296,3176.0854106873617,1094.3231609630259
datamining,100,16,Resource Calendar 10348,2173.4606687786645,899.5232957832171
datamining,100,16,Resource Calendar 10665,2005.7661502228193,783.663983162072
datamining,100,16,Resource Calendar 10716,2894.993538297852,842.0789690109273
datamining,100,16,Resource Calendar 10726,2815.7148855898745,1055.7756724005162
datamining,100,16,Resource Calendar 10742,3139.190410624881,1195.3727174516348
datamining,100,16,Resource Calendar 10923,3011.954015952943,839.8284872807037
datamining,100,16,Resource Calendar 10962,2278.562333410537,710.5144312074968
datamining,100,16,Resource Calendar 10995,2341.863018294592,702.397709088534
datamining,100,16,Resource Calendar 11041,2781.3114957378402,752.3623321722656
datamining,100,16,Resource Calendar 1113,2376.3949573426758,824.7743240861842
datamining,100,16,Resource Calendar 11150,2592.5109433987927,913.9981543649246
datamining,100,16,Resource Calendar 11159,2875.245608125667,1116.6372386474357
datamining,100,16,Resource Calendar 11174,1950.432421717448,854.2854105589722
datamining,100,16,Resource Calendar 11175,2764.9805586327057,1248.521045558451
datamining,100,16,Resource Calendar 11181,3312.243064425605,999.9379692377637
datamining,100,16,Resource Calendar 11197,4110.177824499715,1186.8315814664893
datamining,100,16,Resource Calendar 11204,2197.258970931929,633.6209341386375
datamining,100,16,Resource Calendar 11218,2758.077524291606,869.1152643974715
datamining,100,16,Resource Calendar 11302,2058.808922717714,738.4448521520286
datamining,100,16,Resource Calendar 11314,2915.97751383509,1311.5915321631107
datamining,100,16,Resource Calendar 11327,2849.6577855361525,1066.0879389627025
datamining,100,16,Resource Calendar 1134,2785.8489967210126,1058.6605725138445
datamining,100,16,Resource Calendar 11342,2599.2536930354036,1021.7606155061977
datamining,100,16,Resource Calendar 11349,4035.2722933488085,1280.7461554621646
datamining,100,16,Resource Calendar 11353,3194.256448195917,1393.694114112761
datamining,100,16,Resource Calendar 11387,3190.516551220496,1218.1249762476011
datamining,100,16,Resource Calendar 11393,3646.633929128272,1289.69586083682
datamining,100,16,Resource Calendar 11395,2902.438091486586,1603.9370475586795
datamining,100,16,Resource Calendar 11415,4558.531780017596,1085.1858695886574
datamining,100,16,Resource Calendar 11469,3070.8273113302007,1010.169157793332
datamining,100,16,Resource Calendar 11509,2669.86817453947,1119.697979616565
datamining,100,16,Resource Calendar 11515,2443.2096038607533,768.7625578254437
datamining,100,16,Resource Calendar 11548,2927.5314661388925,980.8030968300096
datamining,100,16,Resource Calendar 11557,2778.6346021933605,936.4145884202309
datamining,100,16,Resource Calendar 11568,3384.324531005092,1484.9662598176124
datamining,100,16,Resource Calendar 11571,2108.206413611563,721.2872444209543
datamining,100,16,Resource Calendar 11583,2893.5696205658833,996.7796642466429
datamining,100,16,Resource Calendar 11611,3227.0202096431603,815.6482705464527
datamining,100,16,Resource Calendar 11613,3571.492954074483,1073.6843990683142
datamining,100,16,Resource Calendar 11614,2654.10671527368,1045.8377988915252
datamining,100,16,Resource Calendar 11653,2437.697965052033,843.5365766966771
datamining,100,16,Resource Calendar 11678,2860.909691806283,875.4691523566842
datamining,100,16,Resource Calendar 11692,2197.9813122043747,992.9605810875473
datamining,100,16,Resource Calendar 117,3997.951090077364,1042.557361951491
datamining,100,16,Resource Calendar 11706,2141.1882643598287,1082.671038670201
datamining,100,16,Resource Calendar 11759,3952.387327806073,909.3790643864696
datamining,100,16,Resource Calendar 11760,2160.2308835066315,583.7554543909591
datamining,100,16,Resource Calendar 11772,3065.408790569091,884.3438790545655
datamining,100,16,Resource Calendar 11775,3207.6740019098634,1423.0076251986573
datamining,100,16,Resource Calendar 11799,2106.7368490050862,971.349157587016
datamining,100,16,Resource Calendar 11805,2923.779920279339,751.1657769180802
datamining,100,16,Resource Calendar 11811,2376.7240895343457,833.6667554525259
datamining,100,16,Resource Calendar 11829,2220.502941183898,1190.469994105482
datamining,100,16,Resource Calendar 11854,3996.134222868165,1427.5515008164386
datamining,100,16,Resource Calendar 11858,3590.2664948972847,1392.7894937637568
datamining,100,16,Resource Calendar 11861,3006.864282729339,1549.0761024686328
datamining,100,16,Resource Calendar 11959,3197.2224089029837,1521.2121015052328
datamining,100,16,Resource Calendar 11961,2525.9569138799147,861.1762197190877
datamining,100,16,Resource Calendar 11973,3611.753246058267,858.8986617163068
datamining,100,16,Resource Calendar 11993,2440.5209869094265,767.4943635739183
datamining,100,16,Resource Calendar 12006,3244.379333747857,1044.3044282087324
datamining,100,16,Resource Calendar 12062,3444.484012940554,1200.2145955636076
datamining,100,16,Resource Calendar 12093,3521.1436256911957,1011.7228772601222
datamining,100,16,Resource Calendar 12129,2323.5562835868977,879.543900003154
datamining,100,16,Resource Calendar 12175,2962.363907820445,975.1308907177588
datamining,100,16,Resource Calendar 12196,3055.3905260501874,1290.0882017763568
datamining,100,16,Resource Calendar 12452,2762.53338356948,1092.070616521994
datamining,100,16,Resource Calendar 12459,2549.0385747396886,748.0895656249933
datamining,100,16,Resource Calendar 12521,2831.2432563063044,594.7026492454164
datamining,100,16,Resource Calendar 12532,3078.826430995908,1548.4128699442751
datamining,100,16,Resource Calendar 12535,2086.5343004597225,852.3751489259774
datamining,100,16,Resource Calendar 12548,2455.673635297335,904.7262508474133
datamining,100,16,Resource Calendar 12814,3011.046562665967,803.6197622375884
datamining,100,16,Resource Calendar 12836,3171.475096764185,992.3482401412606
datamining,100,16,Resource Calendar 12915,2058.9433486662315,712.4249524736974
datamining,100,16,Resource Calendar 12935,2313.22594984129,858.5728033614778
datamining,100,16,Resource Calendar 1295,1921.3571576282934,982.699598708753
datamining,100,16,Resource Calendar 13014,2309.3407118758905,941.1654949140463
datamining,100,16,Resource Calendar 1314,2784.5910724673927,860.6626522865879
datamining,100,16,Resource Calendar 1343,3102.22535582363,981.1948906184818
datamining,100,16,Resource Calendar 13544,2200.0987032227745,1049.2348951844722
datamining,100,16,Resource Calendar 13559,2466.0367680795844,949.1350259958162
datamining,100,16,Resource Calendar 13733,2917.834545380553,1267.2821437694988
datamining,100,16,Resource Calendar 1378,2556.416268597262,796.2245907284986
datamining,100,16,Resource Calendar 13803,3096.409138034072,1032.09352853248
datamining,100,16,Resource Calendar 14126,1825.7367293346156,536.0579019200392
datamining,100,16,Resource Calendar 14128,3975.662130847198,1411.3615478086597
datamining,100,16,Resource Calendar 1422,2212.7764328057856,778.9411420063401
datamining,100,16,Resource Calendar 14440,3132.2262871023486,1548.2676814448923
datamining,100,16,Resource Calendar 1471,2781.7903163415,808.664787389252
datamining,100,16,Resource Calendar 15057,3321.5658010083275,877.099316882998
datamining,100,16,Resource Calendar 1515,2551.008679215135,1173.7476009278396
datamining,100,16,Resource Calendar 1524,2603.204236146721,953.481598716141
datamining,100,16,Resource Calendar 15315,2629.359791985353,807.7184383325824
datamining,100,16,Resource Calendar 15323,2858.942584716366,875.0476031619442
datamining,100,16,Resource Calendar 15345,2349.232392364302,519.4937169293983
datamining,100,16,Resource Calendar 15352,2050.812034801787,602.0617369941181
datamining,100,16,Resource Calendar 15356,2691.328011078558,1065.1605141397054
datamining,100,16,Resource Calendar 15370,2668.3905684769197,1008.5389655694216
datamining,100,16,Resource Calendar 15547,3327.5550463183267,1318.178002993423
datamining,100,16,Resource Calendar 15612,2634.716293290994,922.0811445086827
datamining,100,16,Resource Calendar 157,2612.4709964663725,1057.295343942162
datamining,100,16,Resource Calendar 15862,2601.808123529497,890.0823695304531
datamining,100,16,Resource Calendar 15884,2363.8814928994125,869.8161480906474
datamining,100,16,Resource Calendar 15930,3961.7232245269506,1470.764500294728
datamining,100,16,Resource Calendar 15957,2661.6701077889265,1075.6079682699533
datamining,100,16,Resource Calendar 16273,2021.6908349982136,764.8924228301464
datamining,100,16,Resource Calendar 163,2879.660879601206,853.8206054867338
datamining,100,16,Resource Calendar 1646,2774.0345491098683,1209.6969948295364
datamining,100,16,Resource Calendar 16695,2918.119299183117,1154.2172010327947
datamining,100,16,Resource Calendar 1684,2682.131576667774,1233.852417504159
datamining,100,16,Resource Calendar 1707,2863.3682132451545,1004.7614128026532
datamining,100,16,Resource Calendar 17296,2800.40740680722,1075.0863601725787
datamining,100,16,Resource Calendar 17379,3300.8182378006345,1021.6112775791789
datamining,100,16,Resource Calendar 17525,1448.534187643806,638.1198503343323
datamining,100,16,Resource Calendar 17625,2339.37344553234,599.0900036095891
datamining,100,16,Resource Calendar 17642,3470.9381598513214,840.8150181665321
datamining,100,16,Resource Calendar 17769,2239.628308863663,622.4542047528804
datamining,100,16,Resource Calendar 17807,2280.9586528889085,773.6567717750634
datamining,100,16,Resource Calendar 17872,1890.0042982901657,657.8231216312993
datamining,100,16,Resource Calendar 1792,2227.787204845742,735.3802313648418
datamining,100,16,Resource Calendar 1795,2790.221870195419,990.0735309025031
datamining,100,16,Resource Calendar 17965,2968.5320664082305,1733.6742769039065
datamining,100,16,Resource Calendar 18289,3786.058181311343,1016.5094194814296
datamining,100,16,Resource Calendar 18317,2874.1465832052563,1124.4334923761805
datamining,100,16,Resource Calendar 18501,2533.6677396171553,636.3033836996824
datamining,100,16,Resource Calendar 186,2969.8655897294884,1163.0547854718668
datamining,100,16,Resource Calendar 1860,3006.7053041646373,1122.256608803327
datamining,100,16,Resource Calendar 18760,2693.3009474270393,1015.8877915261589
datamining,100,16,Resource Calendar 18929,2977.914436597088,1038.3873217442783
datamining,100,16,Resource Calendar 18942,3786.2773281220757,1202.1088057799984
datamining,100,16,Resource Calendar 19019,3303.049338836169,1669.326081547653
datamining,100,16,Resource Calendar 1910,2595.1686788233415,783.8334235580709
datamining,100,16,Resource Calendar 19214,3178.7696028285754,905.817190883283
datamining,100,16,Resource Calendar 19295,3136.514925434027,1261.3578050909216
datamining,100,16,Resource Calendar 19296,3066.5656249808158,746.9503172363544
datamining,100,16,Resource Calendar 1934,2391.8994160983766,701.0285180068494
datamining,100,16,Resource Calendar 19422,3159.341765894836,1065.2528152992322
datamining,100,16,Resource Calendar 19531,2865.14670986554,735.6163966062962
datamining,100,16,Resource Calendar 19572,3341.999542117144,1308.9258116248484
datamining,100,16,Resource Calendar 19582,3087.0486182699397,961.8631464594584
datamining,100,16,Resource Calendar 1959,1937.0538356804689,668.029956247249
datamining,100,16,Resource Calendar 19591,3162.949610571041,1060.3073272766458
datamining,100,16,Resource Calendar 19692,2752.6779911685358,894.093323482991
datamining,100,16,Resource Calendar 19746,2541.092114115821,768.9162402543956
datamining,100,16,Resource Calendar 19811,2424.509622023846,857.5755055142114
datamining,100,16,Resource Calendar 19916,2410.928641577863,984.2784373084468
datamining,100,16,Resource Calendar 1995,3106.2205394354078,1201.151784174741
datamining,100,16,Resource Calendar 20194,3141.9045193275942,998.82679253817
datamining,100,16,Resource Calendar 2045,1942.1031131753355,704.0107529743407
datamining,100,16,Resource Calendar 2091,1752.1954371718648,635.689352939707
datamining,100,16,Resource Calendar 21188,2966.1201406790465,798.9950125880578
datamining,100,16,Resource Calendar 2133,2694.419532536867,1001.9505770846664
datamining,100,16,Resource Calendar 2144,1651.9993827950625,643.1495781664657
datamining,100,16,Resource Calendar 2150,2763.9163470228987,778.7759249968651
datamining,100,16,Resource Calendar 2154,2964.1474818512215,1240.8537483508526
datamining,100,16,Resource Calendar 21562,2409.130005336483,1032.9764937745342
datamining,100,16,Resource Calendar 22074,3027.002050009884,1304.2507906837902
datamining,100,16,Resource Calendar 22377,3224.2867508326253,1674.166647537354
datamining,100,16,Resource Calendar 22404,3155.124994306419,1242.4893696633126
datamining,100,16,Resource Calendar 22437,3037.648731606277,840.102929036099
datamining,100,16,Resource Calendar 22438,2960.1098396856587,1162.5924382976523
datamining,100,16,Resource Calendar 22439,2767.80986528984,917.3294508767314
datamining,100,16,Resource Calendar 22475,2451.270969308892,1195.4801712677418
datamining,100,16,Resource Calendar 22476,2660.843332834462,944.1050904927176
datamining,100,16,Resource Calendar 22478,2555.55827944494,802.9088885126623
datamining,100,16,Resource Calendar 22485,3620.709423609842,1304.8478706929943
datamining,100,16,Resource Calendar 22490,2230.747669757166,911.4654551866029
datamining,100,16,Resource Calendar 22491,2820.084457971407,962.2755550398844
datamining,100,16,Resource Calendar 22496,3079.5823054703706,1001.2942823164725
datamining,100,16,Resource Calendar 22529,2547.160658451327,910.4251469017088
datamining,100,16,Resource Calendar 22533,3175.0753575824033,860.2440791518707
datamining,100,16,Resource Calendar 22534,2957.2329110334367,1206.1673194346245
datamining,100,16,Resource Calendar 22543,2103.0519180722636,562.3357782427756
datamining,100,16,Resource Calendar 22560,2527.068088361236,824.8970161300145
datamining,100,16,Resource Calendar 22592,2277.7271507228,784.4202268498474
datamining,100,16,Resource Calendar 22624,2545.699522076875,783.5656556399638
datamining,100,16,Resource Calendar 22736,2080.236340368868,785.0707797255045
datamining,100,16,Resource Calendar 2274,3124.955962359742,1276.0092662482245
datamining,100,16,Resource Calendar 22785,3324.8002973887073,1259.0538957387914
datamining,100,16,Resource Calendar 22795,3248.173947040035,1142.7721770111548
datamining,100,16,Resource Calendar 22829,2729.406928787342,1309.6590368720997
datamining,100,16,Resource Calendar 2292,3885.1055170600316,1774.71768858087
datamining,100,16,Resource Calendar 22940,2241.0392900440643,839.4947403494984
datamining,100,16,Resource Calendar 22950,2516.6904603224493,769.7239305652578
datamining,100,16,Resource Calendar 22962,2143.452296763538,750.9292257437528
datamining,100,16,Resource Calendar 23335,2905.3638695664904,1399.1494170902713
datamining,100,16,Resource Calendar 23530,3401.3104720133106,1325.6599784139396
datamining,100,16,Resource Calendar 23842,2688.0050949935326,1101.9623281405557
datamining,100,16,Resource Calendar 2391,2895.183312031065,1104.838259501068
datamining,100,16,Resource Calendar 23934,2204.2569433056424,878.2048995692204
datamining,100,16,Resource Calendar 23978,2698.501629734249,1098.340475911973
datamining,100,16,Resource Calendar 2408,2430.53007350845,1057.4729624809618
datamining,100,16,Resource Calendar 241,3101.95275817483,1210.2539832316515
datamining,100,16,Resource Calendar 2440,2549.0860347717503,656.2706695671919
datamining,100,16,Resource Calendar 24517,3398.1270566320077,884.2766504438518
datamining,100,16,Resource Calendar 24519,2467.750244345104,777.5527256357724
datamining,100,16,Resource Calendar 2453,3342.981711212645,1231.7353272375826
datamining,100,16,Resource Calendar 24536,3569.962539366734,970.6952114878139
datamining,100,16,Resource Calendar 24544,2736.6318583513266,1174.0220440603982
datamining,100,16,Resource Calendar 2463,3415.5545796969877,1523.4940887953562
datamining,100,16,Resource Calendar 2465,2856.731364670853,966.8576916529404
datamining,100,16,Resource Calendar 2506,2193.3500149672027,874.8114556328964
datamining,100,16,Resource Calendar 2512,3004.625651092447,1177.482449727529
datamining,100,16,Resource Calendar 25141,3254.463340382612,928.5096323096349
datamining,100,16,Resource Calendar 2541,2823.2980774261982,783.8403472630489
datamining,100,16,Resource Calendar 261,3382.925964062624,1143.4739413479178
datamining,100,16,Resource Calendar 26147,2248.602268895874,647.9461851789736
datamining,100,16,Resource Calendar 26248,3139.0962832473842,1037.8166788423966
datamining,100,16,Resource Calendar 26259,2633.8970235925813,1237.0844388543976
datamining,100,16,Resource Calendar 26271,4062.329214790058,1358.0506922887287
datamining,100,16,Resource Calendar 26298,2116.209415980314,1229.144903162756
datamining,100,16,Resource Calendar 26321,2784.289817482359,618.143469176886
datamining,100,16,Resource Calendar 26344,1529.0066521818792,684.1179688393407
datamining,100,16,Resource Calendar 26348,3031.0190433903035,993.9902764110536
datamining,100,16,Resource Calendar 26359,2737.5631185400985,838.6984951885584
datamining,100,16,Resource Calendar 2649,3449.917369798074,1254.6445393787305
datamining,100,16,Resource Calendar 26756,2606.932984727816,1190.93565519538
datamining,100,16,Resource Calendar 26757,3535.027094410649,1229.621365191281
datamining,100,16,Resource Calendar 26758,2809.3594933071504,1584.2428710065922
datamining,100,16,Resource Calendar 26759,3210.8435082548876,1534.0433197547286
datamining,100,16,Resource Calendar 26762,2233.3205999374486,1022.74555163959
datamining,100,16,Resource Calendar 26763,1932.0912635767584,621.6613274356589
datamining,100,16,Resource Calendar 26767,3310.1964331018885,1005.9204437037483
datamining,100,16,Resource Calendar 26772,2754.289446990979,1360.1564973823167
datamining,100,16,Resource Calendar 26780,2664.536635701188,986.0644716249279
datamining,100,16,Resource Calendar 26788,2942.641336303026,993.9339398524133
datamining,100,16,Resource Calendar 26789,3287.3710966944327,1163.5622306992182
datamining,100,16,Resource Calendar 26793,2408.682510459945,923.4796006414721
datamining,100,16,Resource Calendar 26796,2763.0670555959596,676.4911088490102
datamining,100,16,Resource Calendar 27293,2724.794471072031,1023.6318674724913
datamining,100,16,Resource Calendar 2735,2560.0930196621994,1047.0983843801464
datamining,100,16,Resource Calendar 2740,1912.807545595791,617.7825155331303
datamining,100,16,Resource Calendar 2804,3406.9754312509544,1173.3234743212665
datamining,100,16,Resource Calendar 2834,2433.890884667993,747.0152344422556
datamining,100,16,Resource Calendar 28881,4069.0285348583147,1697.8084318465337
datamining,100,16,Resource Calendar 2925,2910.9662107346508,805.0686535769927
datamining,100,16,Resource Calendar 29274,2955.482455824203,1180.607986376031
datamining,100,16,Resource Calendar 29276,2904.3846822082196,1473.9805714698086
datamining,100,16,Resource Calendar 29277,3261.5700957834424,964.3182075935763
datamining,100,16,Resource Calendar 29280,2915.802395435355,867.4424340650781
datamining,100,16,Resource Calendar 29281,3108.3424880775397,1075.9639608809389
datamining,100,16,Resource Calendar 294,2680.304920035678,1057.6263710469748
datamining,100,16,Resource Calendar 29577,1825.8400260996734,792.9596851702961
datamining,100,16,Resource Calendar 29578,2052.0121704252388,793.4814611810972
datamining,100,16,Resource Calendar 29579,3043.3287253172693,1517.3746338580413
datamining,100,16,Resource Calendar 2970,2362.55054992208,954.6910581848708
datamining,100,16,Resource Calendar 29704,3092.510354224784,1064.251152456109
datamining,100,16,Resource Calendar 2981,3179.42205760522,1093.8149577004558
datamining,100,16,Resource Calendar 3003,2317.2046836987674,872.952774846726
datamining,100,16,Resource Calendar 3019,3209.6798734447775,1011.2557215351368
datamining,100,16,Resource Calendar 305,4109.705996278517,1403.2158564544804
datamining,100,16,Resource Calendar 3057,2520.677547589006,1155.2448695897172
datamining,100,16,Resource Calendar 308,2883.668288419901,1075.203055148666
datamining,100,16,Resource Calendar 3108,2413.62815296878,700.6099522393766
datamining,100,16,Resource Calendar 3113,3163.5585067662246,1260.2667861818584
datamining,100,16,Resource Calendar 3149,2558.982466847077,1113.724156859774
datamining,100,16,Resource Calendar 3296,3056.3617855950242,933.5256107604772
datamining,100,16,Resource Calendar 3409,2362.658067713607,625.5483411379762
datamining,100,16,Resource Calendar 341,2356.229686858966,698.8085354874933
datamining,100,16,Resource Calendar 3421,2957.5792949421493,844.757962334947
datamining,100,16,Resource Calendar 3445,5089.86265478994,1386.918196986439
datamining,100,16,Resource Calendar 3480,2592.3418302683544,718.9396294467584
datamining,100,16,Resource Calendar 3502,2887.463547874816,1151.054240236625
datamining,100,16,Resource Calendar 3510,2182.1167648753094,966.5562497875624
datamining,100,16,Resource Calendar 3603,2669.9585560110972,1039.2846476468007
datamining,100,16,Resource Calendar 3656,2432.3859981881255,1023.3296174880771
datamining,100,16,Resource Calendar 369,2280.8904900465586,677.2647452331352
datamining,100,16,Resource Calendar 3695,3111.7001668740672,909.0018522501899
datamining,100,16,Resource Calendar 3703,2250.2308433690728,712.6451408902814
datamining,100,16,Resource Calendar 3729,2225.765818852778,683.0923823932009
datamining,100,16,Resource Calendar 3747,3716.5566512338833,1441.0511836685264
datamining,100,16,Resource Calendar 3796,3096.7531322537916,575.3863506868965
datamining,100,16,Resource Calendar 3815,2685.445703278635,1057.5907660400383
datamining,100,16,Resource Calendar 387,2269.7600380366207,1165.4933372168591
datamining,100,16,Resource Calendar 3917,2986.506811560097,882.5986517263898
datamining,100,16,Resource Calendar 3926,3291.2323219079253,748.5744175009601
datamining,100,16,Resource Calendar 397,2476.633454003825,881.8596428523929
datamining,100,16,Resource Calendar 4032,3429.0805269447114,1163.4141175871098
datamining,100,16,Resource Calendar 4067,2644.0171864635613,1066.5806138875907
datamining,100,16,Resource Calendar 410,2859.7756504068125,800.5284093619503
datamining,100,16,Resource Calendar 4126,2208.4417961305826,943.4823902409495
datamining,100,16,Resource Calendar 4130,3100.318054839457,1218.721846202822
datamining,100,16,Resource Calendar 4148,3596.897472474554,1140.3204556910803
datamining,100,16,Resource Calendar 436,3052.950131614052,891.4076166221605
datamining,100,16,Resource Calendar 4441,3018.8932757739467,827.1444960280821
datamining,100,16,Resource Calendar 4457,3419.6361142678365,770.0759302040169
datamining,100,16,Resource Calendar 448,2937.710345002373,1007.3745734162896
datamining,100,16,Resource Calendar 4560,2629.0648864923965,1026.451000737267
datamining,100,16,Resource Calendar 4701,3220.0890344869517,1073.560907612775
datamining,100,16,Resource Calendar 4708,3192.167938733446,993.4107033410679
datamining,100,16,Resource Calendar 4745,3250.430917163127,1378.3292272931383
datamining,100,16,Resource Calendar 4765,3591.197191448597,1422.0805988423117
datamining,100,16,Resource Calendar 4834,2222.271485879461,838.9405278220324
datamining,100,16,Resource Calendar 4840,2243.5121595384408,680.3325447085426
datamining,100,16,Resource Calendar 4867,2827.4789427917312,1056.5684077942826
datamining,100,16,Resource Calendar 49,2571.2062207971553,1260.5206085929337
datamining,100,16,Resource Calendar 4905,3687.024470856341,1078.3709963979047
datamining,100,16,Resource Calendar 4912,3273.896192225233,683.6288807779518
datamining,100,16,Resource Calendar 4913,2831.0231185393177,935.7093035142282
datamining,100,16,Resource Calendar 4918,2688.416853928772,1019.1757972988113
datamining,100,16,Resource Calendar 4924,2984.49072698197,794.7369454034501
datamining,100,16,Resource Calendar 5020,3024.9580024437487,1126.3690622261363
datamining,100,16,Resource Calendar 5028,3743.5306941667995,1176.1762968273638
datamining,100,16,Resource Calendar 5064,2619.848922305622,999.7044402973295
datamining,100,16,Resource Calendar 5151,3051.716871732466,1105.81276643587
datamining,100,16,Resource Calendar 5154,2742.4224311623975,1398.3266251412663
datamining,100,16,Resource Calendar 5183,2774.4739216173884,1255.4395614824848
datamining,100,16,Resource Calendar 5189,2784.10225186688,1020.1195447347209
datamining,100,16,Resource Calendar 5221,2990.3993814573855,979.1133722850163
datamining,100,16,Resource Calendar 5275,1930.3673111227847,1059.378116339277
datamining,100,16,Resource Calendar 528,2752.8411223442045,998.876227845419
datamining,100,16,Resource Calendar 5290,2263.5690099129324,964.1619555554389
datamining,100,16,Resource Calendar 5292,3366.4505523562398,1384.2781418764537
datamining,100,16,Resource Calendar 5330,3541.9209136971463,938.3543237383475
datamining,100,16,Resource Calendar 5396,3409.397644684211,1198.581791788199
datamining,100,16,Resource Calendar 5488,3128.5502714245863,1060.5988159969352
datamining,100,16,Resource Calendar 5506,2938.1829654146236,1239.9139289436744
datamining,100,16,Resource Calendar 5571,3318.026953045616,1179.1693683653236
datamining,100,16,Resource Calendar 5573,2814.0201535917427,739.1425091177929
datamining,100,16,Resource Calendar 5588,1979.9351752596585,591.5077246923078
datamining,100,16,Resource Calendar 559,3917.1287813663944,998.5878523495008
datamining,100,16,Resource Calendar 5593,2793.5899490857023,978.6117096293923
datamining,100,16,Resource Calendar 5613,2682.3902719313382,1002.0538748382583
datamining,100,16,Resource Calendar 5641,3718.4964485666806,959.654002611602
datamining,100,16,Resource Calendar 566,3195.2602115434793,1050.7389337489542
datamining,100,16,Resource Calendar 5667,2432.1271247950426,698.4874824510698
datamining,100,16,Resource Calendar 5668,2287.169986417809,1035.7169466308699
datamining,100,16,Resource Calendar 5714,2234.783534762752,728.2678644225879
datamining,100,16,Resource Calendar 5778,2342.701088552858,853.844992240659
datamining,100,16,Resource Calendar 5793,2924.4552775689986,862.6758575144639
datamining,100,16,Resource Calendar 5802,3744.480668219336,913.0976753605521
datamining,100,16,Resource Calendar 5858,2611.5782893754717,1025.107141677257
datamining,100,16,Resource Calendar 5883,2579.2257120591757,968.9509873458944
datamining,100,16,Resource Calendar 5972,3358.2954799347226,942.1517758915502
datamining,100,16,Resource Calendar 6004,2745.419158869733,1171.1620327693336
datamining,100,16,Resource Calendar 6039,2593.433993197344,609.4653752186557
datamining,100,16,Resource Calendar 6101,2935.4368329182885,749.1503481635087
datamining,100,16,Resource Calendar 6107,3515.4923680525403,1004.1237686396533
datamining,100,16,Resource Calendar 6159,2169.5349009310207,1066.0436532453405
datamining,100,16,Resource Calendar 6186,1945.4268286490246,591.0175083070375
datamining,100,16,Resource Calendar 6204,2409.2319982192657,509.2542242012436
datamining,100,16,Resource Calendar 6229,2663.230780580534,753.4432335495546
datamining,100,16,Resource Calendar 6231,3115.0592883380946,1025.5393598152975
datamining,100,16,Resource Calendar 6260,2947.2976647055384,990.4194579611298
datamining,100,16,Resource Calendar 6369,3566.095048930668,804.1702559452045
datamining,100,16,Resource Calendar 6400,2972.1258946878183,895.760798353604
datamining,100,16,Resource Calendar 6410,3130.860791004665,1581.322981784594
datamining,100,16,Resource Calendar 6426,2187.8716028305766,1095.2813221947274
datamining,100,16,Resource Calendar 6437,3817.1698815747186,806.9317203178862
datamining,100,16,Resource Calendar 6469,2479.0932451982862,962.8447704009908
datamining,100,16,Resource Calendar 6497,2576.3929853866803,910.3552755682674
datamining,100,16,Resource Calendar 6520,3824.589010173149,1419.3160216512088
datamining,100,16,Resource Calendar 6551,2595.464669356076,603.2919439439569
datamining,100,16,Resource Calendar 6572,3671.700965361148,1084.2739108556323
datamining,100,16,Resource Calendar 659,3270.5058504086264,1092.5994202231566
datamining,100,16,Resource Calendar 6598,2851.097027251981,1102.77217792785
datamining,100,16,Resource Calendar 6625,3172.6384677522187,914.5209648741312
datamining,100,16,Resource Calendar 6629,3547.6936730660905,1083.9692167597168
datamining,100,16,Resource Calendar 6639,2607.2629393874045,924.2086227349578
datamining,100,16,Resource Calendar 669,2738.865615920701,1195.003237171085
datamining,100,16,Resource Calendar 6694,1825.0604313779759,835.3027385906554
datamining,100,16,Resource Calendar 6723,2242.942671268478,714.909289294239
datamining,100,16,Resource Calendar 6767,2965.586656040575,1025.7538751871587
datamining,100,16,Resource Calendar 677,4098.386441288788,1257.9298515507837
datamining,100,16,Resource Calendar 6799,2241.2199635255183,1075.210518860513
datamining,100,16,Resource Calendar 6844,3918.7491552302627,1170.957770072474
datamining,100,16,Resource Calendar 6851,3375.847804252229,1039.4424182705634
datamining,100,16,Resource Calendar 6872,2315.7613986588635,890.0902748421628
datamining,100,16,Resource Calendar 6876,3733.0625297364777,1497.8378131808145
datamining,100,16,Resource Calendar 6889,3446.772715030733,798.7060111607369
datamining,100,16,Resource Calendar 6894,3331.1509919196787,1074.9139311789233
datamining,100,16,Resource Calendar 695,1913.841446340075,510.80793495511557
datamining,100,16,Resource Calendar 6952,3710.04200545149,1228.3809319608972
datamining,100,16,Resource Calendar 6954,3239.2255947728363,957.075152460812
datamining,100,16,Resource Calendar 6958,2705.057142379801,1041.6564894277299
datamining,100,16,Resource Calendar 6971,2824.4077129062493,972.6132925694271
datamining,100,16,Resource Calendar 6979,3147.975061018109,1202.5623237820341
datamining,100,16,Resource Calendar 6985,2375.998340159155,762.7979815522526
datamining,100,16,Resource Calendar 6987,3096.528305432803,884.5146781607086
datamining,100,16,Resource Calendar 6990,2831.121067586525,880.3706140518924
datamining,100,16,Resource Calendar 6995,2089.433307435705,889.4138162881508
datamining,100,16,Resource Calendar 7007,1655.2209131721188,592.10343824829
datamining,100,16,Resource Calendar 7010,2411.8150142405434,995.9972264044294
datamining,100,16,Resource Calendar 7019,4126.348229324155,1190.8661514406015
datamining,100,16,Resource Calendar 7039,1628.3351792204726,638.9268503856414
datamining,100,16,Resource Calendar 7071,3018.0727503501694,708.8489304970404
datamining,100,16,Resource Calendar 7080,2724.284578545833,1035.9425028763653
datamining,100,16,Resource Calendar 7088,2417.959615197038,881.1791361802393
datamining,100,16,Resource Calendar 7091,2694.2107290007484,709.1831361797404
datamining,100,16,Resource Calendar 7137,3558.25334421306,1364.921512736613
datamining,100,16,Resource Calendar 7143,2687.03862787891,585.0931767804555
datamining,100,16,Resource Calendar 7144,2759.277495177339,762.6072417470939
datamining,100,16,Resource Calendar 7147,2848.372864628879,796.5106115301629
datamining,100,16,Resource Calendar 716,2933.6990935431827,1093.2725965635225
datamining,100,16,Resource Calendar 7177,2514.1368807403587,981.3678927848201
datamining,100,16,Resource Calendar 7186,4372.0003132611455,1238.8885444784707
datamining,100,16,Resource Calendar 7297,3146.222300128869,900.3396195864906
datamining,100,16,Resource Calendar 7299,2832.264547329354,1324.0884975452036
datamining,100,16,Resource Calendar 7304,2683.7237333584503,753.6225161921664
datamining,100,16,Resource Calendar 7311,2602.8875056323736,918.3495758453427
datamining,100,16,Resource Calendar 7314,2576.392654853317,1065.5425652515173
datamining,100,16,Resource Calendar 7316,2570.4459948145873,985.2041439568244
datamining,100,16,Resource Calendar 7320,3063.086892975079,1039.3975548559895
datamining,100,16,Resource Calendar 7323,3049.829622404571,969.2285072866222
datamining,100,16,Resource Calendar 7324,3431.6829871495465,1537.679403498584
datamining,100,16,Resource Calendar 7331,2522.7259010212765,977.1402222205845
datamining,100,16,Resource Calendar 7355,3283.8708294120725,1332.5357164860452
datamining,100,16,Resource Calendar 7369,3378.8921140475813,1089.1983295298505
datamining,100,16,Resource Calendar 7374,3614.439000532842,1243.9707068910793
datamining,100,16,Resource Calendar 7387,2897.3267816552498,985.7202180303991
datamining,100,16,Resource Calendar 7389,1904.4096980185927,998.2788215142854
datamining,100,16,Resource Calendar 7394,2978.5862189017735,1065.4868120722824
datamining,100,16,Resource Calendar 7423,3323.605180615259,1056.15406646494
datamining,100,16,Resource Calendar 7490,2415.9258100891147,902.1001726220645
datamining,100,16,Resource Calendar 7492,2870.2848727310115,798.7991045652544
datamining,100,16,Resource Calendar 7518,2969.661080447968,763.7657718984684
datamining,100,16,Resource Calendar 754,3078.767573249121,1219.919220437925
datamining,100,16,Resource Calendar 7573,2419.2520132446284,862.6106978419741
datamining,100,16,Resource Calendar 7574,3178.881847608618,1109.8915848098509
datamining,100,16,Resource Calendar 7592,1987.5938338818137,997.7197726462695
datamining,100,16,Resource Calendar 7599,2533.366372464343,897.1688141542593
datamining,100,16,Resource Calendar 7611,3029.1116921043426,986.9046877725392
datamining,100,16,Resource Calendar 7628,2617.440909992441,906.8649922616879
datamining,100,16,Resource Calendar 7638,3111.3170854778346,1082.0290257785146
datamining,100,16,Resource Calendar 7641,2248.016402553606,1019.2634320052433
datamining,100,16,Resource Calendar 7650,2450.487913144343,803.592043816765
datamining,100,16,Resource Calendar 7660,4028.1136046747906,924.3135315952361
datamining,100,16,Resource Calendar 7664,2095.9071751511265,952.704736339407
datamining,100,16,Resource Calendar 7682,3253.68423076691,1140.4581827742315
datamining,100,16,Resource Calendar 7717,2774.107472993664,1136.3352465985636
datamining,100,16,Resource Calendar 7736,2678.4434728490337,1142.5002886620732
datamining,100,16,Resource Calendar 7763,2971.7269380883495,1298.3046681084656
datamining,100,16,Resource Calendar 7770,3089.1251627012603,1100.2047728877787
datamining,100,16,Resource Calendar 7775,3433.3281145707742,1168.0605999387647
datamining,100,16,Resource Calendar 7781,3181.150217340731,839.1459683023622
datamining,100,16,Resource Calendar 7783,4675.461752371357,1032.8662067938355
datamining,100,16,Resource Calendar 7819,3141.579927028294,845.5264183089232
datamining,100,16,Resource Calendar 7820,2123.0208161503956,749.8523822724046
datamining,100,16,Resource Calendar 7824,3905.8475866440403,938.6604971892175
datamining,100,16,Resource Calendar 7836,2788.131772803445,1240.6169911405711
datamining,100,16,Resource Calendar 7854,3227.5637311674354,970.2434539503549
datamining,100,16,Resource Calendar 7862,3010.7392200523586,1058.41532877392
datamining,100,16,Resource Calendar 7897,3309.951579327165,1487.9624543327748
datamining,100,16,Resource Calendar 7963,4087.893300719212,1476.6736054558837
datamining,100,16,Resource Calendar 8022,2748.8830537459585,882.6871127809995
datamining,100,16,Resource Calendar 8032,2309.0903857604344,924.577443831539
datamining,100,16,Resource Calendar 8033,3284.350700129153,1122.3205721277373
datamining,100,16,Resource Calendar 8064,3203.9086000133375,1308.8630213315669
datamining,100,16,Resource Calendar 8065,2838.5564668862357,1168.1313060683613
datamining,100,16,Resource Calendar 8112,3281.50586193553,1176.3482868990218
datamining,100,16,Resource Calendar 8121,3119.1291028765227,1424.364245886639
datamining,100,16,Resource Calendar 8139,3782.8102715751115,1264.9475392543438
datamining,100,16,Resource Calendar 8142,2700.274967776623,724.3547508704063
datamining,100,16,Resource Calendar 8147,2478.9292971566283,732.9445301906159
datamining,100,16,Resource Calendar 8160,2719.785420004816,1095.1212696192554
datamining,100,16,Resource Calendar 8164,2831.5046073961976,811.142242131816
datamining,100,16,Resource Calendar 8177,2900.2889102730446,587.8431177725207
datamining,100,16,Resource Calendar 8186,3363.0884985495954,1099.480064496014
datamining,100,16,Resource Calendar 8188,2870.4278233651835,862.4246549318798
datamining,100,16,Resource Calendar 8203,2504.149874047556,999.5635773459966
datamining,100,16,Resource Calendar 8213,3033.425442095052,773.3522244707721
datamining,100,16,Resource Calendar 8223,3384.237882450653,1544.643578147465
datamining,100,16,Resource Calendar 8225,2158.5848221140986,746.1673234541878
datamining,100,16,Resource Calendar 8248,3242.971791321607,1229.4655582693501
datamining,100,16,Resource Calendar 8263,2644.0267276328545,638.8027810376209
datamining,100,16,Resource Calendar 8268,3020.4456067109822,993.8429919068549
datamining,100,16,Resource Calendar 8365,2617.3014697399776,837.1803820592404
datamining,100,16,Resource Calendar 8371,3950.57960335929,1356.0775923850554
datamining,100,16,Resource Calendar 8382,2543.1044935507907,1199.8862920687386
datamining,100,16,Resource Calendar 8416,2882.889478598127,658.548889117951
datamining,100,16,Resource Calendar 8428,2450.31600553248,1092.2257003020168
datamining,100,16,Resource Calendar 8443,3499.378148906114,1133.5974863287618
datamining,100,16,Resource Calendar 8450,3304.4020790117543,1070.9073613314572
datamining,100,16,Resource Calendar 8455,3320.540112214839,1482.3452099883505
datamining,100,16,Resource Calendar 8461,3090.086095760884,852.6591212612252
datamining,100,16,Resource Calendar 8475,2175.242932142746,927.351379072008
datamining,100,16,Resource Calendar 8486,2154.8366893172806,967.7078998237845
datamining,100,16,Resource Calendar 8491,3527.4797792753334,1408.688587431079
datamining,100,16,Resource Calendar 8498,3146.370808921286,913.2759143218251
datamining,100,16,Resource Calendar 8525,1905.8473624201272,729.3290852522282
datamining,100,16,Resource Calendar 8528,3124.7486497882624,1063.420316132542
datamining,100,16,Resource Calendar 8532,3112.5425827976296,845.4483455681982
datamining,100,16,Resource Calendar 8536,3055.392627790143,1208.7211395747015
datamining,100,16,Resource Calendar 8556,2698.728897891103,630.8456150795978
datamining,100,16,Resource Calendar 8572,2868.320956752908,615.4235524293828
datamining,100,16,Resource Calendar 8587,2807.5475790906326,856.102070951772
datamining,100,16,Resource Calendar 8588,3431.8532317994413,1178.3783746324136
datamining,100,16,Resource Calendar 8614,2319.769002344947,849.9931689961235
datamining,100,16,Resource Calendar 8651,2195.329776531419,1132.0914249298182
datamining,100,16,Resource Calendar 8655,2963.729969508007,988.9391853204146
datamining,100,16,Resource Calendar 8661,2901.407220380655,982.8553485290171
datamining,100,16,Resource Calendar 8688,3052.4567145411193,1457.775450390118
datamining,100,16,Resource Calendar 8708,2744.035538921219,1141.1573630445487
datamining,100,16,Resource Calendar 8727,2122.6940582068896,811.5285769462969
datamining,100,16,Resource Calendar 8736,2604.9302102728625,948.6953923391112
datamining,100,16,Resource Calendar 8744,2586.246865935828,899.7690063196445
datamining,100,16,Resource Calendar 8749,2680.1786235192862,1023.6127703150876
datamining,100,16,Resource Calendar 8772,2673.8282469837914,908.1343805351671
datamining,100,16,Resource Calendar 8774,2940.3612283365237,1112.6023825421425
datamining,100,16,Resource Calendar 8786,2337.5520752514967,945.5601718359353
datamining,100,16,Resource Calendar 8797,3402.0918970173634,1119.618589719305
datamining,100,16,Resource Calendar 8813,2574.3642969423768,1052.8282294482865
datamining,100,16,Resource Calendar 8819,2526.525598625173,916.0787258447858
datamining,100,16,Resource Calendar 8824,3150.8093067190534,984.2338793025358
datamining,100,16,Resource Calendar 8854,3767.8458338567903,1374.746526671864
datamining,100,16,Resource Calendar 8856,2906.2605041810184,827.3112033046343
datamining,100,16,Resource Calendar 8882,3121.3051124221843,1104.5254438924444
datamining,100,16,Resource Calendar 8916,2890.3496098250043,1003.4142356708867
datamining,100,16,Resource Calendar 8955,2005.5107133427798,820.0449755046416
datamining,100,16,Resource Calendar 8973,3108.255833870701,1018.0062988814494
datamining,100,16,Resource Calendar 8995,2679.3308797649725,675.4816754629451
datamining,100,16,Resource Calendar 8997,2774.414339025116,989.6692122132017
datamining,100,16,Resource Calendar 9146,3035.240622914704,1254.0438527615233
datamining,100,16,Resource Calendar 9154,2882.673539343107,1124.4697054800913
datamining,100,16,Resource Calendar 9184,3768.275476565602,1030.0633647236482
datamining,100,16,Resource Calendar 9187,2800.8407172149905,956.7013027031016
datamining,100,16,Resource Calendar 920,2836.696205044922,1429.5255284983948
datamining,100,16,Resource Calendar 9249,2853.374812585587,1021.5636385386956
datamining,100,16,Resource Calendar 9298,3054.3062659832717,1164.2258177998658
datamining,100,16,Resource Calendar 9332,3609.1867523916753,824.7926174840906
datamining,100,16,Resource Calendar 9335,2105.3218705924855,1009.6901193920157
datamining,100,16,Resource Calendar 9336,2532.3984298045284,1165.0461035713415
datamining,100,16,Resource Calendar 9348,2205.5958770162365,675.9139162818694
datamining,100,16,Resource Calendar 9379,2132.4489681408977,998.7449799957694
datamining,100,16,Resource Calendar 9384,3221.1995017857857,828.1149201182719
datamining,100,16,Resource Calendar 9404,3385.4745718800923,1287.2715168602972
datamining,100,16,Resource Calendar 9420,3474.550064639398,1267.7218824191143
datamining,100,16,Resource Calendar 9427,3067.8302540047393,922.7337579475699
datamining,100,16,Resource Calendar 943,3001.285155133189,927.4131332799013
datamining,100,16,Resource Calendar 9433,2172.6839656647403,1262.9818126882017
datamining,100,16,Resource Calendar 9437,3383.2430289837193,957.0773831865284
datamining,100,16,Resource Calendar 9445,3622.1313717132675,982.9823831721828
datamining,100,16,Resource Calendar 9449,1622.0716628246043,596.8363839255477
datamining,100,16,Resource Calendar 9451,2458.3602583900547,1000.0954069722534
datamining,100,16,Resource Calendar 9452,2378.9381103826845,885.3854602059447
datamining,100,16,Resource Calendar 9477,2851.546939629871,1030.018921741029
datamining,100,16,Resource Calendar 9483,3436.207681836068,1068.0211142885585
datamining,100,16,Resource Calendar 9484,2713.973488269318,1173.3990993493396
datamining,100,16,Resource Calendar 9489,4224.3184337379325,1241.5510957333445
datamining,100,16,Resource Calendar 9509,3797.1191642893336,1386.479876998126
datamining,100,16,Resource Calendar 9519,3127.916233910607,1008.9103701843202
datamining,100,16,Resource Calendar 9531,3320.183738152464,1221.6629518538007
datamining,100,16,Resource Calendar 955,2349.6117386608817,816.4243514448304
datamining,100,16,Resource Calendar 957,3830.2888748640758,1134.9714109721515
datamining,100,16,Resource Calendar 9711,2911.3394461013377,1268.25663555286
datamining,100,16,Resource Calendar 9761,2606.28682097532,653.2608621250248
datamining,100,16,Resource Calendar 9872,3129.604406385533,1024.9213165204612
datamining,100,16,Resource Calendar 9886,2664.2162623292274,1278.4449013354595
datamining,100,16,Resource Calendar 9890,2692.2598121850656,753.0522462036503
datamining,100,16,Resource Calendar 9987,2945.3142119502295,985.5808333274192
datamining,100,16,Resource Calendar End,37392.396417197095,20372.740052747176
datamining,100,16,Resource Calendar Start,32173.805445331436,13381.533196072694
datamining,200,16,Resource Calendar 1,2520.107353781338,860.3775179589547
datamining,200,16,Resource Calendar 1007,4002.4205865155877,1066.9009268835882
datamining,200,16,Resource Calendar 10168,2848.2994193138497,844.0656293469339
datamining,200,16,Resource Calendar 10176,3673.4598163778596,915.0544842101637
datamining,200,16,Resource Calendar 10183,3161.9576697879347,1012.3094376775024
datamining,200,16,Resource Calendar 10228,3096.451204874805,741.9270397458077
datamining,200,16,Resource Calendar 10280,2563.843079711187,904.4525422195401
datamining,200,16,Resource Calendar 10296,2812.48034533045,979.4808447877123
datamining,200,16,Resource Calendar 10348,2723.243021475668,1074.5608175206771
datamining,200,16,Resource Calendar 10665,2136.035978355291,991.9154330794374
datamining,200,16,Resource Calendar 10716,2076.5975596173275,672.5293463248696
datamining,200,16,Resource Calendar 10726,3672.9026288893397,1062.078540400289
datamining,200,16,Resource Calendar 10742,2985.165137657981,1154.508749154119
datamining,200,16,Resource Calendar 10923,3117.8188747939967,809.5034707741216
datamining,200,16,Resource Calendar 10962,2947.2388343776556,800.2505596017172
datamining,200,16,Resource Calendar 10995,2453.0440801506056,1069.436255968641
datamining,200,16,Resource Calendar 11041,3526.946959237415,892.5145087815944
datamining,200,16,Resource Calendar 1113,2130.434627267469,667.6192306865814
datamining,200,16,Resource Calendar 11150,2763.118044267373,895.9466691839983
datamining,200,16,Resource Calendar 11159,3224.384357361201,1241.8417144301163
datamining,200,16,Resource Calendar 11174,3603.5054242193755,984.7672589494323
datamining,200,16,Resource Calendar 11175,3066.715501016633,1075.515800702755
datamining,200,16,Resource Calendar 11181,2412.181630950532,987.2912901736034
datamining,200,16,Resource Calendar 11197,2075.532597726872,745.3592832579944
datamining,200,16,Resource Calendar 11204,2908.023732993216,1006.1613803037188
datamining,200,16,Resource Calendar 11218,3129.944272537471,989.97712272059
datamining,200,16,Resource Calendar 11302,2229.0509142193546,854.80264264057
datamining,200,16,Resource Calendar 11314,2966.5158271808687,793.8475098684964
datamining,200,16,Resource Calendar 11327,3431.524193192754,1337.5625632138717
datamining,200,16,Resource Calendar 1134,2878.134918165682,1402.7355894161876
datamining,200,16,Resource Calendar 11342,3527.883487560879,983.7440423895353
datamining,200,16,Resource Calendar 11349,3306.901553749646,1023.8441313716892
datamining,200,16,Resource Calendar 11353,3338.2204845853475,1441.0115674127699
datamining,200,16,Resource Calendar 11387,2481.7664274385274,851.9117720434164
datamining,200,16,Resource Calendar 11393,2296.4841193388506,701.2973998310434
datamining,200,16,Resource Calendar 11395,2855.2833548799845,919.9895580531925
datamining,200,16,Resource Calendar 11415,3500.802016860292,1232.4033444234578
datamining,200,16,Resource Calendar 11469,3409.0415750221814,1313.5161748385435
datamining,200,16,Resource Calendar 11509,2969.944111372254,1147.93169290387
datamining,200,16,Resource Calendar 11515,2756.843940385694,930.2281862895625
datamining,200,16,Resource Calendar 11548,1780.6207178695452,776.916931338385
datamining,200,16,Resource Calendar 11557,2749.6942217202895,819.1021127707102
datamining,200,16,Resource Calendar 11568,2878.1984208168533,1096.490717467548
datamining,200,16,Resource Calendar 11571,2661.691574970719,825.3522537769469
datamining,200,16,Resource Calendar 11583,1970.1627295186183,653.4611395086459
datamining,200,16,Resource Calendar 11611,2955.3047711680756,1075.8542685052632
datamining,200,16,Resource Calendar 11613,2045.5728906082581,988.9640061183046
datamining,200,16,Resource Calendar 11614,2338.516570017249,931.0866226864912
datamining,200,16,Resource Calendar 11653,2708.0302578066894,676.2829441530171
datamining,200,16,Resource Calendar 11678,2364.9728130976264,697.7240288232387
datamining,200,16,Resource Calendar 11692,1849.839966175329,482.57171912171333
datamining,200,16,Resource Calendar 117,2998.733051810702,1063.389855847104
datamining,200,16,Resource Calendar 11706,2301.5101750038384,561.124438816774
datamining,200,16,Resource Calendar 11759,2595.3233246255118,1273.6644213297413
datamining,200,16,Resource Calendar 11760,2701.3518923363426,730.2147173247712
datamining,200,16,Resource Calendar 11772,2964.5597572629986,1071.0348216626048
datamining,200,16,Resource Calendar 11775,2079.376375844683,712.6048442493251
datamining,200,16,Resource Calendar 11799,3295.7300666989854,838.6333649816565
datamining,200,16,Resource Calendar 11805,2613.076326525728,896.7780340131702
datamining,200,16,Resource Calendar 11811,3469.869277800945,1345.5256475763538
datamining,200,16,Resource Calendar 11829,2758.526851795053,840.0669802027829
datamining,200,16,Resource Calendar 11854,3554.0436727043857,1261.0633542910136
datamining,200,16,Resource Calendar 11858,2937.7910696762656,1372.5544264513894
datamining,200,16,Resource Calendar 11861,3037.5608848772968,936.8545010058374
datamining,200,16,Resource Calendar 11959,2034.0412357097193,651.6262986925406
datamining,200,16,Resource Calendar 11961,2065.9858060496695,779.5590949705855
datamining,200,16,Resource Calendar 11973,2942.8742994241175,1231.9763282396343
datamining,200,16,Resource Calendar 11993,3007.2824281993994,799.7290456218448
datamining,200,16,Resource Calendar 12006,2199.2594390320783,1091.5278537996342
datamining,200,16,Resource Calendar 12062,2246.65649344233,1280.9969746845868
datamining,200,16,Resource Calendar 12093,2785.293286409839,1157.7653424861169
datamining,200,16,Resource Calendar 12129,2808.115357928046,1636.305521613097
datamining,200,16,Resource Calendar 12175,3164.208477569185,1358.7245110647957
datamining,200,16,Resource Calendar 12196,1904.9302771361513,579.2668910216005
datamining,200,16,Resource Calendar 12452,2821.2386156983575,1038.356238143012
datamining,200,16,Resource Calendar 12459,3176.2699985249646,1144.7869075093774
datamining,200,16,Resource Calendar 12521,2691.1616506454475,887.0990732484614
datamining,200,16,Resource Calendar 12532,3479.0427706002147,914.9522869589516
datamining,200,16,Resource Calendar 12535,3090.4654143225953,1290.1405831419704
datamining,200,16,Resource Calendar 12548,1714.1915744407377,752.3949522517224
datamining,200,16,Resource Calendar 12814,2641.115098672147,954.786043562683
datamining,200,16,Resource Calendar 12836,3237.9806457413697,1321.4001394804507
datamining,200,16,Resource Calendar 12915,3085.4827517614553,1042.6633604364308
datamining,200,16,Resource Calendar 12935,3429.7198572577263,1181.8019476489458
datamining,200,16,Resource Calendar 1295,2605.216705680153,1228.5302040085655
datamining,200,16,Resource Calendar 13014,2987.051403574836,917.7606276699428
datamining,200,16,Resource Calendar 1314,2502.624069694151,800.8341339436929
datamining,200,16,Resource Calendar 1343,3714.0634764979377,1088.1118168411904
datamining,200,16,Resource Calendar 13544,2791.702862518605,737.0349749354608
datamining,200,16,Resource Calendar 13559,2562.569078436512,879.8496694190267
datamining,200,16,Resource Calendar 13733,2633.7726578983224,749.6450064059756
datamining,200,16,Resource Calendar 1378,2155.9248801788,941.4947759281415
datamining,200,16,Resource Calendar 13803,2721.0613503877385,731.1875593543023
datamining,200,16,Resource Calendar 14126,2202.486729141298,689.7084238529338
datamining,200,16,Resource Calendar 14128,2234.8400704227183,776.9847485109375
datamining,200,16,Resource Calendar 1422,2229.2435776523994,1082.7555659259592
datamining,200,16,Resource Calendar 14440,2527.140554250191,991.6812301491794
datamining,200,16,Resource Calendar 1471,2708.6554270188817,910.2614303275099
datamining,200,16,Resource Calendar 15057,1802.47083875595,617.4418502518788
datamining,200,16,Resource Calendar 1515,2957.616970054242,998.709596162023
datamining,200,16,Resource Calendar 1524,2698.314654499779,816.0289369425864
datamining,200,16,Resource Calendar 15315,1982.9982234794445,696.7694527140432
datamining,200,16,Resource Calendar 15323,4098.95887734109,1290.4438679207929
datamining,200,16,Resource Calendar 15345,3340.3239507821318,934.6587516358411
datamining,200,16,Resource Calendar 15352,2383.9593086939053,836.9664240556805
datamining,200,16,Resource Calendar 15356,3209.796898853671,945.7114669999651
datamining,200,16,Resource Calendar 15370,3005.7928120224888,1237.2874919901094
datamining,200,16,Resource Calendar 15547,2724.908576161388,959.2754984260908
datamining,200,16,Resource Calendar 15612,3691.1301736697415,1038.9330185082138
datamining,200,16,Resource Calendar 157,2318.8735860618517,713.463939796048
datamining,200,16,Resource Calendar 15862,2749.9719318821376,982.4578557392274
datamining,200,16,Resource Calendar 15884,2284.6762904258444,633.387181441154
datamining,200,16,Resource Calendar 15930,3082.600889749341,893.3459813678733
datamining,200,16,Resource Calendar 15957,1982.835518138818,742.545703187446
datamining,200,16,Resource Calendar 16273,2710.252547456575,933.4686509944587
datamining,200,16,Resource Calendar 163,2646.0586346350706,1147.0179198116216
datamining,200,16,Resource Calendar 1646,2471.2616193849954,814.3922942408725
datamining,200,16,Resource Calendar 16695,2586.1307037303327,869.2228667819738
datamining,200,16,Resource Calendar 1684,2287.3467513378155,895.4316656688528
datamining,200,16,Resource Calendar 1707,2973.4184415164455,989.7101079867796
datamining,200,16,Resource Calendar 17296,3289.4491173876336,923.5445790073826
datamining,200,16,Resource Calendar 17379,3339.9957232563193,1168.4135690463943
datamining,200,16,Resource Calendar 17525,1797.7516261543467,625.5812955398146
datamining,200,16,Resource Calendar 17625,2528.444578733776,1053.240968682991
datamining,200,16,Resource Calendar 17642,2406.113380346321,1071.457530546041
datamining,200,16,Resource Calendar 17769,4004.7044871000767,1291.5677167804693
datamining,200,16,Resource Calendar 17807,2214.141716062996,1090.7949860200843
datamining,200,16,Resource Calendar 17872,2004.551604531807,642.0581275590374
datamining,200,16,Resource Calendar 1792,2126.7984719408073,622.1849712247289
datamining,200,16,Resource Calendar 1795,2907.157969702033,998.0729401231504
datamining,200,16,Resource Calendar 17965,3191.876980340791,1235.8977543715475
datamining,200,16,Resource Calendar 18289,2009.8737094807075,989.2266446757886
datamining,200,16,Resource Calendar 18317,2842.281006720268,849.0635531468417
datamining,200,16,Resource Calendar 18501,2396.0343147150497,829.4427055068223
datamining,200,16,Resource Calendar 186,2603.5828640977797,845.42292012213
datamining,200,16,Resource Calendar 1860,2254.8658867312292,973.0869314667704
datamining,200,16,Resource Calendar 18760,2555.010754759133,1101.914145803529
datamining,200,16,Resource Calendar 18929,2842.4367958967227,1031.7535186041669
datamining,200,16,Resource Calendar 18942,1742.641851746512,641.5694891224499
datamining,200,16,Resource Calendar 19019,3636.5459924373054,1083.7672574990638
datamining,200,16,Resource Calendar 1910,1776.2789433259727,530.4390771440321
datamining,200,16,Resource Calendar 19214,3595.5949204491,1188.0601469110882
datamining,200,16,Resource Calendar 19295,3375.3678230383143,974.8230497375566
datamining,200,16,Resource Calendar 19296,1985.6508607163264,703.5130059616874
datamining,200,16,Resource Calendar 1934,2057.3603836191496,656.1180158296182
datamining,200,16,Resource Calendar 19422,1822.934367081898,610.9870516298677
datamining,200,16,Resource Calendar 19531,2817.562192339243,910.2636839656482
datamining,200,16,Resource Calendar 19572,2471.755471869583,859.0915632574776
datamining,200,16,Resource Calendar 19582,2221.311981464648,775.5999065595661
datamining,200,16,Resource Calendar 1959,2886.774179441376,1029.8621584668106
datamining,200,16,Resource Calendar 19591,2505.9170711389347,879.7922693392328
datamining,200,16,Resource Calendar 19692,3762.2719567514014,1047.2488247514514
datamining,200,16,Resource Calendar 19746,3704.4901418935087,703.7619576275421
datamining,200,16,Resource Calendar 19811,2726.279383649747,648.8884619726355
datamining,200,16,Resource Calendar 19916,2597.6789948654555,847.3650438517959
datamining,200,16,Resource Calendar 1995,2361.3200781580176,831.8513654758952
datamining,200,16,Resource Calendar 20194,2633.1156662021176,880.451383084363
datamining,200,16,Resource Calendar 2045,2713.56393682785,1181.9283565853011
datamining,200,16,Resource Calendar 2091,2975.7130767793897,803.9965918664914
datamining,200,16,Resource Calendar 21188,2570.4040124153257,828.7792522024339
datamining,200,16,Resource Calendar 2133,2186.8778714462164,515.243040936294
datamining,200,16,Resource Calendar 2144,3431.5443763211147,1185.8163949982377
datamining,200,16,Resource Calendar 2150,1695.3156194050039,871.9192686864636
datamining,200,16,Resource Calendar 2154,3168.063536877668,1378.9264280702255
datamining,200,16,Resource Calendar 21562,3746.6304540461415,1349.1232261308112
datamining,200,16,Resource Calendar 22074,2866.292013612574,1128.1631639790005
datamining,200,16,Resource Calendar 22377,3193.4860113951286,1099.8227586016524
datamining,200,16,Resource Calendar 22404,3914.3892984792788,1223.5738602504234
datamining,200,16,Resource Calendar 22437,3054.8306924215926,1174.3095170999488
datamining,200,16,Resource Calendar 22438,2116.4237894072326,774.787416786655
datamining,200,16,Resource Calendar 22439,1885.5049400680434,890.0822352345217
datamining,200,16,Resource Calendar 22475,3033.8390191744447,1213.0117483654333
datamining,200,16,Resource Calendar 22476,2451.4722936455596,1066.240001052468
datamining,200,16,Resource Calendar 22478,1821.503992644324,619.3745361770766
datamining,200,16,Resource Calendar 22485,3082.2443830782686,717.6145533995461
datamining,200,16,Resource Calendar 22490,2766.289501401076,960.7633606967192
datamining,200,16,Resource Calendar 22491,2037.5376768967603,625.1181369262529
datamining,200,16,Resource Calendar 22496,3097.141870536068,954.3541597829492
datamining,200,16,Resource Calendar 22529,2299.0561379865726,823.3469966751425
datamining,200,16,Resource Calendar 22533,3727.2863928848806,1001.5101162426781
datamining,200,16,Resource Calendar 22534,2844.010806988966,1199.8092205550688
datamining,200,16,Resource Calendar 22543,2784.342178937538,678.4273583866898
datamining,200,16,Resource Calendar 22560,3075.2123111403735,1000.4112899940326
datamining,200,16,Resource Calendar 22592,2469.7500031125705,1060.8806013395943
datamining,200,16,Resource Calendar 22624,2798.058154487532,1031.2615419283763
datamining,200,16,Resource Calendar 22736,2094.152748794938,651.6688752255125
datamining,200,16,Resource Calendar 2274,2496.962337133118,757.2502404511672
datamining,200,16,Resource Calendar 22785,2888.2082788485395,875.9665379932211
datamining,200,16,Resource Calendar 22795,2888.151413715714,881.9142170217295
datamining,200,16,Resource Calendar 22829,2424.997569313143,929.1478808207007
datamining,200,16,Resource Calendar 2292,2528.09455870524,802.7117328116763
datamining,200,16,Resource Calendar 22940,2235.0375726136863,1189.895412480668
datamining,200,16,Resource Calendar 22950,2737.772807909957,983.1060989728543
datamining,200,16,Resource Calendar 22962,2846.3814739214713,1152.118458228521
datamining,200,16,Resource Calendar 23335,2368.235172310418,814.9560196532638
datamining,200,16,Resource Calendar 23530,3321.4314885757417,1223.59819739795
datamining,200,16,Resource Calendar 23842,2693.710025367833,781.7233789761395
datamining,200,16,Resource Calendar 2391,1690.8303514728595,743.3771744745934
datamining,200,16,Resource Calendar 23934,3000.4867619671495,1259.9965116138214
datamining,200,16,Resource Calendar 23978,2538.7535754783617,723.0063069669604
datamining,200,16,Resource Calendar 2408,3553.9109337448585,1395.5617601516642
datamining,200,16,Resource Calendar 241,3095.4839810456456,1696.067121138087
datamining,200,16,Resource Calendar 2440,2629.01194388699,624.3828707181411
datamining,200,16,Resource Calendar 24517,2345.8349457502604,965.6421581722633
datamining,200,16,Resource Calendar 24519,3806.0544637772036,1120.5465066296965
datamining,200,16,Resource Calendar 2453,2538.5345905480062,1473.3000025110334
datamining,200,16,Resource Calendar 24536,1749.2057411373512,727.3682619814679
datamining,200,16,Resource Calendar 24544,2475.307154164336,792.9854899599892
datamining,200,16,Resource Calendar 2463,2718.4587384780903,1141.8467670949137
datamining,200,16,Resource Calendar 2465,2008.608821761621,601.7313395818504
datamining,200,16,Resource Calendar 2506,2603.720502500464,774.4053200082066
datamining,200,16,Resource Calendar 2512,2629.586130054207,1269.998412117612
datamining,200,16,Resource Calendar 25141,2443.6634279929185,963.8329229954866
datamining,200,16,Resource Calendar 2541,2698.4102092824533,812.9759365167237
datamining,200,16,Resource Calendar 261,3381.4882705994783,977.9808184915189
datamining,200,16,Resource Calendar 26147,2982.630942059541,1157.7730963209442
datamining,200,16,Resource Calendar 26248,3573.101125338105,1251.3396802889508
datamining,200,16,Resource Calendar 26259,3063.0610795512102,935.3158651859977
datamining,200,16,Resource Calendar 26271,2200.695528164406,789.1923317192244
datamining,200,16,Resource Calendar 26298,2386.6308523304942,998.6971784688524
datamining,200,16,Resource Calendar 26321,3032.824253435574,1049.6715783633247
datamining,200,16,Resource Calendar 26344,2869.655458648316,917.6641220197524
datamining,200,16,Resource Calendar 26348,2812.684254464915,779.2952428729778
datamining,200,16,Resource Calendar 26359,2441.1992610756993,931.1509185805869
datamining,200,16,Resource Calendar 2649,3177.1503312425616,747.6107798349575
datamining,200,16,Resource Calendar 26756,3074.978130779585,1026.9228194140376
datamining,200,16,Resource Calendar 26757,2079.8478433757373,1034.9821186443364
datamining,200,16,Resource Calendar 26758,2768.9951561931653,1011.4275042283814
datamining,200,16,Resource Calendar 26759,3167.5154157532957,1024.136212256547
datamining,200,16,Resource Calendar 26762,2155.742167218856,671.4339898893013
datamining,200,16,Resource Calendar 26763,3397.270104326869,1176.0879301084658
datamining,200,16,Resource Calendar 26767,1676.397661020886,535.138047608131
datamining,200,16,Resource Calendar 26772,2174.3956504811563,781.0027431715797
datamining,200,16,Resource Calendar 26780,2995.2379222698896,1011.5988504320088
datamining,200,16,Resource Calendar 26788,2779.6378110053383,1028.9865349421777
datamining,200,16,Resource Calendar 26789,2759.2756350378845,1067.3065986135905
datamining,200,16,Resource Calendar 26793,3685.2467852069335,1304.344666314762
datamining,200,16,Resource Calendar 26796,2889.0812159887664,912.7305827944612
datamining,200,16,Resource Calendar 27293,3033.875620424157,1143.346875105836
datamining,200,16,Resource Calendar 2735,3268.038677994161,1000.3779150925452
datamining,200,16,Resource Calendar 2740,1975.6769934461379,592.4354071214666
datamining,200,16,Resource Calendar 2804,2611.1146232211377,610.8852974099681
datamining,200,16,Resource Calendar 2834,2201.843338729025,1152.889080047523
datamining,200,16,Resource Calendar 28881,3595.1761250795303,1300.6847673793839
datamining,200,16,Resource Calendar 2925,2571.620741543223,992.2729870250876
datamining,200,16,Resource Calendar 29274,2423.1987533510164,1117.1872117167352
datamining,200,16,Resource Calendar 29276,2001.167231017095,777.1888531388987
datamining,200,16,Resource Calendar 29277,2864.116323814906,1017.1304692514517
datamining,200,16,Resource Calendar 29280,1896.11469729276,513.0897309537563
datamining,200,16,Resource Calendar 29281,3374.370923525997,1189.2459849983638
datamining,200,16,Resource Calendar 294,2676.932026874644,1276.3842105659635
datamining,200,16,Resource Calendar 29577,2532.805098882436,1274.3608109226705
datamining,200,16,Resource Calendar 29578,2439.3510873891014,712.726314132864
datamining,200,16,Resource Calendar 29579,2752.87825060801,992.2447808470432
datamining,200,16,Resource Calendar 2970,2302.8622960933176,762.0201532658051
datamining,200,16,Resource Calendar 29704,2155.3061023146224,1406.1759663962948
datamining,200,16,Resource Calendar 2981,1965.5640098856265,983.2142668893658
datamining,200,16,Resource Calendar 3003,3229.065249136463,1031.843972940377
datamining,200,16,Resource Calendar 3019,1834.5996904041506,465.3583843047393
datamining,200,16,Resource Calendar 305,3116.3118190776486,1465.739500032562
datamining,200,16,Resource Calendar 3057,3225.6044093462397,983.9365014490766
datamining,200,16,Resource Calendar 308,2123.7666175754507,663.8713499541614
datamining,200,16,Resource Calendar 3108,2603.1417655369814,1317.2211933558704
datamining,200,16,Resource Calendar 3113,3307.9306107008565,1262.696362662547
datamining,200,16,Resource Calendar 3149,2732.9663631592794,904.7778550162219
datamining,200,16,Resource Calendar 3296,4297.56032252862,1661.6721307872003
datamining,200,16,Resource Calendar 3409,1647.6841217503531,429.9726282468398
datamining,200,16,Resource Calendar 341,2289.3351989239877,893.3660588626199
datamining,200,16,Resource Calendar 3421,2848.521266866543,1048.4022038365322
datamining,200,16,Resource Calendar 3445,2771.415049864876,862.1035741393719
datamining,200,16,Resource Calendar 3480,2475.2856837044446,807.984473017058
datamining,200,16,Resource Calendar 3502,3577.2851729793456,1119.780056151205
datamining,200,16,Resource Calendar 3510,2505.2837551209204,888.6319073080191
datamining,200,16,Resource Calendar 3603,2507.7971140757872,870.2605189667962
datamining,200,16,Resource Calendar 3656,1223.5369753257205,481.88084412315334
datamining,200,16,Resource Calendar 369,3496.0724272127873,1392.961949932799
datamining,200,16,Resource Calendar 3695,2587.9746971636637,1402.1125430724805
datamining,200,16,Resource Calendar 3703,2608.842613680172,1139.4106953697978
datamining,200,16,Resource Calendar 3729,1743.9381627459838,726.7279805446393
datamining,200,16,Resource Calendar 3747,2865.4080764625846,1325.9006318499605
datamining,200,16,Resource Calendar 3796,1781.1832604026283,678.7202934099438
datamining,200,16,Resource Calendar 3815,3733.357643971055,1176.4358433713435
datamining,200,16,Resource Calendar 387,2601.513332994725,874.3396296205852
datamining,200,16,Resource Calendar 3917,2674.795415886259,841.681694746051
datamining,200,16,Resource Calendar 3926,3557.8898973194828,848.5605340178212
datamining,200,16,Resource Calendar 397,2163.8502928057947,584.9751702545249
datamining,200,16,Resource Calendar 4032,2474.0861817150385,1105.3064816874955
datamining,200,16,Resource Calendar 4067,2664.5938437915265,821.4704125632454
datamining,200,16,Resource Calendar 410,2954.7555959776096,1039.2676062893802
datamining,200,16,Resource Calendar 4126,2201.737962092948,1020.306286437861
datamining,200,16,Resource Calendar 4130,2940.517071164441,885.0207798181368
datamining,200,16,Resource Calendar 4148,3528.5335599261725,1186.6160507130269
datamining,200,16,Resource Calendar 436,3496.0908895713355,996.4584430201121
datamining,200,16,Resource Calendar 4441,3566.136509840675,1237.2540870874943
datamining,200,16,Resource Calendar 4457,2696.2101123739862,879.789958880388
datamining,200,16,Resource Calendar 448,2472.3216676103552,1114.876475430242
datamining,200,16,Resource Calendar 4560,2196.2855319496766,905.8603930556776
datamining,200,16,Resource Calendar 4701,2347.8960984769465,630.4916086272625
datamining,200,16,Resource Calendar 4708,2284.5604588410665,971.99723912808
datamining,200,16,Resource Calendar 4745,2257.2872200118945,1082.121671940452
datamining,200,16,Resource Calendar 4765,1383.2989691106468,839.0154531712354
datamining,200,16,Resource Calendar 4834,2789.3247625789445,1276.2233762934732
datamining,200,16,Resource Calendar 4840,3019.300990979231,1132.3988358750287
datamining,200,16,Resource Calendar 4867,2720.9987998112288,652.4944712830167
datamining,200,16,Resource Calendar 49,2637.4067424337622,1125.9029764903228
datamining,200,16,Resource Calendar 4905,2956.7535862328136,912.9687032290789
datamining,200,16,Resource Calendar 4912,2363.186553391036,647.1904396433698
datamining,200,16,Resource Calendar 4913,2483.8232941978913,725.7720438920651
datamining,200,16,Resource Calendar 4918,3052.220610508439,1000.4306718677781
datamining,200,16,Resource Calendar 4924,3099.948937675399,651.376191089073
datamining,200,16,Resource Calendar 5020,3999.314016477373,1019.172835162269
datamining,200,16,Resource Calendar 5028,2802.3208917313095,909.8854284181758
datamining,200,16,Resource Calendar 5064,2824.8122242472796,1217.439034009377
datamining,200,16,Resource Calendar 5151,2256.102185619823,810.5637558040012
datamining,200,16,Resource Calendar 5154,2752.9410967803115,919.7377356351822
datamining,200,16,Resource Calendar 5183,3412.2280929579088,1157.4688906656584
datamining,200,16,Resource Calendar 5189,2315.5915607680195,744.193062606785
datamining,200,16,Resource Calendar 5221,1979.2578564172707,1012.3261290709484
datamining,200,16,Resource Calendar 5275,3088.161794863918,990.5323412149206
datamining,200,16,Resource Calendar 528,2608.250008868605,1208.7738802515676
datamining,200,16,Resource Calendar 5290,2443.1610019221507,1236.393817441853
datamining,200,16,Resource Calendar 5292,2484.691837537205,1655.0628063849965
datamining,200,16,Resource Calendar 5330,2732.195399450405,1150.4685222423698
datamining,200,16,Resource Calendar 5396,2501.8582746234097,1547.8260731479563
datamining,200,16,Resource Calendar 5488,2438.636686596698,954.6197149488266
datamining,200,16,Resource Calendar 5506,3616.6929467560412,950.2255863045193
datamining,200,16,Resource Calendar 5571,2914.05785363055,1104.1776656685704
datamining,200,16,Resource Calendar 5573,3063.056064073483,1360.784204632055
datamining,200,16,Resource Calendar 5588,2642.373244737843,1009.2331488220868
datamining,200,16,Resource Calendar 559,3020.848866245872,1293.9600206479
datamining,200,16,Resource Calendar 5593,2737.3283653582926,523.8571219521303
datamining,200,16,Resource Calendar 5613,2057.629026123362,607.6016164121124
datamining,200,16,Resource Calendar 5641,2305.8973921315405,829.5302398647025
datamining,200,16,Resource Calendar 566,2855.7867766553595,795.5484086386828
datamining,200,16,Resource Calendar 5667,2849.8081873756746,1161.5749911680557
datamining,200,16,Resource Calendar 5668,2629.4332172873515,737.1109164446422
datamining,200,16,Resource Calendar 5714,2567.6122881916467,840.684636297258
datamining,200,16,Resource Calendar 5778,2580.1829312255604,1052.6304264509001
datamining,200,16,Resource Calendar 5793,3653.169336270133,1316.7192707836518
datamining,200,16,Resource Calendar 5802,2655.393480859614,1209.987551391761
datamining,200,16,Resource Calendar 5858,2331.711068889515,792.12454880238
datamining,200,16,Resource Calendar 5883,3329.1271741808373,1207.9200107143824
datamining,200,16,Resource Calendar 5972,2319.651250718492,977.4194791081525
datamining,200,16,Resource Calendar 6004,3477.6989731376248,1420.2082453269643
datamining,200,16,Resource Calendar 6039,3350.939344864195,919.1252727332543
datamining,200,16,Resource Calendar 6101,2306.216010535354,1063.101526052946
datamining,200,16,Resource Calendar 6107,3091.174418979773,1102.3985703808337
datamining,200,16,Resource Calendar 6159,3075.9559925401118,1005.6038858631798
datamining,200,16,Resource Calendar 6186,2792.2732263522594,882.0253354615816
datamining,200,16,Resource Calendar 6204,3428.5435934463776,1276.678668314501
datamining,200,16,Resource Calendar 6229,2330.057894070578,811.6065735693745
datamining,200,16,Resource Calendar 6231,3042.314739897796,1159.8306755652127
datamining,200,16,Resource Calendar 6260,1804.3339251647224,496.8998159802248
datamining,200,16,Resource Calendar 6369,2861.3840469765305,1082.8593304242045
datamining,200,16,Resource Calendar 6400,2534.6883042323775,842.9260674499491
datamining,200,16,Resource Calendar 6410,3337.4417776433133,1176.0124238013066
datamining,200,16,Resource Calendar 6426,2749.0740609939803,1046.1149897406037
datamining,200,16,Resource Calendar 6437,2486.2741970367215,1081.8037396115576
datamining,200,16,Resource Calendar 6469,2490.2606700168294,804.2494513778925
datamining,200,16,Resource Calendar 6497,2472.2104707978933,682.4407426295745
datamining,200,16,Resource Calendar 6520,3061.9004423622578,1173.5201925876775
datamining,200,16,Resource Calendar 6551,2913.6948090615992,1168.2835152045323
datamining,200,16,Resource Calendar 6572,3078.197762149933,1052.2266159397811
datamining,200,16,Resource Calendar 659,4114.440359965777,987.2313567322241
datamining,200,16,Resource Calendar 6598,3022.2343222055165,782.356571682008
datamining,200,16,Resource Calendar 6625,2702.3885000271216,799.1493003144142
datamining,200,16,Resource Calendar 6629,2483.0540195057774,823.1762254875678
datamining,200,16,Resource Calendar 6639,2839.3515219090787,878.9901401038361
datamining,200,16,Resource Calendar 669,3192.857290281457,1085.8560305329547
datamining,200,16,Resource Calendar 6694,2956.6264044601066,1234.4760271656169
datamining,200,16,Resource Calendar 6723,2692.9436257368166,867.3854648927886
datamining,200,16,Resource Calendar 6767,3231.028362343371,1189.095120489492
datamining,200,16,Resource Calendar 677,2835.8691393156305,1255.962073601492
datamining,200,16,Resource Calendar 6799,2779.4521921849023,1143.8281770691308
datamining,200,16,Resource Calendar 6844,2855.6902842797385,1235.098581765871
datamining,200,16,Resource Calendar 6851,3434.0976539482685,1397.5157989255026
datamining,200,16,Resource Calendar 6872,3354.99662959659,1283.4876040273682
datamining,200,16,Resource Calendar 6876,1401.3405049393925,844.3979697725633
datamining,200,16,Resource Calendar 6889,3049.135269697238,1118.767589581323
datamining,200,16,Resource Calendar 6894,2866.864347275575,1203.8882701055988
datamining,200,16,Resource Calendar 695,3467.3350785796783,1430.0350303238388
datamining,200,16,Resource Calendar 6952,2881.212862999537,612.5893537742259
datamining,200,16,Resource Calendar 6954,2506.8438428633517,754.944986303315
datamining,200,16,Resource Calendar 6958,2847.4001586148734,808.2214883466198
datamining,200,16,Resource Calendar 6971,2347.2181614304586,798.374283609477
datamining,200,16,Resource Calendar 6979,2623.66995962354,741.2986844465507
datamining,200,16,Resource Calendar 6985,3235.5581611508896,1210.6919320156958
datamining,200,16,Resource Calendar 6987,2257.063013514456,1120.8350783899116
datamining,200,16,Resource Calendar 6990,2026.996571882225,813.2792650604732
datamining,200,16,Resource Calendar 6995,2771.237144415251,1151.6451849327918
datamining,200,16,Resource Calendar 7007,2138.855813884175,879.1212204193464
datamining,200,16,Resource Calendar 7010,1998.8286029447136,656.0395894486637
datamining,200,16,Resource Calendar 7019,1817.353666912659,668.1770742867601
datamining,200,16,Resource Calendar 7039,1770.8468081690478,689.2136851769571
datamining,200,16,Resource Calendar 7071,2187.7375624493684,846.3659944615999
datamining,200,16,Resource Calendar 7080,2674.616985352444,1093.0073994555607
datamining,200,16,Resource Calendar 7088,2530.7937328101493,1120.2006942276266
datamining,200,16,Resource Calendar 7091,2066.790406232094,880.920678004761
datamining,200,16,Resource Calendar 7137,3228.691813357722,1041.6943254806172
datamining,200,16,Resource Calendar 7143,3644.984948174733,1561.9954348379408
datamining,200,16,Resource Calendar 7144,2447.2274710133056,974.8304322673747
datamining,200,16,Resource Calendar 7147,2023.0090346222794,580.064844583536
datamining,200,16,Resource Calendar 716,3287.816295205254,1120.9563749422894
datamining,200,16,Resource Calendar 7177,2676.363303482206,1163.1037381351457
datamining,200,16,Resource Calendar 7186,2846.9892664361123,979.1066750275613
datamining,200,16,Resource Calendar 7297,2975.749516974762,1460.2470760469093
datamining,200,16,Resource Calendar 7299,3511.722980893986,906.9772573094945
datamining,200,16,Resource Calendar 7304,2163.0527914128984,819.8055694996485
datamining,200,16,Resource Calendar 7311,2382.559959928094,1022.0377024160845
datamining,200,16,Resource Calendar 7314,3942.0255719415673,1187.3786742126638
datamining,200,16,Resource Calendar 7316,3123.8079972262467,810.7897578965544
datamining,200,16,Resource Calendar 7320,2717.6269163239613,812.9662671328057
datamining,200,16,Resource Calendar 7323,3305.7568645355395,914.1692385194771
datamining,200,16,Resource Calendar 7324,2901.6529083875807,1306.7700040061402
datamining,200,16,Resource Calendar 7331,3091.676429700965,1192.0936180061392
datamining,200,16,Resource Calendar 7355,2217.0689967736475,748.9122443598135
datamining,200,16,Resource Calendar 7369,2881.9421875965263,1074.611482469166
datamining,200,16,Resource Calendar 7374,1432.3806905992021,729.1451606520382
datamining,200,16,Resource Calendar 7387,2950.581196004744,1227.1059848897994
datamining,200,16,Resource Calendar 7389,3506.6111618319123,910.2081512996944
datamining,200,16,Resource Calendar 7394,2864.7522990196167,1751.1943659799608
datamining,200,16,Resource Calendar 7423,3102.117409820822,1111.8927127480615
datamining,200,16,Resource Calendar 7490,2444.0944524620836,1045.3416508308105
datamining,200,16,Resource Calendar 7492,2375.1378156331066,1087.9074879424595
datamining,200,16,Resource Calendar 7518,1689.6711226197053,732.0699884386695
datamining,200,16,Resource Calendar 754,3723.7034715731484,1197.357522479222
datamining,200,16,Resource Calendar 7573,2878.741594082803,578.523868802018
datamining,200,16,Resource Calendar 7574,3393.684053523848,1203.158430404704
datamining,200,16,Resource Calendar 7592,2457.498451178975,750.0069988161439
datamining,200,16,Resource Calendar 7599,3133.651486819963,1047.7496002605524
datamining,200,16,Resource Calendar 7611,2899.8300468383363,869.6867769740007
datamining,200,16,Resource Calendar 7628,2478.731374156193,905.7701230975395
datamining,200,16,Resource Calendar 7638,3107.239581095767,984.0033921838623
datamining,200,16,Resource Calendar 7641,2676.7918413254456,971.041980926907
datamining,200,16,Resource Calendar 7650,2856.6343341815264,1517.280852162263
datamining,200,16,Resource Calendar 7660,2511.4868148586716,1015.7868952406279
datamining,200,16,Resource Calendar 7664,2937.727369731053,639.6861492620145
datamining,200,16,Resource Calendar 7682,2318.2367248449586,1042.867934887602
datamining,200,16,Resource Calendar 7717,2304.2256712146414,868.667548095718
datamining,200,16,Resource Calendar 7736,3026.2143966495964,1011.3828586208458
datamining,200,16,Resource Calendar 7763,2083.335637021413,666.0430515216314
datamining,200,16,Resource Calendar 7770,3155.022727897725,1278.2505813608534
datamining,200,16,Resource Calendar 7775,3025.6204120310963,724.8630500940737
datamining,200,16,Resource Calendar 7781,2103.1954558902326,815.4267963302383
datamining,200,16,Resource Calendar 7783,2777.676301724178,971.8362294825401
datamining,200,16,Resource Calendar 7819,2612.4681680069593,865.0275452175915
datamining,200,16,Resource Calendar 7820,3223.8139600708873,1252.952484908023
datamining,200,16,Resource Calendar 7824,2381.872414246706,716.72630241384
datamining,200,16,Resource Calendar 7836,2823.3144746094913,818.049006659633
datamining,200,16,Resource Calendar 7854,2454.9857594656837,823.2594367923957
datamining,200,16,Resource Calendar 7862,2817.809534558956,634.3963530489866
datamining,200,16,Resource Calendar 7897,2549.476174369914,1441.745518736206
datamining,200,16,Resource Calendar 7963,3420.0590303080085,1070.3335555231254
datamining,200,16,Resource Calendar 8022,2217.6009410272613,902.6451951150985
datamining,200,16,Resource Calendar 8032,2330.567899447994,742.1173132682808
datamining,200,16,Resource Calendar 8033,3778.5820326411886,1065.0831070391341
datamining,200,16,Resource Calendar 8064,2342.156670130074,772.7696893921059
datamining,200,16,Resource Calendar 8065,1937.4977613422768,701.1321583064612
datamining,200,16,Resource Calendar 8112,2640.408577779881,1181.6067383595714
datamining,200,16,Resource Calendar 8121,2512.59022974116,1253.652483318651
datamining,200,16,Resource Calendar 8139,2769.177933722404,1036.3073734653344
datamining,200,16,Resource Calendar 8142,2031.6410026965273,861.5472437852185
datamining,200,16,Resource Calendar 8147,2296.740763518877,738.3018591258425
datamining,200,16,Resource Calendar 8160,2601.4496827262037,1276.9208762737094
datamining,200,16,Resource Calendar 8164,2790.238921339839,1046.2130712325793
datamining,200,16,Resource Calendar 8177,2566.0387527056755,759.1801088022247
datamining,200,16,Resource Calendar 8186,3344.3112059028686,881.3163660055184
datamining,200,16,Resource Calendar 8188,2589.815907015706,805.4247111993141
datamining,200,16,Resource Calendar 8203,2843.171638138189,1083.8942498291538
datamining,200,16,Resource Calendar 8213,2675.7739648056277,817.6886077030658
datamining,200,16,Resource Calendar 8223,3484.5247206640065,1541.6557184319004
datamining,200,16,Resource Calendar 8225,1731.8416434098647,641.513572633019
datamining,200,16,Resource Calendar 8248,2760.283430358765,1082.5515970765905
datamining,200,16,Resource Calendar 8263,3224.81968117324,1168.0605772649633
datamining,200,16,Resource Calendar 8268,3154.1650072114317,1117.043720829858
datamining,200,16,Resource Calendar 8365,3132.593422296332,1360.543010651285
datamining,200,16,Resource Calendar 8371,3067.9939260008696,1230.4585723208538
datamining,200,16,Resource Calendar 8382,2376.96978293526,719.9512738181658
datamining,200,16,Resource Calendar 8416,2377.029649987471,955.3451753789717
datamining,200,16,Resource Calendar 8428,3241.613039161168,1272.9548774694813
datamining,200,16,Resource Calendar 8443,3075.625581786032,976.8228501142034
datamining,200,16,Resource Calendar 8450,2479.053166334852,641.4718706171935
datamining,200,16,Resource Calendar 8455,2072.61891522352,848.2262480408506
datamining,200,16,Resource Calendar 8461,2797.4350175548625,998.5155301576979
datamining,200,16,Resource Calendar 8475,2709.2292415268494,618.7065489580488
datamining,200,16,Resource Calendar 8486,3362.5790436431357,1196.3779333670475
datamining,200,16,Resource Calendar 8491,2922.128141454763,712.6094065029464
datamining,200,16,Resource Calendar 8498,2092.2040174594526,769.7122425981139
datamining,200,16,Resource Calendar 8525,2106.1473241679655,1037.8505711254627
datamining,200,16,Resource Calendar 8528,2731.7622203435017,1218.9958443235125
datamining,200,16,Resource Calendar 8532,1746.131262199418,680.5518925005907
datamining,200,16,Resource Calendar 8536,2275.751824951315,956.2808623344465
datamining,200,16,Resource Calendar 8556,2614.237104604818,919.4304602094138
datamining,200,16,Resource Calendar 8572,4309.48088095545,1461.6872952567162
datamining,200,16,Resource Calendar 8587,2373.8455336341153,785.9296788793145
datamining,200,16,Resource Calendar 8588,2950.709473867116,924.3038870179514
datamining,200,16,Resource Calendar 8614,2778.356113368242,711.2013268239216
datamining,200,16,Resource Calendar 8651,3533.124091651919,1434.0926175496302
datamining,200,16,Resource Calendar 8655,2724.3209181174952,755.8214325959879
datamining,200,16,Resource Calendar 8661,2711.996473725618,891.0696746172301
datamining,200,16,Resource Calendar 8688,3242.333090422253,1348.5690881159446
datamining,200,16,Resource Calendar 8708,2578.861185253421,905.7314599125874
datamining,200,16,Resource Calendar 8727,2782.4582639858063,854.5199499526269
datamining,200,16,Resource Calendar 8736,2086.453444798026,917.1678407975854
datamining,200,16,Resource Calendar 8744,2744.9265575785594,883.1741462187481
datamining,200,16,Resource Calendar 8749,2622.4473608598573,1423.9535467525486
datamining,200,16,Resource Calendar 8772,2291.2382607646064,650.5259660091015
datamining,200,16,Resource Calendar 8774,2162.2228302297967,1055.170463632649
datamining,200,16,Resource Calendar 8786,2094.007263777927,738.1643733350629
datamining,200,16,Resource Calendar 8797,3432.559068997471,1324.5253687194993
datamining,200,16,Resource Calendar 8813,2868.703591040658,1004.1174392396937
datamining,200,16,Resource Calendar 8819,2385.7250914672995,1354.9572383863792
datamining,200,16,Resource Calendar 8824,2566.5742407352054,968.1142065199219
datamining,200,16,Resource Calendar 8854,3032.679688150975,894.5370899803982
datamining,200,16,Resource Calendar 8856,2559.468192351166,995.3528322445553
datamining,200,16,Resource Calendar 8882,2864.578513865863,766.0191391659728
datamining,200,16,Resource Calendar 8916,2123.8702520778984,596.4759546302372
datamining,200,16,Resource Calendar 8955,2419.324739808693,916.5268124268853
datamining,200,16,Resource Calendar 8973,2117.6533098362293,829.606271549014
datamining,200,16,Resource Calendar 8995,2864.5063948681977,1224.1041454006738
datamining,200,16,Resource Calendar 8997,2959.923891449356,909.0742358959438
datamining,200,16,Resource Calendar 9146,3308.0492144848267,889.5626752364877
datamining,200,16,Resource Calendar 9154,2964.280138295769,883.7539339294249
datamining,200,16,Resource Calendar 9184,2139.3509944889684,1024.8884060596129
datamining,200,16,Resource Calendar 9187,2899.0677613552934,680.0365733093982
datamining,200,16,Resource Calendar 920,2459.075641334803,855.3968026921392
datamining,200,16,Resource Calendar 9249,2835.9030623645567,974.6034680906461
datamining,200,16,Resource Calendar 9298,1980.6405685603481,566.9482710819887
datamining,200,16,Resource Calendar 9332,2753.0445001960593,920.5701059193827
datamining,200,16,Resource Calendar 9335,3112.181512348258,902.5630974055105
datamining,200,16,Resource Calendar 9336,2679.6204496850382,1243.7730813085655
datamining,200,16,Resource Calendar 9348,2022.1671326762346,676.9256995981785
datamining,200,16,Resource Calendar 9379,1679.1306237407357,558.4083415364153
datamining,200,16,Resource Calendar 9384,3040.2493522428626,1296.8496271079355
datamining,200,16,Resource Calendar 9404,1921.5832478216696,810.0046605953856
datamining,200,16,Resource Calendar 9420,2558.1194319242577,858.0653452932331
datamining,200,16,Resource Calendar 9427,2310.9654351190816,746.1092309466001
datamining,200,16,Resource Calendar 943,3216.035434121844,1128.4232031143436
datamining,200,16,Resource Calendar 9433,2998.951168513462,1210.4238355094544
datamining,200,16,Resource Calendar 9437,2968.8084629672844,1161.3304040931464
datamining,200,16,Resource Calendar 9445,2542.2408304284786,1239.6626249454162
datamining,200,16,Resource Calendar 9449,3274.7662219352387,1557.6678387260934
datamining,200,16,Resource Calendar 9451,2359.2433791610374,899.3759168533352
datamining,200,16,Resource Calendar 9452,2377.6167220868924,962.0669097100673
datamining,200,16,Resource Calendar 9477,2696.3182611097,1109.8015529218778
datamining,200,16,Resource Calendar 9483,2742.2907906811306,1044.593099928186
datamining,200,16,Resource Calendar 9484,2677.482160171527,642.5461853778605
datamining,200,16,Resource Calendar 9489,2803.63565095373,1013.4681219882165
datamining,200,16,Resource Calendar 9509,2157.5947165469975,633.1682757775413
datamining,200,16,Resource Calendar 9519,3512.007949388302,1347.1909057113191
datamining,200,16,Resource Calendar 9531,3283.4389494224524,1044.2237528798116
datamining,200,16,Resource Calendar 955,2871.953836110412,1266.489094314355
datamining,200,16,Resource Calendar 957,3463.009261258879,1239.0218550442216
datamining,200,16,Resource Calendar 9711,4167.797058775404,1062.9800756488976
datamining,200,16,Resource Calendar 9761,1555.6220272688552,690.653789083811
datamining,200,16,Resource Calendar 9872,1786.926918953468,707.0141754365214
datamining,200,16,Resource Calendar 9886,2346.9123786272726,715.850993284164
datamining,200,16,Resource Calendar 9890,2824.6000773205137,1166.0270877322191
datamining,200,16,Resource Calendar 9987,1495.645832402758,518.1691853268544
datamining,200,16,Resource Calendar End,41957.491671383425,22980.433733488062
datamining,200,16,Resource Calendar Start,28865.513732861433,15531.192937466252
datamining,300,16,Resource Calendar 1,3154.679972030526,1062.3315391100014
datamining,300,16,Resource Calendar 1007,3346.690909849597,1164.987092731005
datamining,300,16,Resource Calendar 10168,2616.0836147317996,1118.814772663068
datamining,300,16,Resource Calendar 10176,2640.815259973418,854.1153518735013
datamining,300,16,Resource Calendar 10183,2361.8468151138377,792.4436954766641
datamining,300,16,Resource Calendar 10228,2738.8158285844197,838.5496440776428
datamining,300,16,Resource Calendar 10280,2632.7385410137567,1150.467576745864
datamining,300,16,Resource Calendar 10296,2278.710463182585,815.1380282666668
datamining,300,16,Resource Calendar 10348,3160.7715328999684,1076.4591118523535
datamining,300,16,Resource Calendar 10665,2542.6300855297086,504.70774490834975
datamining,300,16,Resource Calendar 10716,1492.3271076615556,741.3584748704524
datamining,300,16,Resource Calendar 10726,2045.2340619856268,526.6896137128684
datamining,300,16,Resource Calendar 10742,2489.379003638797,1107.905391999352
datamining,300,16,Resource Calendar 10923,1845.9379906468441,794.3944227068724
datamining,300,16,Resource Calendar 10962,2184.1541073330245,926.0046255285398
datamining,300,16,Resource Calendar 10995,2890.3411744297896,854.833784915655
datamining,300,16,Resource Calendar 11041,3375.027690818412,793.0255458547205
datamining,300,16,Resource Calendar 1113,3144.850135679808,1074.2029517135993
datamining,300,16,Resource Calendar 11150,3643.054781957581,1145.2640867300531
datamining,300,16,Resource Calendar 11159,2909.706988459836,877.2575357671475
datamining,300,16,Resource Calendar 11174,2525.472166013106,808.7842533622646
datamining,300,16,Resource Calendar 11175,2677.2384542841887,1009.4900578488655
datamining,300,16,Resource Calendar 11181,2554.4119388063186,1021.9081327373498
datamining,300,16,Resource Calendar 11197,3455.865735402403,1432.6138996856525
datamining,300,16,Resource Calendar 11204,2279.218998229759,813.127859494075
datamining,300,16,Resource Calendar 11218,2383.892019037885,793.5120891032681
datamining,300,16,Resource Calendar 11302,2939.912003535785,787.7029212804754
datamining,300,16,Resource Calendar 11314,2369.1981625214516,771.9594185820293
datamining,300,16,Resource Calendar 11327,3232.35891024777,742.6691216860332
datamining,300,16,Resource Calendar 1134,2740.436873835797,893.1697528280073
datamining,300,16,Resource Calendar 11342,3635.753744697004,1316.146437776023
datamining,300,16,Resource Calendar 11349,1943.922530934994,637.0101754909492
datamining,300,16,Resource Calendar 11353,2453.334358491011,604.2854313541541
datamining,300,16,Resource Calendar 11387,3195.014085517651,1080.562146074387
datamining,300,16,Resource Calendar 11393,2466.413513918157,871.1631751440055
datamining,300,16,Resource Calendar 11395,2870.730414948324,805.2463332817207
datamining,300,16,Resource Calendar 11415,2073.9989089169685,695.8926001658981
datamining,300,16,Resource Calendar 11469,2862.8022351310574,815.4309964019061
datamining,300,16,Resource Calendar 11509,3383.225065150118,835.085728893166
datamining,300,16,Resource Calendar 11515,2145.54052000172,682.0330407618184
datamining,300,16,Resource Calendar 11548,2484.566512558604,1032.6882352757536
datamining,300,16,Resource Calendar 11557,2490.2907263126995,889.8538583746375
datamining,300,16,Resource Calendar 11568,2052.904843236356,687.4922838455874
datamining,300,16,Resource Calendar 11571,2610.964743210246,726.7564634280435
datamining,300,16,Resource Calendar 11583,2295.9175583967317,1039.7245738552076
datamining,300,16,Resource Calendar 11611,2617.1143407536083,960.1260968329312
datamining,300,16,Resource Calendar 11613,2941.6064678932103,1199.5943469652827
datamining,300,16,Resource Calendar 11614,2344.0444733007585,941.1722209257708
datamining,300,16,Resource Calendar 11653,1866.171764201557,806.0364575210301
datamining,300,16,Resource Calendar 11678,2725.364724227569,1195.2766767849942
datamining,300,16,Resource Calendar 11692,2071.5189946980986,915.4484452590185
datamining,300,16,Resource Calendar 117,3033.727614908636,1313.6475305744093
datamining,300,16,Resource Calendar 11706,3486.496663092318,1077.10602679042
datamining,300,16,Resource Calendar 11759,2724.0744837701404,921.5498458540127
datamining,300,16,Resource Calendar 11760,2438.3060930109327,753.5448453427857
datamining,300,16,Resource Calendar 11772,2228.3579787311373,699.1514811374777
datamining,300,16,Resource Calendar 11775,2773.7817844304905,762.727670232497
datamining,300,16,Resource Calendar 11799,2496.3884659178752,886.814481521223
datamining,300,16,Resource Calendar 11805,3160.170911344591,1587.8245350950644
datamining,300,16,Resource Calendar 11811,1801.4109866041567,651.1950810815937
datamining,300,16,Resource Calendar 11829,2413.909513110736,1172.8992929596618
datamining,300,16,Resource Calendar 11854,2251.7473742608277,910.3317391317166
datamining,300,16,Resource Calendar 11858,2325.808862237109,998.970350313114
datamining,300,16,Resource Calendar 11861,2613.845254492653,698.9161045731195
datamining,300,16,Resource Calendar 11959,2076.6952554252143,896.2891385173089
datamining,300,16,Resource Calendar 11961,2480.4028606752795,962.1547759298746
datamining,300,16,Resource Calendar 11973,2839.4856934965355,1420.1458234980364
datamining,300,16,Resource Calendar 11993,2247.7975797347967,644.8021850691086
datamining,300,16,Resource Calendar 12006,2291.6358818967665,658.1570377668531
datamining,300,16,Resource Calendar 12062,2818.7689027701135,780.7741219749796
datamining,300,16,Resource Calendar 12093,2627.74240814625,1071.4960812422587
datamining,300,16,Resource Calendar 12129,1948.7726842544482,681.1142005392381
datamining,300,16,Resource Calendar 12175,3066.4558085755802,1196.2704106286642
datamining,300,16,Resource Calendar 12196,2513.1181452465567,586.6849722062469
datamining,300,16,Resource Calendar 12452,3003.772009658945,1393.9822302777936
datamining,300,16,Resource Calendar 12459,2235.4429081121602,805.6669961307285
datamining,300,16,Resource Calendar 12521,2388.363664603273,634.4288948931811
datamining,300,16,Resource Calendar 12532,2099.1265207168935,1094.1735722175704
datamining,300,16,Resource Calendar 12535,2249.641749129778,752.8786594196819
datamining,300,16,Resource Calendar 12548,2265.834989709068,811.1804070769635
datamining,300,16,Resource Calendar 12814,2616.7282709953606,1124.0451882021391
datamining,300,16,Resource Calendar 12836,2733.768715043042,972.0768691878402
datamining,300,16,Resource Calendar 12915,3171.8424808643585,991.4412209947787
datamining,300,16,Resource Calendar 12935,2779.424810540947,947.620934285516
datamining,300,16,Resource Calendar 1295,2124.57609429397,875.78610386167
datamining,300,16,Resource Calendar 13014,2516.5467560854086,851.310469174706
datamining,300,16,Resource Calendar 1314,2508.6358283587106,583.8035557324174
datamining,300,16,Resource Calendar 1343,5066.724046703648,1557.1831390715477
datamining,300,16,Resource Calendar 13544,2088.8538885326398,847.544470823288
datamining,300,16,Resource Calendar 13559,2704.9777770139344,914.0782725517658
datamining,300,16,Resource Calendar 13733,2892.8880863497307,1050.4459625739237
datamining,300,16,Resource Calendar 1378,2344.7416495119282,991.0826418098411
datamining,300,16,Resource Calendar 13803,2554.7732886706704,746.754961931958
datamining,300,16,Resource Calendar 14126,2058.5396695029763,379.38053493072846
datamining,300,16,Resource Calendar 14128,2024.6763566032043,946.9174224766113
datamining,300,16,Resource Calendar 1422,2389.2633379840727,725.33015135258
datamining,300,16,Resource Calendar 14440,3076.856944732778,952.6242695722304
datamining,300,16,Resource Calendar 1471,2838.975078397065,1293.6720513449097
datamining,300,16,Resource Calendar 15057,2785.6611067007784,967.4808462392971
datamining,300,16,Resource Calendar 1515,2386.0121256780803,911.5788043650175
datamining,300,16,Resource Calendar 1524,2387.6158396530172,768.9656246841901
datamining,300,16,Resource Calendar 15315,4205.406589822894,1284.6637131957073
datamining,300,16,Resource Calendar 15323,2467.9261620598727,858.6276683616928
datamining,300,16,Resource Calendar 15345,2375.902074062588,687.0587526563554
datamining,300,16,Resource Calendar 15352,2806.0338140807535,1070.4276729616809
datamining,300,16,Resource Calendar 15356,2856.4700320206434,984.3376163619957
datamining,300,16,Resource Calendar 15370,2920.2776422887446,1218.5533743829167
datamining,300,16,Resource Calendar 15547,2255.95759287462,877.5136733205201
datamining,300,16,Resource Calendar 15612,2057.975847419366,585.018041610448
datamining,300,16,Resource Calendar 157,3105.4844294151976,1199.306424693658
datamining,300,16,Resource Calendar 15862,2654.062157750468,972.3767306135422
datamining,300,16,Resource Calendar 15884,3234.416678854602,951.001597228658
datamining,300,16,Resource Calendar 15930,3207.323511844982,936.8852926324289
datamining,300,16,Resource Calendar 15957,3021.907228232476,637.5112854069386
datamining,300,16,Resource Calendar 16273,2030.5541166565856,851.8057744152575
datamining,300,16,Resource Calendar 163,2641.359620731479,1081.7032062799638
datamining,300,16,Resource Calendar 1646,2613.7505755345837,1069.4288848683814
datamining,300,16,Resource Calendar 16695,2550.4605694880775,809.6106524070964
datamining,300,16,Resource Calendar 1684,1967.8997976250926,723.3249310339278
datamining,300,16,Resource Calendar 1707,2449.9628141584953,782.3989302430246
datamining,300,16,Resource Calendar 17296,2334.2824812394856,803.3134490573811
datamining,300,16,Resource Calendar 17379,2767.5668612481,1140.547212062868
datamining,300,16,Resource Calendar 17525,2817.252624284001,745.6630105573998
datamining,300,16,Resource Calendar 17625,2832.9735388173503,908.5597275319742
datamining,300,16,Resource Calendar 17642,2488.08182401984,1046.125358644112
datamining,300,16,Resource Calendar 17769,1989.6170209090208,864.9559767192956
datamining,300,16,Resource Calendar 17807,2852.7391129275265,788.0699560585475
datamining,300,16,Resource Calendar 17872,1909.5468912103934,788.8673733765002
datamining,300,16,Resource Calendar 1792,1842.4467100615252,895.7259044896662
datamining,300,16,Resource Calendar 1795,2330.3429525213023,677.527957201535
datamining,300,16,Resource Calendar 17965,2546.588357111141,776.9483385153576
datamining,300,16,Resource Calendar 18289,2241.0967755044203,919.4324763165215
datamining,300,16,Resource Calendar 18317,1977.2910710260114,665.1102017634968
datamining,300,16,Resource Calendar 18501,1822.4503771277707,596.6366476354386
datamining,300,16,Resource Calendar 186,2223.6111264962346,890.8048029037107
datamining,300,16,Resource Calendar 1860,2798.415976077655,720.2837791672082
datamining,300,16,Resource Calendar 18760,2677.4332295119707,828.8702100130661
datamining,300,16,Resource Calendar 18929,2750.73410194905,1177.070301079624
datamining,300,16,Resource Calendar 18942,3017.730526162101,854.5487114478591
datamining,300,16,Resource Calendar 19019,4085.422386273052,1426.303854037125
datamining,300,16,Resource Calendar 1910,2588.9301932021135,865.2632227045227
datamining,300,16,Resource Calendar 19214,2483.2487230474762,805.903981981346
datamining,300,16,Resource Calendar 19295,3013.1795901488904,1161.294996258373
datamining,300,16,Resource Calendar 19296,2038.624186003402,715.1681845862839
datamining,300,16,Resource Calendar 1934,3013.6240268434,916.8296534545353
datamining,300,16,Resource Calendar 19422,3158.582274991413,833.4417093288885
datamining,300,16,Resource Calendar 19531,2962.9382194753757,1324.6073240392534
datamining,300,16,Resource Calendar 19572,2984.595976196182,1118.719246415354
datamining,300,16,Resource Calendar 19582,2604.64182746245,1045.6795023895884
datamining,300,16,Resource Calendar 1959,2209.92291638376,779.3820781061974
datamining,300,16,Resource Calendar 19591,1687.2655858041285,738.8288474086759
datamining,300,16,Resource Calendar 19692,2706.319589693946,961.6903221161551
datamining,300,16,Resource Calendar 19746,2287.9115316691727,746.965135520624
datamining,300,16,Resource Calendar 19811,1982.939639492194,894.864951627958
datamining,300,16,Resource Calendar 19916,2559.1531489510207,833.516882972633
datamining,300,16,Resource Calendar 1995,2405.6483914564556,768.0497108900925
datamining,300,16,Resource Calendar 20194,2471.8195301603164,760.615779107975
datamining,300,16,Resource Calendar 2045,2025.7785539052115,591.9707803548353
datamining,300,16,Resource Calendar 2091,2344.6313854574664,758.1825293903089
datamining,300,16,Resource Calendar 21188,2983.885440241047,1179.5637023483507
datamining,300,16,Resource Calendar 2133,2992.20957331035,959.6105372078817
datamining,300,16,Resource Calendar 2144,1743.8308965839285,633.2761713313746
datamining,300,16,Resource Calendar 2150,2590.018899806916,729.2138869798777
datamining,300,16,Resource Calendar 2154,2693.3359999986014,951.7384099265121
datamining,300,16,Resource Calendar 21562,2019.609697752594,1102.8164960496956
datamining,300,16,Resource Calendar 22074,3671.433376260129,1284.4722973737357
datamining,300,16,Resource Calendar 22377,2093.763344517923,665.7698825384216
datamining,300,16,Resource Calendar 22404,2407.984792461599,1316.263296378697
datamining,300,16,Resource Calendar 22437,1747.1972281389935,699.9310194973505
datamining,300,16,Resource Calendar 22438,2588.654316365574,889.9422888817165
datamining,300,16,Resource Calendar 22439,2853.183953935701,616.000791855012
datamining,300,16,Resource Calendar 22475,2553.3015747006602,1384.6799500221916
datamining,300,16,Resource Calendar 22476,2956.192476515368,809.7024650547654
datamining,300,16,Resource Calendar 22478,2961.3462493171846,1361.7608567826478
datamining,300,16,Resource Calendar 22485,1873.5939481884425,718.6732405247674
datamining,300,16,Resource Calendar 22490,1846.8683227969482,639.6988325634894
datamining,300,16,Resource Calendar 22491,2905.5516218636876,952.080963826943
datamining,300,16,Resource Calendar 22496,2553.7134893304483,719.314167817854
datamining,300,16,Resource Calendar 22529,2383.6587629287656,628.9267044617579
datamining,300,16,Resource Calendar 22533,2403.0447947302064,839.1254196333911
datamining,300,16,Resource Calendar 22534,2699.742581863887,1037.7153842803148
datamining,300,16,Resource Calendar 22543,2970.3512287072103,917.4946792911076
datamining,300,16,Resource Calendar 22560,2336.689003531749,804.0168364568319
datamining,300,16,Resource Calendar 22592,2474.981667004352,994.0573880737345
datamining,300,16,Resource Calendar 22624,1886.5050870563691,665.708331116633
datamining,300,16,Resource Calendar 22736,1998.5452040757295,637.3828444638136
datamining,300,16,Resource Calendar 2274,2868.1523204673977,1157.8181867931257
datamining,300,16,Resource Calendar 22785,2501.2949352869055,673.6484005087325
datamining,300,16,Resource Calendar 22795,2530.6674435305654,782.441368664226
datamining,300,16,Resource Calendar 22829,2365.039237640291,797.2186368051375
datamining,300,16,Resource Calendar 2292,2297.25852390499,876.569133870038
datamining,300,16,Resource Calendar 22940,3561.676686257949,1108.1236139632056
datamining,300,16,Resource Calendar 22950,1605.480515693256,1010.770012912643
datamining,300,16,Resource Calendar 22962,3033.1141424727257,989.9064608722205
datamining,300,16,Resource Calendar 23335,2545.126201461047,1444.395195399664
datamining,300,16,Resource Calendar 23530,3026.8773614057986,972.2072987615547
datamining,300,16,Resource Calendar 23842,2447.1200925613753,1145.126841862573
datamining,300,16,Resource Calendar 2391,2801.6913749569726,907.7338947313301
datamining,300,16,Resource Calendar 23934,2811.3109166995587,818.8267628474466
datamining,300,16,Resource Calendar 23978,2932.0671256965065,1002.4743108940527
datamining,300,16,Resource Calendar 2408,1581.3811113244478,633.8789008719025
datamining,300,16,Resource Calendar 241,2865.6970438378753,927.63001404906
datamining,300,16,Resource Calendar 2440,2413.1981427705527,866.7149333374576
datamining,300,16,Resource Calendar 24517,2722.311993249759,872.2969457314628
datamining,300,16,Resource Calendar 24519,2269.0182564011684,865.9442776147849
datamining,300,16,Resource Calendar 2453,2132.3658136763515,481.23797125377087
datamining,300,16,Resource Calendar 24536,2934.5775911447895,1492.2590223820087
datamining,300,16,Resource Calendar 24544,3044.749993581097,1283.2623709173076
datamining,300,16,Resource Calendar 2463,2494.6817531321235,956.4984326714862
datamining,300,16,Resource Calendar 2465,2824.0238440731778,812.1346184583831
datamining,300,16,Resource Calendar 2506,2752.6240262380666,1273.2277323685116
datamining,300,16,Resource Calendar 2512,2037.9129627106827,770.0378942485603
datamining,300,16,Resource Calendar 25141,2771.7220795380435,1077.485658036141
datamining,300,16,Resource Calendar 2541,2872.4321963598686,1242.925713368465
datamining,300,16,Resource Calendar 261,2201.9439916806487,853.475761547492
datamining,300,16,Resource Calendar 26147,3436.6377425535065,687.2229881885678
datamining,300,16,Resource Calendar 26248,2279.304022372295,822.8312968143748
datamining,300,16,Resource Calendar 26259,3290.2420175624957,879.862245545244
datamining,300,16,Resource Calendar 26271,2884.5606330050978,1057.1852602434813
datamining,300,16,Resource Calendar 26298,2473.7904763422102,714.2931703961863
datamining,300,16,Resource Calendar 26321,2092.508404456085,918.4139515650523
datamining,300,16,Resource Calendar 26344,2349.2105656669237,1045.1048653578032
datamining,300,16,Resource Calendar 26348,2115.0670975250646,815.1733071722336
datamining,300,16,Resource Calendar 26359,1979.3770724532717,788.2883390255425
datamining,300,16,Resource Calendar 2649,2050.136780826009,895.7118418023418
datamining,300,16,Resource Calendar 26756,2195.633003309961,541.9028170082702
datamining,300,16,Resource Calendar 26757,2415.164606299004,907.9681844556447
datamining,300,16,Resource Calendar 26758,2349.0230011112394,982.8843478938611
datamining,300,16,Resource Calendar 26759,2687.611138760949,853.041580827487
datamining,300,16,Resource Calendar 26762,2760.0868626024962,928.6776772491462
datamining,300,16,Resource Calendar 26763,2758.4818792082087,1247.6221814414341
datamining,300,16,Resource Calendar 26767,3398.6893009516975,1337.908375279377
datamining,300,16,Resource Calendar 26772,3137.6739819600216,1140.9074323296725
datamining,300,16,Resource Calendar 26780,2340.0183195553504,738.0589028870199
datamining,300,16,Resource Calendar 26788,2968.028600917384,776.7792180835913
datamining,300,16,Resource Calendar 26789,2781.703796793669,920.9024465817904
datamining,300,16,Resource Calendar 26793,2151.7673299278463,1080.4842325939965
datamining,300,16,Resource Calendar 26796,1720.0354826312619,709.1099440381096
datamining,300,16,Resource Calendar 27293,2888.7785511001985,1001.0459914747692
datamining,300,16,Resource Calendar 2735,3385.850589620331,1194.5234478850311
datamining,300,16,Resource Calendar 2740,2548.0023881689613,893.5595830583062
datamining,300,16,Resource Calendar 2804,2830.844018696683,885.1668025371538
datamining,300,16,Resource Calendar 2834,2971.7328745959217,1195.501708615679
datamining,300,16,Resource Calendar 28881,3104.1548675967533,894.6464046732448
datamining,300,16,Resource Calendar 2925,2450.580519446703,856.4973919440893
datamining,300,16,Resource Calendar 29274,2483.0743462910777,1093.368332446626
datamining,300,16,Resource Calendar 29276,1600.3473594291731,501.4029952956358
datamining,300,16,Resource Calendar 29277,3319.2895821187603,1203.4189861200093
datamining,300,16,Resource Calendar 29280,3217.6696470354946,1222.772590746134
datamining,300,16,Resource Calendar 29281,2293.595198502183,883.5316682464787
datamining,300,16,Resource Calendar 294,2973.0241190863976,931.447375959694
datamining,300,16,Resource Calendar 29577,2261.359074326741,497.6921332019133
datamining,300,16,Resource Calendar 29578,2905.3750188891568,702.3811707039359
datamining,300,16,Resource Calendar 29579,2598.610332929017,1095.2691788911711
datamining,300,16,Resource Calendar 2970,2678.9171668988915,910.8558254824127
datamining,300,16,Resource Calendar 29704,2720.8280627080544,921.6805867840343
datamining,300,16,Resource Calendar 2981,3112.9373751564467,1012.6670090589183
datamining,300,16,Resource Calendar 3003,3044.89632678967,937.606760167182
datamining,300,16,Resource Calendar 3019,2577.3464506142013,1011.5265805336733
datamining,300,16,Resource Calendar 305,3219.560027272522,1557.5472075997734
datamining,300,16,Resource Calendar 3057,2249.808048538644,944.9466973918178
datamining,300,16,Resource Calendar 308,3664.834411225347,927.7148155338615
datamining,300,16,Resource Calendar 3108,2129.117928596342,1273.4768125664134
datamining,300,16,Resource Calendar 3113,2193.1522623508804,657.4017398054286
datamining,300,16,Resource Calendar 3149,2787.8159405320703,741.1989484940796
datamining,300,16,Resource Calendar 3296,2232.148966917957,461.8872954150518
datamining,300,16,Resource Calendar 3409,2288.75105079523,1351.1511701826157
datamining,300,16,Resource Calendar 341,2265.8035710891604,863.8806598078756
datamining,300,16,Resource Calendar 3421,3174.162764037113,820.1722436174931
datamining,300,16,Resource Calendar 3445,2921.9527131604596,1056.507290101609
datamining,300,16,Resource Calendar 3480,2641.6338934293867,1107.5307290404064
datamining,300,16,Resource Calendar 3502,2638.3983548430024,753.7341945614047
datamining,300,16,Resource Calendar 3510,2763.809458207582,837.0901151522327
datamining,300,16,Resource Calendar 3603,2751.9887592987284,954.3061419302558
datamining,300,16,Resource Calendar 3656,3633.0966154107323,832.836539117883
datamining,300,16,Resource Calendar 369,2348.117748170977,754.6046995369127
datamining,300,16,Resource Calendar 3695,2939.683666282563,846.7826563920811
datamining,300,16,Resource Calendar 3703,2163.9638229219536,1168.623299163342
datamining,300,16,Resource Calendar 3729,2853.711883065001,1157.4428617000342
datamining,300,16,Resource Calendar 3747,1944.3579279832252,929.8442054942052
datamining,300,16,Resource Calendar 3796,3818.2084462027133,1028.8204515722337
datamining,300,16,Resource Calendar 3815,1983.829746316548,1032.753608912882
datamining,300,16,Resource Calendar 387,2458.6249101679155,998.0871415301565
datamining,300,16,Resource Calendar 3917,2702.911093910752,987.2268558213199
datamining,300,16,Resource Calendar 3926,2756.0368134293794,925.1186751547361
datamining,300,16,Resource Calendar 397,3172.8236602922725,1066.324861261868
datamining,300,16,Resource Calendar 4032,2365.3410506723567,1068.8476010171762
datamining,300,16,Resource Calendar 4067,2931.0537041991633,1024.794171615157
datamining,300,16,Resource Calendar 410,3768.4949429897983,1064.5475259241293
datamining,300,16,Resource Calendar 4126,1924.435214281542,662.2761494928229
datamining,300,16,Resource Calendar 4130,2184.593794449581,990.7723600636477
datamining,300,16,Resource Calendar 4148,2559.6047956906873,893.8274880062677
datamining,300,16,Resource Calendar 436,2257.604410159283,702.0014608690543
datamining,300,16,Resource Calendar 4441,1958.2349819620445,825.0695464897237
datamining,300,16,Resource Calendar 4457,2788.4860157749667,836.1531976409965
datamining,300,16,Resource Calendar 448,2992.0152609409492,839.5364936789935
datamining,300,16,Resource Calendar 4560,2399.0177936975006,925.3816175194091
datamining,300,16,Resource Calendar 4701,1753.6284944240622,745.6736935327737
datamining,300,16,Resource Calendar 4708,3749.855596752105,875.8870022082789
datamining,300,16,Resource Calendar 4745,1819.7257637723217,728.4272094335892
datamining,300,16,Resource Calendar 4765,2737.954539869928,862.8760953857485
datamining,300,16,Resource Calendar 4834,1993.4146233861977,869.5941937167719
datamining,300,16,Resource Calendar 4840,2738.5380205666297,1332.9332390301595
datamining,300,16,Resource Calendar 4867,2970.5428089074853,969.8510137155668
datamining,300,16,Resource Calendar 49,2922.5311740153547,1109.6318733493872
datamining,300,16,Resource Calendar 4905,2526.1978057442325,697.2549410304196
datamining,300,16,Resource Calendar 4912,2518.943668704681,1064.0441645253943
datamining,300,16,Resource Calendar 4913,2222.5673215721717,837.3036636699239
datamining,300,16,Resource Calendar 4918,1538.6235729762273,584.7851237621026
datamining,300,16,Resource Calendar 4924,2221.5802094508917,609.0238691773019
datamining,300,16,Resource Calendar 5020,2478.5346942691926,1020.653494569529
datamining,300,16,Resource Calendar 5028,1221.0424639943635,587.6370241755574
datamining,300,16,Resource Calendar 5064,2794.084757617678,1158.1077274123534
datamining,300,16,Resource Calendar 5151,1778.2718769208261,776.5625129310934
datamining,300,16,Resource Calendar 5154,2880.2784430475454,1060.3931193271749
datamining,300,16,Resource Calendar 5183,4359.29700791281,1342.6530788823818
datamining,300,16,Resource Calendar 5189,3426.7518246309005,864.1268440647347
datamining,300,16,Resource Calendar 5221,2868.119400002519,1101.5939949035521
datamining,300,16,Resource Calendar 5275,2423.4601483364204,775.6728678892534
datamining,300,16,Resource Calendar 528,2779.120557029097,810.8193940531703
datamining,300,16,Resource Calendar 5290,2671.4045929358545,1006.6666133958863
datamining,300,16,Resource Calendar 5292,2258.761269179895,1000.665813827534
datamining,300,16,Resource Calendar 5330,1709.45032737588,604.797677722307
datamining,300,16,Resource Calendar 5396,2551.3529136567527,713.1622078398005
datamining,300,16,Resource Calendar 5488,2860.115207120977,1385.8191912759312
datamining,300,16,Resource Calendar 5506,3031.2018206191356,585.2112197586665
datamining,300,16,Resource Calendar 5571,2509.612046489541,848.8440489895252
datamining,300,16,Resource Calendar 5573,2793.186021105288,681.8727744615763
datamining,300,16,Resource Calendar 5588,2472.9480508293755,947.9876157517787
datamining,300,16,Resource Calendar 559,3603.712530194461,1205.5630963916713
datamining,300,16,Resource Calendar 5593,2107.418076364381,795.2181520857105
datamining,300,16,Resource Calendar 5613,3133.0478860512085,1213.3920445173692
datamining,300,16,Resource Calendar 5641,3095.681855835707,950.0729876371014
datamining,300,16,Resource Calendar 566,2883.9463230665056,1028.8029331769656
datamining,300,16,Resource Calendar 5667,2416.763717296814,1095.630276841593
datamining,300,16,Resource Calendar 5668,3211.71250362031,646.0840380164703
datamining,300,16,Resource Calendar 5714,2735.6531772034855,895.004542701045
datamining,300,16,Resource Calendar 5778,2764.2094860006187,906.9322857532699
datamining,300,16,Resource Calendar 5793,2095.9669008580986,857.4065120795635
datamining,300,16,Resource Calendar 5802,2172.298388503841,662.5554148340606
datamining,300,16,Resource Calendar 5858,2591.751811144043,907.0897388282564
datamining,300,16,Resource Calendar 5883,3502.1344183886567,944.4496942704728
datamining,300,16,Resource Calendar 5972,1640.632164458475,594.7602212970401
datamining,300,16,Resource Calendar 6004,2628.223266465262,1020.8917671865992
datamining,300,16,Resource Calendar 6039,3449.876435589234,1231.352189790133
datamining,300,16,Resource Calendar 6101,3334.0030546181547,933.2151478249497
datamining,300,16,Resource Calendar 6107,1987.5135644424304,602.5076861348372
datamining,300,16,Resource Calendar 6159,2025.8387482630258,782.3570011649177
datamining,300,16,Resource Calendar 6186,2072.47555678499,904.3332036408932
datamining,300,16,Resource Calendar 6204,2803.4659403840337,980.0134773096325
datamining,300,16,Resource Calendar 6229,3394.697668311868,981.7614101663219
datamining,300,16,Resource Calendar 6231,2637.4986579373613,1211.4804327353713
datamining,300,16,Resource Calendar 6260,3393.8849843097587,986.1022611582406
datamining,300,16,Resource Calendar 6369,3433.4596759124934,1067.4802756163735
datamining,300,16,Resource Calendar 6400,3026.5622443476427,915.0731194334228
datamining,300,16,Resource Calendar 6410,1706.9016425088405,995.8680902496174
datamining,300,16,Resource Calendar 6426,2513.9442711531806,1046.7375867349424
datamining,300,16,Resource Calendar 6437,3743.0300338912193,1352.4831421684612
datamining,300,16,Resource Calendar 6469,2623.286343362764,913.7774059574216
datamining,300,16,Resource Calendar 6497,3849.523258974953,1400.9187070501819
datamining,300,16,Resource Calendar 6520,2998.882374681137,1010.8884452073166
datamining,300,16,Resource Calendar 6551,3203.994249797306,608.4836393668373
datamining,300,16,Resource Calendar 6572,1819.7762340018924,746.2317155266339
datamining,300,16,Resource Calendar 659,3252.004208216364,978.3317048798116
datamining,300,16,Resource Calendar 6598,3090.553392184699,1357.9374295363582
datamining,300,16,Resource Calendar 6625,1575.1211555985415,425.3493540297511
datamining,300,16,Resource Calendar 6629,2780.6849326685947,911.7008413979479
datamining,300,16,Resource Calendar 6639,2759.2515326914026,700.7527555466983
datamining,300,16,Resource Calendar 669,1370.7593148993387,503.46563394101116
datamining,300,16,Resource Calendar 6694,2255.9916494033137,864.2796072295407
datamining,300,16,Resource Calendar 6723,2961.973151987556,1146.2358652519556
datamining,300,16,Resource Calendar 6767,1893.9707517861216,824.995345079488
datamining,300,16,Resource Calendar 677,3114.120037667551,1205.0102634665077
datamining,300,16,Resource Calendar 6799,1608.3953548275288,501.9508237961391
datamining,300,16,Resource Calendar 6844,2692.003991679373,952.411911708818
datamining,300,16,Resource Calendar 6851,2848.0934889796604,766.9848585298938
datamining,300,16,Resource Calendar 6872,2262.365759133051,893.0012637692197
datamining,300,16,Resource Calendar 6876,2998.977894566051,1014.695059006172
datamining,300,16,Resource Calendar 6889,2891.616826822986,1042.764949924058
datamining,300,16,Resource Calendar 6894,2810.220520221431,951.7062797918767
datamining,300,16,Resource Calendar 695,2603.1063894089857,844.6352505744744
datamining,300,16,Resource Calendar 6952,2692.437997382334,749.1098509968533
datamining,300,16,Resource Calendar 6954,1376.719314276097,665.0047759527403
datamining,300,16,Resource Calendar 6958,2995.6822848368365,1176.7369968091546
datamining,300,16,Resource Calendar 6971,3082.1493630902173,998.6510183652535
datamining,300,16,Resource Calendar 6979,3307.8898323817793,1119.811138139856
datamining,300,16,Resource Calendar 6985,3231.503803504447,940.0146873687905
datamining,300,16,Resource Calendar 6987,3121.891857678496,965.6412681843425
datamining,300,16,Resource Calendar 6990,1519.8491342965067,424.4455552166525
datamining,300,16,Resource Calendar 6995,2439.4902381729357,771.6988877958136
datamining,300,16,Resource Calendar 7007,2073.686760743179,749.7730355448715
datamining,300,16,Resource Calendar 7010,2625.823695986719,843.5436447192667
datamining,300,16,Resource Calendar 7019,3468.086896787348,1085.2324497006346
datamining,300,16,Resource Calendar 7039,2172.757742742676,494.74566562921495
datamining,300,16,Resource Calendar 7071,2264.141369745397,744.6625343097934
datamining,300,16,Resource Calendar 7080,3442.986856307143,1051.8866753568686
datamining,300,16,Resource Calendar 7088,2429.720512442051,1113.3309946681277
datamining,300,16,Resource Calendar 7091,2058.2959846710914,764.693907003392
datamining,300,16,Resource Calendar 7137,2105.634733154851,771.4960426039033
datamining,300,16,Resource Calendar 7143,2893.7974141392774,1225.788903435403
datamining,300,16,Resource Calendar 7144,2018.2419406038723,794.1184139281718
datamining,300,16,Resource Calendar 7147,2949.293910435442,904.3973997786096
datamining,300,16,Resource Calendar 716,2821.663260568172,1074.0045514579149
datamining,300,16,Resource Calendar 7177,2823.3206465573767,1305.5539938240709
datamining,300,16,Resource Calendar 7186,2449.6520698395034,786.8254011058632
datamining,300,16,Resource Calendar 7297,2781.8522284702676,1034.1455757861515
datamining,300,16,Resource Calendar 7299,3421.32371019388,1134.3696965917454
datamining,300,16,Resource Calendar 7304,3495.7495059450407,935.1882832414151
datamining,300,16,Resource Calendar 7311,2927.847898602782,1061.2959347909793
datamining,300,16,Resource Calendar 7314,3123.2640333225304,966.2808798917949
datamining,300,16,Resource Calendar 7316,2555.1509428707445,746.4335490870913
datamining,300,16,Resource Calendar 7320,3258.1878841590064,1099.2048331990904
datamining,300,16,Resource Calendar 7323,3282.023273024394,1018.3529683529812
datamining,300,16,Resource Calendar 7324,1689.4451492603491,494.0462677346684
datamining,300,16,Resource Calendar 7331,3003.851428104266,737.7179491601861
datamining,300,16,Resource Calendar 7355,2238.379154817142,848.6703382130207
datamining,300,16,Resource Calendar 7369,2622.6162978872835,1309.7446141149214
datamining,300,16,Resource Calendar 7374,3580.603192305134,1062.3765050201016
datamining,300,16,Resource Calendar 7387,3676.991604032188,1276.775175024383
datamining,300,16,Resource Calendar 7389,3371.684305237338,908.4652512951027
datamining,300,16,Resource Calendar 7394,2012.1009441698486,1005.9804422244833
datamining,300,16,Resource Calendar 7423,2847.0964218061667,1072.2268580286236
datamining,300,16,Resource Calendar 7490,2456.918552408882,672.0902051182276
datamining,300,16,Resource Calendar 7492,2735.5395448570166,859.329506437843
datamining,300,16,Resource Calendar 7518,2149.465412729687,965.3184378484741
datamining,300,16,Resource Calendar 754,3101.1600707628313,751.2980613546317
datamining,300,16,Resource Calendar 7573,1720.3747694778544,651.8832585109324
datamining,300,16,Resource Calendar 7574,2250.4145812234187,753.9644990338768
datamining,300,16,Resource Calendar 7592,2582.614995147766,747.4092084803825
datamining,300,16,Resource Calendar 7599,2311.1169604101997,1235.913271352078
datamining,300,16,Resource Calendar 7611,2977.063857947239,1169.641925233885
datamining,300,16,Resource Calendar 7628,2197.406583734085,1212.719826479643
datamining,300,16,Resource Calendar 7638,2933.678153345497,873.2160305995003
datamining,300,16,Resource Calendar 7641,2429.0318726448822,870.3390240609116
datamining,300,16,Resource Calendar 7650,2326.647278342819,836.9617325452277
datamining,300,16,Resource Calendar 7660,2933.494650616752,1192.6452237024157
datamining,300,16,Resource Calendar 7664,1742.9836400362003,701.3573333645525
datamining,300,16,Resource Calendar 7682,1762.7195577368154,801.7233670584704
datamining,300,16,Resource Calendar 7717,2423.0436511757457,593.4144742086842
datamining,300,16,Resource Calendar 7736,2017.6510997494336,771.1252495099544
datamining,300,16,Resource Calendar 7763,3118.5944168359674,1084.0757226385476
datamining,300,16,Resource Calendar 7770,2999.6083051281985,878.370250460716
datamining,300,16,Resource Calendar 7775,2048.3389931761667,714.4263047801012
datamining,300,16,Resource Calendar 7781,2943.4968622726287,1009.8320136071983
datamining,300,16,Resource Calendar 7783,3039.143549815781,947.420487111472
datamining,300,16,Resource Calendar 7819,2262.9565507271886,765.298287496714
datamining,300,16,Resource Calendar 7820,1898.3457842711869,799.8750729544164
datamining,300,16,Resource Calendar 7824,2175.952911864949,667.6192282311192
datamining,300,16,Resource Calendar 7836,1840.190249853416,991.1294798168208
datamining,300,16,Resource Calendar 7854,3154.399823097629,967.0302458686207
datamining,300,16,Resource Calendar 7862,2458.7470644995974,698.0846511021726
datamining,300,16,Resource Calendar 7897,2865.4832744436712,808.2046424820838
datamining,300,16,Resource Calendar 7963,1731.720777354525,579.4568116804297
datamining,300,16,Resource Calendar 8022,3198.692428585822,1105.7652519277476
datamining,300,16,Resource Calendar 8032,2218.733644955049,824.9197592131286
datamining,300,16,Resource Calendar 8033,2358.747956676862,785.265817566717
datamining,300,16,Resource Calendar 8064,3308.532107398499,1180.3826104990574
datamining,300,16,Resource Calendar 8065,2818.521555156186,1303.068703538779
datamining,300,16,Resource Calendar 8112,3668.4799074359134,909.0809548539867
datamining,300,16,Resource Calendar 8121,1862.979638380245,1071.4416560399927
datamining,300,16,Resource Calendar 8139,1364.6896562647999,431.9445012231642
datamining,300,16,Resource Calendar 8142,2366.3695274351358,666.7343319727399
datamining,300,16,Resource Calendar 8147,2594.467590691517,812.2960757939969
datamining,300,16,Resource Calendar 8160,2647.3107011971606,1103.6026390230509
datamining,300,16,Resource Calendar 8164,2315.3629594208574,914.520844008994
datamining,300,16,Resource Calendar 8177,1770.003762588055,519.1688859948949
datamining,300,16,Resource Calendar 8186,2508.4964132549435,857.6890611804768
datamining,300,16,Resource Calendar 8188,3223.2174353278424,1245.2615624147759
datamining,300,16,Resource Calendar 8203,2140.241137912853,798.0081379677204
datamining,300,16,Resource Calendar 8213,3026.6203845236673,1129.7763439578844
datamining,300,16,Resource Calendar 8223,2364.059910050722,768.9547563278809
datamining,300,16,Resource Calendar 8225,1967.311777079252,546.9462483539548
datamining,300,16,Resource Calendar 8248,3165.2541457972684,1313.3128821761288
datamining,300,16,Resource Calendar 8263,2467.0356396472744,818.832387561744
datamining,300,16,Resource Calendar 8268,3053.3112957089934,1359.193802774889
datamining,300,16,Resource Calendar 8365,2505.5463340697956,853.9737117784175
datamining,300,16,Resource Calendar 8371,2436.374715949017,762.448107491631
datamining,300,16,Resource Calendar 8382,2964.144311468893,1162.059161874556
datamining,300,16,Resource Calendar 8416,2455.4776282576436,649.416153815305
datamining,300,16,Resource Calendar 8428,2563.162208648267,1254.3199378601853
datamining,300,16,Resource Calendar 8443,2190.2131080243335,568.8545184522291
datamining,300,16,Resource Calendar 8450,2564.9574735978213,745.356450207607
datamining,300,16,Resource Calendar 8455,1566.9105355417591,516.3936991805274
datamining,300,16,Resource Calendar 8461,2798.023449245223,1105.8341619747123
datamining,300,16,Resource Calendar 8475,2928.80973042896,1101.4855417217514
datamining,300,16,Resource Calendar 8486,2181.883624256728,793.0553894665396
datamining,300,16,Resource Calendar 8491,2198.2721977088086,881.5998399473776
datamining,300,16,Resource Calendar 8498,2687.0456772496223,819.2543281928238
datamining,300,16,Resource Calendar 8525,1926.3439493496667,779.3557955624785
datamining,300,16,Resource Calendar 8528,2643.461873538239,1235.4290443151967
datamining,300,16,Resource Calendar 8532,2951.7661943728153,895.617502212073
datamining,300,16,Resource Calendar 8536,2750.6451787613155,874.4878726481635
datamining,300,16,Resource Calendar 8556,2622.3610080261915,979.4791347403302
datamining,300,16,Resource Calendar 8572,2393.8507108695894,649.7748334429426
datamining,300,16,Resource Calendar 8587,2590.9859043617116,697.8426736836265
datamining,300,16,Resource Calendar 8588,3092.650579981725,1067.5467997017588
datamining,300,16,Resource Calendar 8614,2340.280876089543,907.5481442117252
datamining,300,16,Resource Calendar 8651,2366.582250087307,1098.6439061279277
datamining,300,16,Resource Calendar 8655,2226.0267775523976,715.0565202168159
datamining,300,16,Resource Calendar 8661,2474.556858116221,757.7938332845353
datamining,300,16,Resource Calendar 8688,4600.622635549511,1433.1005393716305
datamining,300,16,Resource Calendar 8708,2402.3404352627886,548.0582507464865
datamining,300,16,Resource Calendar 8727,1828.5688740180528,849.0541203511978
datamining,300,16,Resource Calendar 8736,1960.633516743783,777.2783508920317
datamining,300,16,Resource Calendar 8744,3490.6311714148223,1271.5945179413045
datamining,300,16,Resource Calendar 8749,2876.6742728697254,804.142980669755
datamining,300,16,Resource Calendar 8772,3328.874942916555,1035.2912062655932
datamining,300,16,Resource Calendar 8774,1991.4108331816715,501.03402409143956
datamining,300,16,Resource Calendar 8786,3208.977071410449,728.0403179274307
datamining,300,16,Resource Calendar 8797,2258.4851207854595,914.1599984144161
datamining,300,16,Resource Calendar 8813,2894.5906299965886,1116.7493838797495
datamining,300,16,Resource Calendar 8819,3221.7995770747375,989.9179306699164
datamining,300,16,Resource Calendar 8824,2066.6194047668673,584.6452873670368
datamining,300,16,Resource Calendar 8854,3092.7888295416783,863.2867201389766
datamining,300,16,Resource Calendar 8856,2523.008856436661,854.8319095200765
datamining,300,16,Resource Calendar 8882,2724.873895748824,933.1009171900753
datamining,300,16,Resource Calendar 8916,2108.382906425492,787.1447919870409
datamining,300,16,Resource Calendar 8955,2175.1076296953274,1029.3017011779114
datamining,300,16,Resource Calendar 8973,2942.965158428379,913.7371195187459
datamining,300,16,Resource Calendar 8995,3242.245769948365,1049.7965728831073
datamining,300,16,Resource Calendar 8997,2839.078221817963,903.3466747607833
datamining,300,16,Resource Calendar 9146,2974.2490403141223,1140.3353465510554
datamining,300,16,Resource Calendar 9154,2565.473368274494,675.9666185596494
datamining,300,16,Resource Calendar 9184,2018.7813415104304,631.9791102326261
datamining,300,16,Resource Calendar 9187,2641.6288982703372,1029.1316946348977
datamining,300,16,Resource Calendar 920,2560.3258354957575,1032.6508736774708
datamining,300,16,Resource Calendar 9249,1892.3429893422508,692.6230182759057
datamining,300,16,Resource Calendar 9298,2699.4044896034516,1118.765017022269
datamining,300,16,Resource Calendar 9332,2916.21558634293,939.5235960814929
datamining,300,16,Resource Calendar 9335,1689.9168374767426,552.3543352412197
datamining,300,16,Resource Calendar 9336,2434.0644739749746,953.0459097224209
datamining,300,16,Resource Calendar 9348,2409.5070784251097,649.6987141703681
datamining,300,16,Resource Calendar 9379,3129.850853271904,738.1757890718413
datamining,300,16,Resource Calendar 9384,2292.395933964456,635.1011007587679
datamining,300,16,Resource Calendar 9404,2060.814296761907,793.9327184527781
datamining,300,16,Resource Calendar 9420,1835.1168634091634,724.2399819238825
datamining,300,16,Resource Calendar 9427,2043.9755483389215,748.401399341738
datamining,300,16,Resource Calendar 943,2890.01416127621,1200.060740565186
datamining,300,16,Resource Calendar 9433,2560.1177443530955,1036.5468905594073
datamining,300,16,Resource Calendar 9437,2449.933497926365,596.4896105350763
datamining,300,16,Resource Calendar 9445,2069.962480150292,642.3443403334976
datamining,300,16,Resource Calendar 9449,2342.829909516237,865.719971102618
datamining,300,16,Resource Calendar 9451,3068.4065864774952,1484.806086859027
datamining,300,16,Resource Calendar 9452,2200.460260894764,659.5338047403002
datamining,300,16,Resource Calendar 9477,2955.1408690463904,913.5893308440145
datamining,300,16,Resource Calendar 9483,2225.9612346998774,877.8693213978173
datamining,300,16,Resource Calendar 9484,2493.750192221229,640.0706348961202
datamining,300,16,Resource Calendar 9489,1951.855454227425,1009.955199076828
datamining,300,16,Resource Calendar 9509,3853.9449406710596,1254.4271559756355
datamining,300,16,Resource Calendar 9519,2369.8029364510057,1057.4900590406342
datamining,300,16,Resource Calendar 9531,3052.434215529059,942.0331806901014
datamining,300,16,Resource Calendar 955,2866.26794670214,889.5773894460403
datamining,300,16,Resource Calendar 957,2475.6941269546223,880.5308295058214
datamining,300,16,Resource Calendar 9711,3101.438701550821,1459.8970041121074
datamining,300,16,Resource Calendar 9761,3173.5857355745434,879.9067560537613
datamining,300,16,Resource Calendar 9872,2788.902451588447,581.7352089494209
datamining,300,16,Resource Calendar 9886,2395.5062413538726,734.5327336924238
datamining,300,16,Resource Calendar 9890,1966.6747204400567,1156.0839181437855
datamining,300,16,Resource Calendar 9987,3236.1781757570834,1190.0448369329374
datamining,300,16,Resource Calendar End,31301.776965376957,20752.0774732595
datamining,300,16,Resource Calendar Start,31463.623466601068,15426.595186223753
datamining,100,32,Resource Calendar 1,2441.7922819605583,801.047459879372
datamining,100,32,Resource Calendar 1007,4266.323070804609,1118.8245178827842
datamining,100,32,Resource Calendar 10168,2706.128630243476,931.2195508196494
datamining,100,32,Resource Calendar 10176,3384.28194431576,664.2053096096482
datamining,100,32,Resource Calendar 10183,2450.9671967857034,665.3954290524862
datamining,100,32,Resource Calendar 10228,2506.614062520613,682.2326105031622
datamining,100,32,Resource Calendar 10280,3269.6638884022286,904.9520915061689
datamining,100,32,Resource Calendar 10296,2614.8103030005946,685.14317266955
datamining,100,32,Resource Calendar 10348,2663.7297339877496,597.3603902921864
datamining,100,32,Resource Calendar 10665,2611.0659785915914,810.5585853589074
datamining,100,32,Resource Calendar 10716,2979.5526144549563,714.9790225467772
datamining,100,32,Resource Calendar 10726,3075.9680322798126,679.2754630574686
datamining,100,32,Resource Calendar 10742,3143.712304382436,863.0547036450564
datamining,100,32,Resource Calendar 10923,3080.578276036616,715.0291052241951
datamining,100,32,Resource Calendar 10962,3285.0162952900405,803.7091932021117
datamining,100,32,Resource Calendar 10995,2273.0463400361714,773.5639130569077
datamining,100,32,Resource Calendar 11041,2608.094384511369,684.9532298249484
datamining,100,32,Resource Calendar 1113,2305.9950149725314,660.5566227626324
datamining,100,32,Resource Calendar 11150,2899.4544295954156,1043.000791256949
datamining,100,32,Resource Calendar 11159,2874.1972545970752,812.7325479789765
datamining,100,32,Resource Calendar 11174,3205.588226547279,845.2449856831706
datamining,100,32,Resource Calendar 11175,2402.7433129316705,820.6652520600328
datamining,100,32,Resource Calendar 11181,2862.8499787242063,674.6575950370784
datamining,100,32,Resource Calendar 11197,2826.8002136454584,766.7790422815568
datamining,100,32,Resource Calendar 11204,3092.670981195453,663.7206845290425
datamining,100,32,Resource Calendar 11218,2627.3805766891137,669.0253567496221
datamining,100,32,Resource Calendar 11302,3099.875422802022,708.6468443547053
datamining,100,32,Resource Calendar 11314,2729.9997672116406,598.0112425625595
datamining,100,32,Resource Calendar 11327,2674.4234217705302,778.1777575555984
datamining,100,32,Resource Calendar 1134,3348.2395742820518,920.7830078443809
datamining,100,32,Resource Calendar 11342,3177.442883877797,733.196140264159
datamining,100,32,Resource Calendar 11349,3054.350947426378,834.8310210901291
datamining,100,32,Resource Calendar 11353,2519.7553698020056,1023.7458255399424
datamining,100,32,Resource Calendar 11387,2994.1245447534693,865.0226999291658
datamining,100,32,Resource Calendar 11393,2729.053781424531,803.3780114468198
datamining,100,32,Resource Calendar 11395,2511.2814741843754,638.6667973734329
datamining,100,32,Resource Calendar 11415,3286.472841750606,809.6133735723099
datamining,100,32,Resource Calendar 11469,3739.629897440641,853.9454516442255
datamining,100,32,Resource Calendar 11509,2741.6384169525904,837.4513055696634
datamining,100,32,Resource Calendar 11515,1616.562470246345,545.3118976901754
datamining,100,32,Resource Calendar 11548,2537.505314372907,689.5783497818841
datamining,100,32,Resource Calendar 11557,2693.294439605175,621.8159096885325
datamining,100,32,Resource Calendar 11568,3200.630485369133,554.7504642298273
datamining,100,32,Resource Calendar 11571,2898.460411967337,898.9251711616548
datamining,100,32,Resource Calendar 11583,2639.103958677018,637.9961760467605
datamining,100,32,Resource Calendar 11611,2520.1482364278254,544.0382646552325
datamining,100,32,Resource Calendar 11613,3085.162058323517,882.4207422713552
datamining,100,32,Resource Calendar 11614,2812.6772971627042,615.3741297296909
datamining,100,32,Resource Calendar 11653,3558.927664288978,807.1700204526985
datamining,100,32,Resource Calendar 11678,2318.295280371823,531.633753730321
datamining,100,32,Resource Calendar 11692,3018.9108137179273,697.8773585516022
datamining,100,32,Resource Calendar 117,3341.419805314016,716.0253441880502
datamining,100,32,Resource Calendar 11706,2419.787636273528,632.8666301750787
datamining,100,32,Resource Calendar 11759,2966.921002507627,850.7425837830488
datamining,100,32,Resource Calendar 11760,3432.9220042137895,805.740052047461
datamining,100,32,Resource Calendar 11772,3664.114761166526,854.246300403662
datamining,100,32,Resource Calendar 11775,3021.6169646922476,944.7922825686071
datamining,100,32,Resource Calendar 11799,2616.443704621603,606.2802150793918
datamining,100,32,Resource Calendar 11805,2736.8776713247084,805.3329513988257
datamining,100,32,Resource Calendar 11811,2338.6616922593776,556.5180402821699
datamining,100,32,Resource Calendar 11829,2400.2662661028044,736.746188113021
datamining,100,32,Resource Calendar 11854,2861.1811458749166,820.9295746782483
datamining,100,32,Resource Calendar 11858,3235.9838572452586,840.7069577660712
datamining,100,32,Resource Calendar 11861,2743.9486193987505,768.1352108958891
datamining,100,32,Resource Calendar 11959,2806.295663267037,605.4277425551302
datamining,100,32,Resource Calendar 11961,3071.4437119106587,706.9727351577974
datamining,100,32,Resource Calendar 11973,2874.553367450845,694.4555001892891
datamining,100,32,Resource Calendar 11993,2472.5168235766682,616.5264729968837
datamining,100,32,Resource Calendar 12006,2987.3608518169235,763.3542074462907
datamining,100,32,Resource Calendar 12062,3093.238112362966,744.6940406853645
datamining,100,32,Resource Calendar 12093,2728.468579566681,622.7571558107985
datamining,100,32,Resource Calendar 12129,2929.808558178627,795.2896410869532
datamining,100,32,Resource Calendar 12175,3205.6793504117395,850.2610822057756
datamining,100,32,Resource Calendar 12196,3555.993698797238,1026.1561377006326
datamining,100,32,Resource Calendar 12452,2821.3896888397458,723.2678389378897
datamining,100,32,Resource Calendar 12459,2501.022896313445,430.44696829363807
datamining,100,32,Resource Calendar 12521,3138.3694839628374,725.8402560990762
datamining,100,32,Resource Calendar 12532,3751.031605257368,879.1292156592166
datamining,100,32,Resource Calendar 12535,3474.118797512564,953.4391236046293
datamining,100,32,Resource Calendar 12548,3354.296064889357,522.6339280774891
datamining,100,32,Resource Calendar 12814,2680.4713054181943,588.6618218853973
datamining,100,32,Resource Calendar 12836,3203.574049584352,877.7470739375052
datamining,100,32,Resource Calendar 12915,2591.7057788040347,576.7437445494733
datamining,100,32,Resource Calendar 12935,2291.074345039298,664.7155555257843
datamining,100,32,Resource Calendar 1295,3268.377543043978,738.4488953630606
datamining,100,32,Resource Calendar 13014,2551.8374142500793,585.1779156496517
datamining,100,32,Resource Calendar 1314,3169.197200163523,605.4165696143583
datamining,100,32,Resource Calendar 1343,3009.0689268054193,779.818013568803
datamining,100,32,Resource Calendar 13544,2775.9594601965546,654.2949849520577
datamining,100,32,Resource Calendar 13559,2675.862711682353,666.3145196366777
datamining,100,32,Resource Calendar 13733,2438.3836973426373,564.1858492155649
datamining,100,32,Resource Calendar 1378,2865.974530185905,921.4465613482266
datamining,100,32,Resource Calendar 13803,2853.7797440281447,610.5973986737046
datamining,100,32,Resource Calendar 14126,2434.854409781773,587.1741518256944
datamining,100,32,Resource Calendar 14128,3699.3309942041537,731.0998708840134
datamining,100,32,Resource Calendar 1422,2568.4768633909534,676.9944747887258
datamining,100,32,Resource Calendar 14440,3249.748952062312,668.1164980931666
datamining,100,32,Resource Calendar 1471,2415.217759967245,881.8807970631832
datamining,100,32,Resource Calendar 15057,2972.4932903624253,830.7074686214089
datamining,100,32,Resource Calendar 1515,3052.6882459902504,755.1433860516355
datamining,100,32,Resource Calendar 1524,2125.705632937132,814.2535422236609
datamining,100,32,Resource Calendar 15315,3290.1994939171855,678.6029827983004
datamining,100,32,Resource Calendar 15323,2110.2269754259714,661.9099826097269
datamining,100,32,Resource Calendar 15345,2757.295266157542,560.4619347715525
datamining,100,32,Resource Calendar 15352,2703.353789300109,787.3445107842894
datamining,100,32,Resource Calendar 15356,2569.0564991459846,565.9455535471367
datamining,100,32,Resource Calendar 15370,2459.1356276225874,775.7181120765812
datamining,100,32,Resource Calendar 15547,2806.158506621698,742.9071232244358
datamining,100,32,Resource Calendar 15612,2326.216854519398,528.562005730425
datamining,100,32,Resource Calendar 157,2586.7884641936807,599.2224814522784
datamining,100,32,Resource Calendar 15862,2563.6127388251957,819.0129683526169
datamining,100,32,Resource Calendar 15884,2414.0633983621556,623.719256696234
datamining,100,32,Resource Calendar 15930,4150.743961807332,997.0914832061949
datamining,100,32,Resource Calendar 15957,2637.886775196437,782.18962151559
datamining,100,32,Resource Calendar 16273,2743.8882642685226,824.2716787433454
datamining,100,32,Resource Calendar 163,2188.3225629962835,557.9718721531299
datamining,100,32,Resource Calendar 1646,3132.7780283574334,757.0686785430644
datamining,100,32,Resource Calendar 16695,3040.897120199045,722.1173428943044
datamining,100,32,Resource Calendar 1684,3161.584330285593,805.3599276613712
datamining,100,32,Resource Calendar 1707,2516.6876635947187,551.1968254164615
datamining,100,32,Resource Calendar 17296,2608.5875147494608,753.6981320779105
datamining,100,32,Resource Calendar 17379,3153.2863441789973,722.508870288501
datamining,100,32,Resource Calendar 17525,2564.205863929449,684.6783479465072
datamining,100,32,Resource Calendar 17625,2596.4348679469454,623.2077616108234
datamining,100,32,Resource Calendar 17642,2657.618158445615,775.5052488155027
datamining,100,32,Resource Calendar 17769,2619.243843561041,876.3680843938888
datamining,100,32,Resource Calendar 17807,2711.556164833772,574.8038162311918
datamining,100,32,Resource Calendar 17872,2878.026958936134,707.3478241208732
datamining,100,32,Resource Calendar 1792,2872.3120251626037,858.4906850841894
datamining,100,32,Resource Calendar 1795,2847.237775196488,834.2946895181541
datamining,100,32,Resource Calendar 17965,3363.65749193513,701.2656252856366
datamining,100,32,Resource Calendar 18289,2622.1413290706005,667.2949059330082
datamining,100,32,Resource Calendar 18317,2807.3567031043935,671.108924517856
datamining,100,32,Resource Calendar 18501,2593.508544458392,678.3840171036695
datamining,100,32,Resource Calendar 186,3071.34304733568,816.5839558525092
datamining,100,32,Resource Calendar 1860,2856.1512441426603,597.155809289327
datamining,100,32,Resource Calendar 18760,3693.7623696885103,1106.2725294564395
datamining,100,32,Resource Calendar 18929,2909.932970904177,762.0190382700895
datamining,100,32,Resource Calendar 18942,3064.4100444434634,938.5655990971876
datamining,100,32,Resource Calendar 19019,3301.886746143497,919.2837137049245
datamining,100,32,Resource Calendar 1910,2506.1727244270214,669.6802986420224
datamining,100,32,Resource Calendar 19214,2841.69066267792,959.4553462948812
datamining,100,32,Resource Calendar 19295,3532.0204263250484,832.0618080697514
datamining,100,32,Resource Calendar 19296,2807.9437621491493,623.5344771647115
datamining,100,32,Resource Calendar 1934,2685.29371870132,553.1756967884924
datamining,100,32,Resource Calendar 19422,2937.733096623485,653.3792144778291
datamining,100,32,Resource Calendar 19531,2961.6220657040203,824.6589101666866
datamining,100,32,Resource Calendar 19572,3036.238669035212,707.7621213288373
datamining,100,32,Resource Calendar 19582,2854.941113290894,657.5195336346184
datamining,100,32,Resource Calendar 1959,2737.7510853891877,886.9307245857195
datamining,100,32,Resource Calendar 19591,2838.498177297684,726.6914142227342
datamining,100,32,Resource Calendar 19692,2640.819582525516,742.0572502407158
datamining,100,32,Resource Calendar 19746,3599.4822884703954,865.0971119870986
datamining,100,32,Resource Calendar 19811,2721.2122086868176,712.6352045873383
datamining,100,32,Resource Calendar 19916,2715.387694391656,512.3943734297652
datamining,100,32,Resource Calendar 1995,2333.041694675577,714.0439566745173
datamining,100,32,Resource Calendar 20194,2821.96928791909,794.8397635431603
datamining,100,32,Resource Calendar 2045,2746.1137819395344,574.2654678965007
datamining,100,32,Resource Calendar 2091,2334.2494505249065,654.8691213648899
datamining,100,32,Resource Calendar 21188,2632.0058759519375,527.9760454121815
datamining,100,32,Resource Calendar 2133,3184.1903178318603,739.9349038330693
datamining,100,32,Resource Calendar 2144,2301.846978619879,561.7512107187688
datamining,100,32,Resource Calendar 2150,2094.085881658545,560.6566731253388
datamining,100,32,Resource Calendar 2154,2974.117611951364,840.5280307492627
datamining,100,32,Resource Calendar 21562,2306.023514993072,699.1483655100101
datamining,100,32,Resource Calendar 22074,3060.7246708324415,599.3047387268729
datamining,100,32,Resource Calendar 22377,2849.328833853606,645.4965574878435
datamining,100,32,Resource Calendar 22404,2622.6848328186275,500.90030051029413
datamining,100,32,Resource Calendar 22437,2939.963584664342,860.7931616385043
datamining,100,32,Resource Calendar 22438,2775.673745984252,695.0838678828073
datamining,100,32,Resource Calendar 22439,3182.3737201237905,846.3609379661722
datamining,100,32,Resource Calendar 22475,4660.343284645287,989.921015753314
datamining,100,32,Resource Calendar 22476,2906.297363085526,693.5906804575641
datamining,100,32,Resource Calendar 22478,2888.797028481172,802.109979160697
datamining,100,32,Resource Calendar 22485,2649.3800476540805,649.0512415577473
datamining,100,32,Resource Calendar 22490,3830.3830042431036,874.8573656094006
datamining,100,32,Resource Calendar 22491,3051.4716435647897,807.9985105301414
datamining,100,32,Resource Calendar 22496,2650.646669566658,704.6798773104933
datamining,100,32,Resource Calendar 22529,2283.6043914563916,520.8360401406511
datamining,100,32,Resource Calendar 22533,2019.932906104632,558.9488957912656
datamining,100,32,Resource Calendar 22534,2471.6667363709967,660.7194851127903
datamining,100,32,Resource Calendar 22543,3246.2472110599806,724.1242225831284
datamining,100,32,Resource Calendar 22560,2573.4756956825977,616.3198689937622
datamining,100,32,Resource Calendar 22592,2240.326130882629,575.646614298181
datamining,100,32,Resource Calendar 22624,3393.7165625098987,815.6432522877113
datamining,100,32,Resource Calendar 22736,2275.223171129913,508.79111182474327
datamining,100,32,Resource Calendar 2274,2643.0147212068628,625.2893787949863
datamining,100,32,Resource Calendar 22785,2260.603313258917,573.7709531622862
datamining,100,32,Resource Calendar 22795,2712.5896121708106,738.0775002028887
datamining,100,32,Resource Calendar 22829,3204.3499627653637,736.3296847982099
datamining,100,32,Resource Calendar 2292,3311.3553308738733,901.7742959499983
datamining,100,32,Resource Calendar 22940,2550.023969242678,754.8432948922322
datamining,100,32,Resource Calendar 22950,3023.6371411852056,1005.7242383642089
datamining,100,32,Resource Calendar 22962,2621.463561331928,710.2375593936345
datamining,100,32,Resource Calendar 23335,2144.628640501628,595.746805661827
datamining,100,32,Resource Calendar 23530,3362.768354440678,782.4538871473609
datamining,100,32,Resource Calendar 23842,2952.365354137172,1006.7127228288786
datamining,100,32,Resource Calendar 2391,2658.595936007134,666.4103032666408
datamining,100,32,Resource Calendar 23934,2699.2526011963723,821.7197132114578
datamining,100,32,Resource Calendar 23978,3252.5424298898374,938.7448210634958
datamining,100,32,Resource Calendar 2408,3008.5633787532265,755.2841879623318
datamining,100,32,Resource Calendar 241,3677.4142669505354,912.995059355904
datamining,100,32,Resource Calendar 2440,2873.9395492896238,796.9178949292287
datamining,100,32,Resource Calendar 24517,2567.137713331014,907.5017931541748
datamining,100,32,Resource Calendar 24519,3010.7180906626977,812.4283737989576
datamining,100,32,Resource Calendar 2453,2473.1467890058807,635.7454149997661
datamining,100,32,Resource Calendar 24536,2314.658970181049,720.8505383210431
datamining,100,32,Resource Calendar 24544,3031.876148876484,826.3070509529124
datamining,100,32,Resource Calendar 2463,2765.863203491931,877.9118031706166
datamining,100,32,Resource Calendar 2465,2616.8618169232664,739.6935630331515
datamining,100,32,Resource Calendar 2506,2876.3699589327507,877.6030130956502
datamining,100,32,Resource Calendar 2512,2508.7984491054026,637.4151318723211
datamining,100,32,Resource Calendar 25141,2627.034153090378,721.9605527655474
datamining,100,32,Resource Calendar 2541,3649.740321808427,797.4059005059995
datamining,100,32,Resource Calendar 261,2672.5277505552076,658.9294596535176
datamining,100,32,Resource Calendar 26147,2905.7454193383787,620.6745813784042
datamining,100,32,Resource Calendar 26248,2947.2835547777063,647.2898844941832
datamining,100,32,Resource Calendar 26259,2541.419405393417,729.7453312816054
datamining,100,32,Resource Calendar 26271,4044.9313307099246,725.0212428524566
datamining,100,32,Resource Calendar 26298,3166.3001197701624,1024.2040584314996
datamining,100,32,Resource Calendar 26321,3081.949371256469,781.8034479028314
datamining,100,32,Resource Calendar 26344,2782.406072949009,745.7234158104073
datamining,100,32,Resource Calendar 26348,2990.8097978609103,753.8191252314946
datamining,100,32,Resource Calendar 26359,3218.754208311373,928.0278648266935
datamining,100,32,Resource Calendar 2649,3195.1686060232337,739.1222771238677
datamining,100,32,Resource Calendar 26756,3106.601420739996,840.5020658822986
datamining,100,32,Resource Calendar 26757,3147.719686831331,726.264505039688
datamining,100,32,Resource Calendar 26758,2526.4178180104295,640.3197661910517
datamining,100,32,Resource Calendar 26759,2767.36370556101,866.9888308611086
datamining,100,32,Resource Calendar 26762,3709.2883412207448,821.0052185454045
datamining,100,32,Resource Calendar 26763,2818.2823272639457,593.3190125751734
datamining,100,32,Resource Calendar 26767,3356.5053866082053,888.6540371810057
datamining,100,32,Resource Calendar 26772,2934.582559738903,879.5267594694454
datamining,100,32,Resource Calendar 26780,2881.1792219874415,762.9341165762718
datamining,100,32,Resource Calendar 26788,3146.40569989306,655.7335025256676
datamining,100,32,Resource Calendar 26789,3637.171900186098,778.1932345879547
datamining,100,32,Resource Calendar 26793,2716.037275557307,617.2148698871035
datamining,100,32,Resource Calendar 26796,2456.1005466838733,720.8603170429602
datamining,100,32,Resource Calendar 27293,3169.214466100153,712.7091741515577
datamining,100,32,Resource Calendar 2735,2140.2829875718653,604.3666428574895
datamining,100,32,Resource Calendar 2740,2561.9922459332006,671.808571390275
datamining,100,32,Resource Calendar 2804,2287.4886351854684,725.4366882843884
datamining,100,32,Resource Calendar 2834,2061.5380902608845,517.5576046848441
datamining,100,32,Resource Calendar 28881,2480.423375061023,610.3549490102558
datamining,100,32,Resource Calendar 2925,2726.4044262214434,724.3414743080779
datamining,100,32,Resource Calendar 29274,1945.1997013700172,428.95770668216215
datamining,100,32,Resource Calendar 29276,3381.149644051419,663.9878129010243
datamining,100,32,Resource Calendar 29277,2915.9416551115964,707.210986614847
datamining,100,32,Resource Calendar 29280,3261.9229789590454,774.2025949419944
datamining,100,32,Resource Calendar 29281,2387.4608194594925,538.0177705076861
datamining,100,32,Resource Calendar 294,2910.3137096482474,681.7318402038327
datamining,100,32,Resource Calendar 29577,2666.174669451537,784.3010996842381
datamining,100,32,Resource Calendar 29578,3580.0547490183576,742.5691690415129
datamining,100,32,Resource Calendar 29579,2584.6843715961872,636.7070801162813
datamining,100,32,Resource Calendar 2970,2806.532947828928,890.6172589940315
datamining,100,32,Resource Calendar 29704,2933.0496635698273,797.1108198091214
datamining,100,32,Resource Calendar 2981,3358.5298149473083,918.1448085124287
datamining,100,32,Resource Calendar 3003,2927.743711476777,716.6897131851848
datamining,100,32,Resource Calendar 3019,3257.815538375171,824.2378707004963
datamining,100,32,Resource Calendar 305,3303.099966299352,885.8741264565735
datamining,100,32,Resource Calendar 3057,3131.8726769095747,858.5796148222153
datamining,100,32,Resource Calendar 308,2981.3240425149525,890.8646577668997
datamining,100,32,Resource Calendar 3108,3225.9402874259904,559.1223453715028
datamining,100,32,Resource Calendar 3113,2655.1523255541647,777.5615518104071
datamining,100,32,Resource Calendar 3149,2297.8740180529608,756.2215083549896
datamining,100,32,Resource Calendar 3296,2660.406070827597,629.2081557288138
datamining,100,32,Resource Calendar 3409,2875.048499630956,688.5043029347424
datamining,100,32,Resource Calendar 341,2895.0995330873284,820.6400228821853
datamining,100,32,Resource Calendar 3421,2236.2424111206415,708.6990595014172
datamining,100,32,Resource Calendar 3445,3631.6008768621746,860.3807280257513
datamining,100,32,Resource Calendar 3480,3090.6522198102316,849.4918193173552
datamining,100,32,Resource Calendar 3502,2695.5211966803117,831.2306813292274
datamining,100,32,Resource Calendar 3510,2371.3557930593,663.3963067775793
datamining,100,32,Resource Calendar 3603,2798.2379038057998,616.4709439378086
datamining,100,32,Resource Calendar 3656,3096.9120287702194,558.622091808628
datamining,100,32,Resource Calendar 369,2772.2616008702594,557.3888231553041
datamining,100,32,Resource Calendar 3695,2572.7519152443815,650.3459146202254
datamining,100,32,Resource Calendar 3703,3169.215882599993,803.5880894131839
datamining,100,32,Resource Calendar 3729,2756.0651191182515,725.1198920644376
datamining,100,32,Resource Calendar 3747,2884.250678745481,728.5774038547637
datamining,100,32,Resource Calendar 3796,2868.3909924523437,872.6276246600494
datamining,100,32,Resource Calendar 3815,2764.700887278519,670.8412803684403
datamining,100,32,Resource Calendar 387,3942.652663008162,1092.950965443666
datamining,100,32,Resource Calendar 3917,2532.283088298835,763.3040392294942
datamining,100,32,Resource Calendar 3926,3193.7311346215433,762.757566556996
datamining,100,32,Resource Calendar 397,2552.655315951389,724.7458461864761
datamining,100,32,Resource Calendar 4032,2777.7976538264697,528.3791269252198
datamining,100,32,Resource Calendar 4067,2611.729971727852,703.9679472429127
datamining,100,32,Resource Calendar 410,3157.215391809592,886.4200503453054
datamining,100,32,Resource Calendar 4126,3243.7381754546523,751.032660370143
datamining,100,32,Resource Calendar 4130,3072.9659344251713,761.2448953497365
datamining,100,32,Resource Calendar 4148,2873.2273929873177,654.0998412009219
datamining,100,32,Resource Calendar 436,3083.8441631897504,827.1397819166854
datamining,100,32,Resource Calendar 4441,2858.4352019014473,770.4701210819256
datamining,100,32,Resource Calendar 4457,2846.400530616526,691.0231014271418
datamining,100,32,Resource Calendar 448,2995.568921920615,659.6078411934634
datamining,100,32,Resource Calendar 4560,3547.2906393467583,847.0998822684378
datamining,100,32,Resource Calendar 4701,2670.779915172704,848.3365468218745
datamining,100,32,Resource Calendar 4708,2733.768181526683,660.9538316363297
datamining,100,32,Resource Calendar 4745,2755.0454586784326,940.5496507872998
datamining,100,32,Resource Calendar 4765,3117.5142837855014,972.0316890247898
datamining,100,32,Resource Calendar 4834,2623.587477516021,687.7089179473393
datamining,100,32,Resource Calendar 4840,3756.908150153238,972.9486152032913
datamining,100,32,Resource Calendar 4867,2897.978401598639,478.30754578702073
datamining,100,32,Resource Calendar 49,2894.143886913842,805.340647607955
datamining,100,32,Resource Calendar 4905,1761.479027061358,530.6108129486882
datamining,100,32,Resource Calendar 4912,2753.3030446672215,726.5614605944774
datamining,100,32,Resource Calendar 4913,3125.2967872511413,691.1040292304999
datamining,100,32,Resource Calendar 4918,3028.8813560356853,700.6130038620654
datamining,100,32,Resource Calendar 4924,2879.8136942294627,605.0023980610933
datamining,100,32,Resource Calendar 5020,3793.588051931245,857.5757037651144
datamining,100,32,Resource Calendar 5028,2805.633987180159,765.3832165482359
datamining,100,32,Resource Calendar 5064,2616.935669884335,599.1742401032719
datamining,100,32,Resource Calendar 5151,3016.842558663195,649.3604378280713
datamining,100,32,Resource Calendar 5154,2215.392454953567,694.0296617003278
datamining,100,32,Resource Calendar 5183,2696.0830763887834,664.5890200426617
datamining,100,32,Resource Calendar 5189,2851.3167190579948,809.7835347549806
datamining,100,32,Resource Calendar 5221,2735.748774685973,774.3373306095888
datamining,100,32,Resource Calendar 5275,3174.360462257135,736.687060645657
datamining,100,32,Resource Calendar 528,2549.5645365586793,704.0063152996439
datamining,100,32,Resource Calendar 5290,2570.1896597995155,710.2083757554548
datamining,100,32,Resource Calendar 5292,2531.056282148443,730.3011057804015
datamining,100,32,Resource Calendar 5330,3114.0978360788877,659.801762455362
datamining,100,32,Resource Calendar 5396,2293.6843125708538,436.9120487434386
datamining,100,32,Resource Calendar 5488,3156.5407227263927,747.722151375538
datamining,100,32,Resource Calendar 5506,3005.3172532261615,723.9453456999804
datamining,100,32,Resource Calendar 5571,2344.1241616995285,693.1485186553405
datamining,100,32,Resource Calendar 5573,2844.2022306282224,721.8449212877605
datamining,100,32,Resource Calendar 5588,3231.1117425416223,696.5711451595868
datamining,100,32,Resource Calendar 559,3189.65034579001,764.816345994344
datamining,100,32,Resource Calendar 5593,2541.8913818555634,747.3094927020534
datamining,100,32,Resource Calendar 5613,2582.610820954645,776.4540177691379
datamining,100,32,Resource Calendar 5641,2571.509547579841,619.8425490511812
datamining,100,32,Resource Calendar 566,2923.414644833603,633.4986785375739
datamining,100,32,Resource Calendar 5667,3129.5409250421035,654.6034116990485
datamining,100,32,Resource Calendar 5668,3009.211606428963,880.5049647970295
datamining,100,32,Resource Calendar 5714,3114.4531208280164,649.4310382220474
datamining,100,32,Resource Calendar 5778,2927.934109406727,623.432175212987
datamining,100,32,Resource Calendar 5793,2632.8932768188206,674.9667498285412
datamining,100,32,Resource Calendar 5802,2449.1064916536475,678.907653432002
datamining,100,32,Resource Calendar 5858,2898.391229962883,815.8010712573522
datamining,100,32,Resource Calendar 5883,2960.6893166550576,689.0100069967916
datamining,100,32,Resource Calendar 5972,2737.5254676240984,745.3559977161457
datamining,100,32,Resource Calendar 6004,2776.314150601708,761.4872951812672
datamining,100,32,Resource Calendar 6039,2670.356972351602,699.004963781906
datamining,100,32,Resource Calendar 6101,3146.9816840664193,680.8446508310863
datamining,100,32,Resource Calendar 6107,3251.6625354667704,714.8600788958518
datamining,100,32,Resource Calendar 6159,2911.194765654444,806.6837122043585
datamining,100,32,Resource Calendar 6186,2866.234161638348,627.3090144154837
datamining,100,32,Resource Calendar 6204,2519.440842972831,810.1249119886811
datamining,100,32,Resource Calendar 6229,2640.1437573501066,839.5789786888951
datamining,100,32,Resource Calendar 6231,3110.0323321563865,603.9537602480005
datamining,100,32,Resource Calendar 6260,2703.303339861171,813.3033475156366
datamining,100,32,Resource Calendar 6369,2692.980427014048,642.6751988150293
datamining,100,32,Resource Calendar 6400,3119.6096793608813,668.1798710183893
datamining,100,32,Resource Calendar 6410,2351.591022423619,734.8938486766024
datamining,100,32,Resource Calendar 6426,2118.521681645816,518.0609251614204
datamining,100,32,Resource Calendar 6437,2701.4906825878693,823.0217606544215
datamining,100,32,Resource Calendar 6469,2667.3663646155096,741.4076058086486
datamining,100,32,Resource Calendar 6497,2650.5715323945738,728.6831622058535
datamining,100,32,Resource Calendar 6520,3161.335811988536,572.3714101191064
datamining,100,32,Resource Calendar 6551,3171.6756604616644,750.9285442429263
datamining,100,32,Resource Calendar 6572,2741.3944706641055,701.783821734219
datamining,100,32,Resource Calendar 659,2844.688423274679,692.2483416212992
datamining,100,32,Resource Calendar 6598,2887.0147616595377,612.5164453347139
datamining,100,32,Resource Calendar 6625,3035.902900839946,762.0385827103237
datamining,100,32,Resource Calendar 6629,2794.169255141789,636.006434324223
datamining,100,32,Resource Calendar 6639,2366.678120234934,685.0274335994554
datamining,100,32,Resource Calendar 669,3330.2089560160175,957.8703879873782
datamining,100,32,Resource Calendar 6694,3236.767039578482,1011.0030518933094
datamining,100,32,Resource Calendar 6723,2686.5524359510523,630.3900046085413
datamining,100,32,Resource Calendar 6767,3829.6989614756685,1007.6328675056167
datamining,100,32,Resource Calendar 677,3612.1977675475664,649.1061705445451
datamining,100,32,Resource Calendar 6799,3088.1170845982037,871.3229317688698
datamining,100,32,Resource Calendar 6844,2832.822672862792,593.7848860768362
datamining,100,32,Resource Calendar 6851,3211.8647259692702,865.6565811623462
datamining,100,32,Resource Calendar 6872,2835.985018127441,699.5100653375378
datamining,100,32,Resource Calendar 6876,3158.2046189553184,1144.9045103874387
datamining,100,32,Resource Calendar 6889,2751.6237839456535,841.4835812387721
datamining,100,32,Resource Calendar 6894,3497.131944159425,916.7530243194494
datamining,100,32,Resource Calendar 695,3145.453132617324,661.341713451347
datamining,100,32,Resource Calendar 6952,2967.3227192882887,1026.7117655461182
datamining,100,32,Resource Calendar 6954,2600.508636861795,658.1077561262955
datamining,100,32,Resource Calendar 6958,2649.934915174197,645.5775847071847
datamining,100,32,Resource Calendar 6971,2483.1343334730036,869.9804240699671
datamining,100,32,Resource Calendar 6979,3861.5239741620658,1070.3959290210175
datamining,100,32,Resource Calendar 6985,3053.5971269221095,866.8366162954778
datamining,100,32,Resource Calendar 6987,2863.033178021633,748.9818628533563
datamining,100,32,Resource Calendar 6990,2429.32940749557,673.4956119366208
datamining,100,32,Resource Calendar 6995,2104.9322600117634,552.8955223945695
datamining,100,32,Resource Calendar 7007,3142.333197725068,868.7894373285357
datamining,100,32,Resource Calendar 7010,2953.746014479936,750.3238028768462
datamining,100,32,Resource Calendar 7019,2843.9560274291716,812.4380982566162
datamining,100,32,Resource Calendar 7039,2893.4927591823725,734.7188468790599
datamining,100,32,Resource Calendar 7071,2560.824232810698,851.4295256443556
datamining,100,32,Resource Calendar 7080,3191.553096831166,903.4352640783068
datamining,100,32,Resource Calendar 7088,2352.7605980338117,794.0680232335596
datamining,100,32,Resource Calendar 7091,2330.004381629735,529.7682680776215
datamining,100,32,Resource Calendar 7137,3131.0059681103075,740.5929633447615
datamining,100,32,Resource Calendar 7143,2218.725180464865,792.116670297175
datamining,100,32,Resource Calendar 7144,2286.9875034879447,640.6189741587488
datamining,100,32,Resource Calendar 7147,3185.752536426956,623.7484443664094
datamining,100,32,Resource Calendar 716,3682.7168314293936,696.7851103557169
datamining,100,32,Resource Calendar 7177,2650.4801608377356,839.1245483220365
datamining,100,32,Resource Calendar 7186,2887.5885747860457,666.0562358149181
datamining,100,32,Resource Calendar 7297,2631.7636590443303,688.1829173782747
datamining,100,32,Resource Calendar 7299,2766.1515628862862,743.2228289275578
datamining,100,32,Resource Calendar 7304,2662.1906156983828,811.1118493798233
datamining,100,32,Resource Calendar 7311,3246.686559506053,647.3051499171561
datamining,100,32,Resource Calendar 7314,2713.201340268489,647.4709097187314
datamining,100,32,Resource Calendar 7316,2866.2171861875195,800.4201056724721
datamining,100,32,Resource Calendar 7320,2834.588409959053,680.4683765954628
datamining,100,32,Resource Calendar 7323,3245.9578328915127,779.6793235365757
datamining,100,32,Resource Calendar 7324,3811.397679795901,873.5961944969416
datamining,100,32,Resource Calendar 7331,3098.286092030929,802.0186956045841
datamining,100,32,Resource Calendar 7355,3050.309149674954,702.4217191012118
datamining,100,32,Resource Calendar 7369,3193.3552926741536,799.5731713510266
datamining,100,32,Resource Calendar 7374,2773.929624323773,691.4055351783636
datamining,100,32,Resource Calendar 7387,3038.613172751207,899.0187366112428
datamining,100,32,Resource Calendar 7389,2605.60401621673,712.7370401719306
datamining,100,32,Resource Calendar 7394,3320.5473363724286,768.167557215622
datamining,100,32,Resource Calendar 7423,3569.888059822374,896.8501923947832
datamining,100,32,Resource Calendar 7490,3008.3796988001536,741.5026798230775
datamining,100,32,Resource Calendar 7492,3078.59089530318,853.7515830643996
datamining,100,32,Resource Calendar 7518,2495.068971037072,470.66792860986874
datamining,100,32,Resource Calendar 754,3065.942004661356,755.9240230229597
datamining,100,32,Resource Calendar 7573,3642.882872370712,822.3931968674949
datamining,100,32,Resource Calendar 7574,2079.5566907173106,446.1864006997799
datamining,100,32,Resource Calendar 7592,2868.343231548799,784.0953407873402
datamining,100,32,Resource Calendar 7599,2883.9620004481844,602.140673319388
datamining,100,32,Resource Calendar 7611,3052.0447986151585,786.1611959160922
datamining,100,32,Resource Calendar 7628,3038.206970885761,826.5150092212554
datamining,100,32,Resource Calendar 7638,2760.5367950519003,753.9469340839541
datamining,100,32,Resource Calendar 7641,2409.747720313894,558.3931383789846
datamining,100,32,Resource Calendar 7650,3180.053341208938,817.8074450395478
datamining,100,32,Resource Calendar 7660,3338.6965662174352,1190.2987836585448
datamining,100,32,Resource Calendar 7664,2574.9460529132366,673.9291058451179
datamining,100,32,Resource Calendar 7682,2862.591501920415,813.2003109884608
datamining,100,32,Resource Calendar 7717,2752.2295828192846,649.7624899016465
datamining,100,32,Resource Calendar 7736,3324.665333215945,644.9234953398568
datamining,100,32,Resource Calendar 7763,3002.646863748899,899.1100883577749
datamining,100,32,Resource Calendar 7770,2472.5887506825643,622.6677721599076
datamining,100,32,Resource Calendar 7775,2844.408446669192,808.4861679728059
datamining,100,32,Resource Calendar 7781,3518.240686895031,747.9506952674745
datamining,100,32,Resource Calendar 7783,3498.4516805172575,792.7414195952424
datamining,100,32,Resource Calendar 7819,2808.0386963294773,669.0347084671378
datamining,100,32,Resource Calendar 7820,2834.908197114687,862.245585066843
datamining,100,32,Resource Calendar 7824,2527.523018704711,686.0458001259517
datamining,100,32,Resource Calendar 7836,2575.653183183791,764.0203814624701
datamining,100,32,Resource Calendar 7854,2694.583834935818,541.1708088758554
datamining,100,32,Resource Calendar 7862,3010.873090698942,684.5920138152234
datamining,100,32,Resource Calendar 7897,3707.9933271316754,894.7641918457876
datamining,100,32,Resource Calendar 7963,2675.6078891238712,723.5168940330718
datamining,100,32,Resource Calendar 8022,2963.6666228673953,717.3712850671809
datamining,100,32,Resource Calendar 8032,3105.3801685364133,941.2262531844814
datamining,100,32,Resource Calendar 8033,2826.2116711949875,683.6715143156698
datamining,100,32,Resource Calendar 8064,2378.006690855625,579.6102230719517
datamining,100,32,Resource Calendar 8065,2924.193152502904,830.6464671781495
datamining,100,32,Resource Calendar 8112,2926.3525073485307,656.0698381568025
datamining,100,32,Resource Calendar 8121,3029.201031753168,704.45252678236
datamining,100,32,Resource Calendar 8139,3351.3044698428303,1077.7324050701368
datamining,100,32,Resource Calendar 8142,2903.1291295425804,669.9991467167096
datamining,100,32,Resource Calendar 8147,2649.429984216729,654.4866008350676
datamining,100,32,Resource Calendar 8160,2941.7492195107952,739.1171678476067
datamining,100,32,Resource Calendar 8164,2415.0171981029457,662.772915092741
datamining,100,32,Resource Calendar 8177,3228.437670705728,809.6344434245077
datamining,100,32,Resource Calendar 8186,2170.3899764206044,860.3714966239114
datamining,100,32,Resource Calendar 8188,3094.3696921083515,662.7073654457045
datamining,100,32,Resource Calendar 8203,2409.592862034401,837.3878849139553
datamining,100,32,Resource Calendar 8213,2318.7620982450258,614.2590949583513
datamining,100,32,Resource Calendar 8223,3092.130733535917,769.7002599250411
datamining,100,32,Resource Calendar 8225,2993.0714636301523,709.8862049556536
datamining,100,32,Resource Calendar 8248,2954.1380330779834,606.7802339654493
datamining,100,32,Resource Calendar 8263,2611.811582350879,596.9508822962154
datamining,100,32,Resource Calendar 8268,2708.8345428151065,850.4689303651564
datamining,100,32,Resource Calendar 8365,2261.6780463267805,730.4096977515264
datamining,100,32,Resource Calendar 8371,2670.5625334565393,582.5510309062686
datamining,100,32,Resource Calendar 8382,1957.2444654489639,695.9047433702644
datamining,100,32,Resource Calendar 8416,2497.2883831249414,612.9361655352822
datamining,100,32,Resource Calendar 8428,2596.6281767559362,663.772491715753
datamining,100,32,Resource Calendar 8443,3273.501311255004,583.3947716365242
datamining,100,32,Resource Calendar 8450,3050.8422195453336,974.5530448148342
datamining,100,32,Resource Calendar 8455,2667.1433134159597,1034.7376021145308
datamining,100,32,Resource Calendar 8461,3080.863113481382,817.6481739927154
datamining,100,32,Resource Calendar 8475,2628.2129681051874,535.4975170530242
datamining,100,32,Resource Calendar 8486,3206.0820551766446,839.3119836514953
datamining,100,32,Resource Calendar 8491,3008.9526971240984,795.1836007097933
datamining,100,32,Resource Calendar 8498,3345.5035017628957,868.2971971541978
datamining,100,32,Resource Calendar 8525,3022.4766261359932,770.9172414490848
datamining,100,32,Resource Calendar 8528,2984.4103177022444,846.2351841952781
datamining,100,32,Resource Calendar 8532,3164.877563492272,738.72407977383
datamining,100,32,Resource Calendar 8536,2827.9869582631254,830.072438204755
datamining,100,32,Resource Calendar 8556,2957.27789476429,776.5843700161322
datamining,100,32,Resource Calendar 8572,2568.3251746286974,698.6149329996741
datamining,100,32,Resource Calendar 8587,3452.4080195024903,748.214903151405
datamining,100,32,Resource Calendar 8588,2349.9679766971303,528.8848115411512
datamining,100,32,Resource Calendar 8614,2824.8210244532543,556.4797929387822
datamining,100,32,Resource Calendar 8651,3915.5333264052488,1254.907019932831
datamining,100,32,Resource Calendar 8655,2795.784678766217,693.4613306558133
datamining,100,32,Resource Calendar 8661,2772.568675290532,921.3374430245536
datamining,100,32,Resource Calendar 8688,3020.753874931383,802.7439839347611
datamining,100,32,Resource Calendar 8708,3307.0604142459642,770.0054700598157
datamining,100,32,Resource Calendar 8727,2767.0180274541863,596.2291213519421
datamining,100,32,Resource Calendar 8736,2661.063933972988,798.2125635681514
datamining,100,32,Resource Calendar 8744,3073.999614253724,772.7284190412588
datamining,100,32,Resource Calendar 8749,3213.3748573826265,716.6236106307177
datamining,100,32,Resource Calendar 8772,2882.273291389608,863.2352333598053
datamining,100,32,Resource Calendar 8774,3308.3248871379674,674.2069645012114
datamining,100,32,Resource Calendar 8786,2464.5335506281194,726.5866524014234
datamining,100,32,Resource Calendar 8797,2280.922066617296,557.8803253199936
datamining,100,32,Resource Calendar 8813,2891.2638290514274,806.8978671061042
datamining,100,32,Resource Calendar 8819,3255.183220925493,940.7718556758134
datamining,100,32,Resource Calendar 8824,2813.2678466385555,781.0786365553446
datamining,100,32,Resource Calendar 8854,2997.732193757293,680.9607112788885
datamining,100,32,Resource Calendar 8856,3210.147600271528,893.0077716653286
datamining,100,32,Resource Calendar 8882,3361.908876818951,888.2456623794799
datamining,100,32,Resource Calendar 8916,3202.982084840828,917.1447268474325
datamining,100,32,Resource Calendar 8955,2339.54145789798,675.3239728369033
datamining,100,32,Resource Calendar 8973,2966.333533478282,649.4865601145625
datamining,100,32,Resource Calendar 8995,3122.718164626992,911.3477327965919
datamining,100,32,Resource Calendar 8997,2341.128830081137,603.3184132296041
datamining,100,32,Resource Calendar 9146,2423.6228260067364,648.5260460954214
datamining,100,32,Resource Calendar 9154,2594.523276810702,683.0532193009102
datamining,100,32,Resource Calendar 9184,3521.34337678591,760.5053155121007
datamining,100,32,Resource Calendar 9187,2737.5174259159103,649.4728374330946
datamining,100,32,Resource Calendar 920,3770.9061663249663,938.7240971741469
datamining,100,32,Resource Calendar 9249,2996.1034781721137,773.1625245216819
datamining,100,32,Resource Calendar 9298,2620.5506907811873,586.347152424239
datamining,100,32,Resource Calendar 9332,3019.659899702418,529.1905014557825
datamining,100,32,Resource Calendar 9335,3252.065155349078,763.6607264443533
datamining,100,32,Resource Calendar 9336,3564.1860495007118,807.4694120069714
datamining,100,32,Resource Calendar 9348,2397.709427706739,686.2899701555367
datamining,100,32,Resource Calendar 9379,2989.5370525623493,938.3949711775364
datamining,100,32,Resource Calendar 9384,2586.930942529707,768.3128435871116
datamining,100,32,Resource Calendar 9404,2950.9786320025974,842.8691454723074
datamining,100,32,Resource Calendar 9420,2435.4417010987745,620.7326534500746
datamining,100,32,Resource Calendar 9427,2984.6562411040522,729.9311300766267
datamining,100,32,Resource Calendar 943,1852.3284083996236,473.498851044071
datamining,100,32,Resource Calendar 9433,2511.1724384878066,857.2804428347149
datamining,100,32,Resource Calendar 9437,3000.0126510015743,977.2326837902134
datamining,100,32,Resource Calendar 9445,2611.665780592366,535.0399331851902
datamining,100,32,Resource Calendar 9449,2792.848116360988,677.5685906283638
datamining,100,32,Resource Calendar 9451,2632.8513310722165,672.775717609362
datamining,100,32,Resource Calendar 9452,2421.407707704079,679.678550963766
datamining,100,32,Resource Calendar 9477,2290.661668712712,497.1390763062516
datamining,100,32,Resource Calendar 9483,2832.244538921623,626.3204996755059
datamining,100,32,Resource Calendar 9484,2645.855461769645,891.1794006091309
datamining,100,32,Resource Calendar 9489,3338.012550304334,809.2365268916203
datamining,100,32,Resource Calendar 9509,3404.42415363473,853.0721180191974
datamining,100,32,Resource Calendar 9519,3579.5281077478426,594.4230395537132
datamining,100,32,Resource Calendar 9531,2667.2105102934784,872.7345473496724
datamining,100,32,Resource Calendar 955,3216.5065264382088,943.9238396588806
datamining,100,32,Resource Calendar 957,2435.5535095569503,769.0028867812712
datamining,100,32,Resource Calendar 9711,2530.045954584266,922.2400679227103
datamining,100,32,Resource Calendar 9761,2317.345463848386,649.8010835549711
datamining,100,32,Resource Calendar 9872,2737.7422974871292,726.4965191373701
datamining,100,32,Resource Calendar 9886,3561.478291694414,807.9857901262387
datamining,100,32,Resource Calendar 9890,2004.3737376374138,570.753872765354
datamining,100,32,Resource Calendar 9987,2853.8929086142193,925.6197382395745
datamining,100,32,Resource Calendar End,32344.361573455735,16186.375756311072
datamining,100,32,Resource Calendar Start,34136.20166384065,11844.014341296284
datamining,200,32,Resource Calendar 1,2646.930925134491,660.6447031107118
datamining,200,32,Resource Calendar 1007,2770.74707590472,678.443620908821
datamining,200,32,Resource Calendar 10168,2609.0517033734704,1020.8695370402866
datamining,200,32,Resource Calendar 10176,2413.2419526813283,554.3380306554973
datamining,200,32,Resource Calendar 10183,2739.1410049450706,689.1685613176807
datamining,200,32,Resource Calendar 10228,2852.512863038004,683.9490056699688
datamining,200,32,Resource Calendar 10280,2668.037149882512,696.2594422417086
datamining,200,32,Resource Calendar 10296,2734.5700699431713,606.4934491314104
datamining,200,32,Resource Calendar 10348,2640.5614139887543,606.1172314622823
datamining,200,32,Resource Calendar 10665,3331.758429259738,907.6446369451268
datamining,200,32,Resource Calendar 10716,2927.914482329472,763.5919521639905
datamining,200,32,Resource Calendar 10726,2588.858551599261,615.1185817431607
datamining,200,32,Resource Calendar 10742,3486.513823184193,759.6076895308287
datamining,200,32,Resource Calendar 10923,2874.4003375558827,648.3412101063004
datamining,200,32,Resource Calendar 10962,3663.9884790175765,915.6736304360918
datamining,200,32,Resource Calendar 10995,2758.8692495522214,741.5187910805345
datamining,200,32,Resource Calendar 11041,2979.3854362558054,748.8272017938441
datamining,200,32,Resource Calendar 1113,2811.67226271667,758.1882032891095
datamining,200,32,Resource Calendar 11150,2530.676184462574,673.0271009489442
datamining,200,32,Resource Calendar 11159,2313.703473102505,634.0863640194138
datamining,200,32,Resource Calendar 11174,2737.4991475074016,735.2762861515392
datamining,200,32,Resource Calendar 11175,2607.8874562200717,671.6973143471371
datamining,200,32,Resource Calendar 11181,3429.507915650778,1028.4298160257829
datamining,200,32,Resource Calendar 11197,2312.8097941739406,787.1164601105103
datamining,200,32,Resource Calendar 11204,3024.506415156898,738.1674630900872
datamining,200,32,Resource Calendar 11218,2355.0414046940864,507.35079805985146
datamining,200,32,Resource Calendar 11302,2330.6588774803267,521.1400920628074
datamining,200,32,Resource Calendar 11314,3093.452652283334,799.7740152087982
datamining,200,32,Resource Calendar 11327,2575.1767017686175,668.2512684969328
datamining,200,32,Resource Calendar 1134,2909.85712763099,745.3487269643747
datamining,200,32,Resource Calendar 11342,2697.9188427703048,650.7050329939333
datamining,200,32,Resource Calendar 11349,2578.451299973765,769.8296804387994
datamining,200,32,Resource Calendar 11353,3133.7569408348068,831.1558350297546
datamining,200,32,Resource Calendar 11387,2266.7096034417286,745.978735526703
datamining,200,32,Resource Calendar 11393,2526.2407037305243,606.8053158222264
datamining,200,32,Resource Calendar 11395,2523.4919222824997,557.0425537152128
datamining,200,32,Resource Calendar 11415,3116.5119186418196,799.8101144438818
datamining,200,32,Resource Calendar 11469,2501.725259364993,542.9530862654466
datamining,200,32,Resource Calendar 11509,2750.529000334443,672.1544292436683
datamining,200,32,Resource Calendar 11515,3446.5186567256164,828.4688437355921
datamining,200,32,Resource Calendar 11548,2184.9621979650765,506.3718092117687
datamining,200,32,Resource Calendar 11557,2023.5248048503927,441.0334173603966
datamining,200,32,Resource Calendar 11568,2638.239883570722,687.5358542343064
datamining,200,32,Resource Calendar 11571,2539.1563076206303,701.2649210507783
datamining,200,32,Resource Calendar 11583,2900.6874570364275,919.9240334205492
datamining,200,32,Resource Calendar 11611,2473.57261196884,710.2416750541893
datamining,200,32,Resource Calendar 11613,3156.1480064528305,735.5090316080598
datamining,200,32,Resource Calendar 11614,3790.519563882859,628.9857169926381
datamining,200,32,Resource Calendar 11653,3643.7864193684804,842.1197813122686
datamining,200,32,Resource Calendar 11678,2432.0701841502646,583.1298542401441
datamining,200,32,Resource Calendar 11692,2495.491928146583,718.882899486045
datamining,200,32,Resource Calendar 117,3111.5357449135417,788.550486814425
datamining,200,32,Resource Calendar 11706,2122.531103488364,553.422444012792
datamining,200,32,Resource Calendar 11759,2179.6793269341697,715.9753579264413
datamining,200,32,Resource Calendar 11760,2749.0386566651373,648.6774358307038
datamining,200,32,Resource Calendar 11772,2660.1869903837282,541.002841903853
datamining,200,32,Resource Calendar 11775,2742.0657053628493,688.2599746676715
datamining,200,32,Resource Calendar 11799,2688.482942420895,710.876260490986
datamining,200,32,Resource Calendar 11805,2464.055980085783,564.6591627686627
datamining,200,32,Resource Calendar 11811,2291.3441116789672,681.7315176735696
datamining,200,32,Resource Calendar 11829,3081.604735340519,566.9443284877091
datamining,200,32,Resource Calendar 11854,2479.032464561627,566.43753158773
datamining,200,32,Resource Calendar 11858,2731.4581797400947,777.0724664740895
datamining,200,32,Resource Calendar 11861,3149.7575014711915,730.3829125934841
datamining,200,32,Resource Calendar 11959,2316.186347446792,572.053772508958
datamining,200,32,Resource Calendar 11961,2048.9226395196924,474.44223894705243
datamining,200,32,Resource Calendar 11973,2856.6719602189155,814.1548392196676
datamining,200,32,Resource Calendar 11993,2763.1717818257384,747.6813337089337
datamining,200,32,Resource Calendar 12006,3223.2693274660646,1012.1471119348447
datamining,200,32,Resource Calendar 12062,2169.7372921011347,494.0823288592461
datamining,200,32,Resource Calendar 12093,2476.2362776358455,586.2148906180126
datamining,200,32,Resource Calendar 12129,2562.9026984503175,599.2127221056818
datamining,200,32,Resource Calendar 12175,3263.375538014084,820.3381624078066
datamining,200,32,Resource Calendar 12196,1916.8192432643496,566.7539068978423
datamining,200,32,Resource Calendar 12452,2622.382206702648,672.3862931058062
datamining,200,32,Resource Calendar 12459,2856.1379285129346,773.6668935520883
datamining,200,32,Resource Calendar 12521,2134.6293488321235,563.6357203277452
datamining,200,32,Resource Calendar 12532,3222.6324131486667,820.7138858938218
datamining,200,32,Resource Calendar 12535,3252.784270833942,1055.4226570454434
datamining,200,32,Resource Calendar 12548,2433.690925508036,646.8839579777208
datamining,200,32,Resource Calendar 12814,2111.3883857806904,688.9218035630577
datamining,200,32,Resource Calendar 12836,2908.417526808591,692.8353361675366
datamining,200,32,Resource Calendar 12915,2667.9872164041612,837.295449761711
datamining,200,32,Resource Calendar 12935,2784.0430321017707,745.3737375958974
datamining,200,32,Resource Calendar 1295,2447.494841971269,719.4302426374288
datamining,200,32,Resource Calendar 13014,2838.9874646183753,638.3911251383196
datamining,200,32,Resource Calendar 1314,3120.8890133326363,738.2608310589857
datamining,200,32,Resource Calendar 1343,2958.526209120923,940.024890197756
datamining,200,32,Resource Calendar 13544,2987.817164306528,915.495259413402
datamining,200,32,Resource Calendar 13559,2195.3158421061876,759.2023449228823
datamining,200,32,Resource Calendar 13733,2184.5010564396384,530.1181093122062
datamining,200,32,Resource Calendar 1378,3171.076461977884,711.7174183065829
datamining,200,32,Resource Calendar 13803,2735.5026061214357,584.6697954214836
datamining,200,32,Resource Calendar 14126,2939.1795631117866,661.2824693605664
datamining,200,32,Resource Calendar 14128,2796.9831763754896,763.2476484751454
datamining,200,32,Resource Calendar 1422,3225.7733962057655,559.9567956962023
datamining,200,32,Resource Calendar 14440,2858.926841182489,582.4233506993702
datamining,200,32,Resource Calendar 1471,3254.040164561648,1047.1527566304742
datamining,200,32,Resource Calendar 15057,2345.1515474859943,601.4563343186721
datamining,200,32,Resource Calendar 1515,2673.7985329880303,827.6728774209525
datamining,200,32,Resource Calendar 1524,2825.501185183491,485.71591466076626
datamining,200,32,Resource Calendar 15315,2312.176952195907,515.5195471974267
datamining,200,32,Resource Calendar 15323,2647.913779752482,577.6965021332192
datamining,200,32,Resource Calendar 15345,2241.7694879336077,545.6156789899753
datamining,200,32,Resource Calendar 15352,2687.8467481070948,761.3547338883803
datamining,200,32,Resource Calendar 15356,2405.2365644479373,687.9561069915686
datamining,200,32,Resource Calendar 15370,3146.496148010794,779.3032110903614
datamining,200,32,Resource Calendar 15547,2620.8406521791494,509.65705405953014
datamining,200,32,Resource Calendar 15612,2906.2183232709763,686.0625943433508
datamining,200,32,Resource Calendar 157,2900.8592255885465,661.6814177519891
datamining,200,32,Resource Calendar 15862,2254.129436048869,532.8663736813124
datamining,200,32,Resource Calendar 15884,2694.288651634003,899.0458943489527
datamining,200,32,Resource Calendar 15930,2772.4988727284986,736.5229420041577
datamining,200,32,Resource Calendar 15957,2763.1460355338663,1011.4317305066281
datamining,200,32,Resource Calendar 16273,2769.794183377415,668.9081374236168
datamining,200,32,Resource Calendar 163,2755.766495353107,715.111505011427
datamining,200,32,Resource Calendar 1646,3027.7588745836733,701.7625066268204
datamining,200,32,Resource Calendar 16695,2229.8824511884955,584.6889559106855
datamining,200,32,Resource Calendar 1684,2537.761729481844,808.8618874745774
datamining,200,32,Resource Calendar 1707,3459.1424397294113,881.2877193303243
datamining,200,32,Resource Calendar 17296,1865.4526361808487,561.8337738651921
datamining,200,32,Resource Calendar 17379,2223.785458974395,602.6035795276696
datamining,200,32,Resource Calendar 17525,2551.0603192610597,568.3396400997094
datamining,200,32,Resource Calendar 17625,3384.6064521063186,806.2000290087657
datamining,200,32,Resource Calendar 17642,2019.3057474322025,545.6712370014877
datamining,200,32,Resource Calendar 17769,3509.5321798634905,758.0255863154194
datamining,200,32,Resource Calendar 17807,2588.262862941148,650.4027463451846
datamining,200,32,Resource Calendar 17872,2851.4545077871026,669.0411728141046
datamining,200,32,Resource Calendar 1792,2528.928809799789,715.9448063506857
datamining,200,32,Resource Calendar 1795,2542.5354698397427,616.015408743832
datamining,200,32,Resource Calendar 17965,2963.100477254561,611.6182749855735
datamining,200,32,Resource Calendar 18289,2019.311316830387,570.504952960687
datamining,200,32,Resource Calendar 18317,2926.9155229332932,1033.0297603941503
datamining,200,32,Resource Calendar 18501,2407.5213214887494,558.7891529609598
datamining,200,32,Resource Calendar 186,3125.605410879205,763.1909651390938
datamining,200,32,Resource Calendar 1860,2676.5298129776384,781.3658754707094
datamining,200,32,Resource Calendar 18760,2811.0743255773314,688.0101371191854
datamining,200,32,Resource Calendar 18929,2719.4889898668725,537.2485918762878
datamining,200,32,Resource Calendar 18942,2855.7959367173,654.2470434292702
datamining,200,32,Resource Calendar 19019,2967.925097184803,669.4547244052676
datamining,200,32,Resource Calendar 1910,3244.0836732304665,709.7775726666868
datamining,200,32,Resource Calendar 19214,2490.8806594603666,499.11218154022174
datamining,200,32,Resource Calendar 19295,3467.298839246766,726.5570966900293
datamining,200,32,Resource Calendar 19296,2609.723135203226,623.3791333012475
datamining,200,32,Resource Calendar 1934,2408.1986663998246,587.8190798973042
datamining,200,32,Resource Calendar 19422,2808.676086349716,719.4187421172724
datamining,200,32,Resource Calendar 19531,2587.9892941205544,757.0053817377363
datamining,200,32,Resource Calendar 19572,3007.4824846853376,854.1000381875034
datamining,200,32,Resource Calendar 19582,2379.659572204165,681.3715253783793
datamining,200,32,Resource Calendar 1959,2870.831251854827,841.9785632740319
datamining,200,32,Resource Calendar 19591,2816.88094149436,571.7811754525575
datamining,200,32,Resource Calendar 19692,3264.065383269551,784.3040694033151
datamining,200,32,Resource Calendar 19746,2862.9473277537636,891.4617743094512
datamining,200,32,Resource Calendar 19811,2225.831892947038,609.1377756509348
datamining,200,32,Resource Calendar 19916,2967.52117204717,747.1331000760724
datamining,200,32,Resource Calendar 1995,2509.465619177922,628.3775675338134
datamining,200,32,Resource Calendar 20194,2211.4350202379,571.7860278051933
datamining,200,32,Resource Calendar 2045,3125.545890226822,892.702940739592
datamining,200,32,Resource Calendar 2091,2539.7686200119247,600.2360338866542
datamining,200,32,Resource Calendar 21188,2809.4040003716573,1088.7524032134897
datamining,200,32,Resource Calendar 2133,3159.2044240309365,1021.2051705557737
datamining,200,32,Resource Calendar 2144,2514.8649658648324,509.74476941700584
datamining,200,32,Resource Calendar 2150,2489.006657972297,511.74427933173365
datamining,200,32,Resource Calendar 2154,2571.7478087162276,767.0334528472599
datamining,200,32,Resource Calendar 21562,2739.8296438951575,673.099713987531
datamining,200,32,Resource Calendar 22074,2584.6248390083,616.4842384458624
datamining,200,32,Resource Calendar 22377,2468.532178164351,592.0573428277401
datamining,200,32,Resource Calendar 22404,4060.7944435741942,925.6260674681168
datamining,200,32,Resource Calendar 22437,2421.9366656558186,721.013388401631
datamining,200,32,Resource Calendar 22438,2531.5497077340597,887.5131096509344
datamining,200,32,Resource Calendar 22439,3328.92131891124,979.521161757345
datamining,200,32,Resource Calendar 22475,3320.2963240838258,860.5221292787617
datamining,200,32,Resource Calendar 22476,3195.289084108583,770.3472613653565
datamining,200,32,Resource Calendar 22478,2583.2421141715695,669.2899283773766
datamining,200,32,Resource Calendar 22485,2805.4494546151523,661.6031370022987
datamining,200,32,Resource Calendar 22490,2790.585340092525,640.1669208430093
datamining,200,32,Resource Calendar 22491,2995.9777812610337,942.9275050657915
datamining,200,32,Resource Calendar 22496,2636.0797321344335,717.7329790644422
datamining,200,32,Resource Calendar 22529,2193.115060869253,549.1941592773604
datamining,200,32,Resource Calendar 22533,2845.4906323232385,722.2450186293017
datamining,200,32,Resource Calendar 22534,2848.5748860224735,608.4164956835386
datamining,200,32,Resource Calendar 22543,2370.0119662382212,684.3497952141724
datamining,200,32,Resource Calendar 22560,2385.9418606184536,626.2658545602028
datamining,200,32,Resource Calendar 22592,2547.1007408417054,703.6916029176751
datamining,200,32,Resource Calendar 22624,2684.0733769871335,697.0652356896024
datamining,200,32,Resource Calendar 22736,2723.1209471705497,723.1567719278318
datamining,200,32,Resource Calendar 2274,2082.590966749509,571.9508880156774
datamining,200,32,Resource Calendar 22785,2723.5733089292066,721.9828223237263
datamining,200,32,Resource Calendar 22795,2769.9604204561665,813.9886886894261
datamining,200,32,Resource Calendar 22829,2194.1439941345466,725.0079870244193
datamining,200,32,Resource Calendar 2292,2936.9843589819566,771.8105131483392
datamining,200,32,Resource Calendar 22940,2954.3108581479687,773.7675365472886
datamining,200,32,Resource Calendar 22950,3405.526371207483,875.5083592650449
datamining,200,32,Resource Calendar 22962,2837.3318581507174,582.404154703038
datamining,200,32,Resource Calendar 23335,3274.5102876002284,811.838678892618
datamining,200,32,Resource Calendar 23530,3371.285207354686,682.7591415282092
datamining,200,32,Resource Calendar 23842,1932.8457355098546,486.07246543823055
datamining,200,32,Resource Calendar 2391,2914.353985983341,731.0196575006074
datamining,200,32,Resource Calendar 23934,2178.079354436156,416.7094204517802
datamining,200,32,Resource Calendar 23978,2448.8808075913576,734.1586677060756
datamining,200,32,Resource Calendar 2408,2723.252964497539,763.8739371034605
datamining,200,32,Resource Calendar 241,4121.0000396274,1064.1859926845268
datamining,200,32,Resource Calendar 2440,2609.1235427821352,499.1479324255828
datamining,200,32,Resource Calendar 24517,2464.0291166795273,543.4198237627163
datamining,200,32,Resource Calendar 24519,3273.264664130333,824.1783158770401
datamining,200,32,Resource Calendar 2453,2105.7039088108104,452.5550007019466
datamining,200,32,Resource Calendar 24536,2399.4245191420846,644.6737689398433
datamining,200,32,Resource Calendar 24544,2745.9232410486693,567.0284452706558
datamining,200,32,Resource Calendar 2463,2235.2072783445597,623.2813981531575
datamining,200,32,Resource Calendar 2465,2316.3782512044827,463.0878593319557
datamining,200,32,Resource Calendar 2506,2752.4046696869514,773.5301457801155
datamining,200,32,Resource Calendar 2512,2331.93422098012,515.6138346018369
datamining,200,32,Resource Calendar 25141,2702.344781711844,746.4477104764183
datamining,200,32,Resource Calendar 2541,2563.6174906548085,580.533708221439
datamining,200,32,Resource Calendar 261,2176.671732614736,639.2345741166185
datamining,200,32,Resource Calendar 26147,2984.4775392411157,624.239287320086
datamining,200,32,Resource Calendar 26248,2458.7749794464376,577.269512725142
datamining,200,32,Resource Calendar 26259,2803.4799926101305,856.9174233151673
datamining,200,32,Resource Calendar 26271,2313.369879423364,687.584964753471
datamining,200,32,Resource Calendar 26298,2637.122965185501,726.229593366908
datamining,200,32,Resource Calendar 26321,2507.8418378589445,876.7024393275307
datamining,200,32,Resource Calendar 26344,2476.21475378467,648.1727017491996
datamining,200,32,Resource Calendar 26348,2079.3995345695794,493.6686489085843
datamining,200,32,Resource Calendar 26359,2833.946451356133,712.0982869195518
datamining,200,32,Resource Calendar 2649,2622.061326860789,703.1499359874036
datamining,200,32,Resource Calendar 26756,3114.442674352779,732.883409691226
datamining,200,32,Resource Calendar 26757,2256.8256930641683,492.5902190019834
datamining,200,32,Resource Calendar 26758,3183.886150399969,833.9154399195243
datamining,200,32,Resource Calendar 26759,3345.5222152256283,1014.5531014850194
datamining,200,32,Resource Calendar 26762,2753.697171298761,685.9757457003496
datamining,200,32,Resource Calendar 26763,2760.257904443436,694.4922966995075
datamining,200,32,Resource Calendar 26767,2435.229039220581,579.2356051999527
datamining,200,32,Resource Calendar 26772,2586.7942316114877,607.9235291277176
datamining,200,32,Resource Calendar 26780,2363.577899001725,655.3611169665744
datamining,200,32,Resource Calendar 26788,2665.26862058015,712.7867949430758
datamining,200,32,Resource Calendar 26789,2891.4108681873877,645.3961736556306
datamining,200,32,Resource Calendar 26793,2346.830339884703,616.1697302822016
datamining,200,32,Resource Calendar 26796,2610.3745960466117,613.7869002082537
datamining,200,32,Resource Calendar 27293,3242.5325465461583,649.0588927478169
datamining,200,32,Resource Calendar 2735,2789.5232386249763,704.6912416035113
datamining,200,32,Resource Calendar 2740,3308.033803938055,565.3871444529287
datamining,200,32,Resource Calendar 2804,2546.787030628746,632.4337965120399
datamining,200,32,Resource Calendar 2834,2394.813643225783,782.57445498668
datamining,200,32,Resource Calendar 28881,2480.373826399206,710.9931184942743
datamining,200,32,Resource Calendar 2925,2241.9409142622044,588.6509162807833
datamining,200,32,Resource Calendar 29274,2593.993140560198,755.9994543916863
datamining,200,32,Resource Calendar 29276,2398.6399174865473,813.921363000382
datamining,200,32,Resource Calendar 29277,3419.937892515684,702.9337386807246
datamining,200,32,Resource Calendar 29280,2152.8384721575526,557.3471706544908
datamining,200,32,Resource Calendar 29281,3720.912035112352,740.5826931427413
datamining,200,32,Resource Calendar 294,2853.546772092312,843.8453830527727
datamining,200,32,Resource Calendar 29577,2180.925026109514,489.0422308387523
datamining,200,32,Resource Calendar 29578,3017.4792674392074,685.0546633813294
datamining,200,32,Resource Calendar 29579,2467.972733626546,460.76449081931133
datamining,200,32,Resource Calendar 2970,2233.649924118982,627.2301484349085
datamining,200,32,Resource Calendar 29704,3111.450074675707,939.6873182376602
datamining,200,32,Resource Calendar 2981,3154.891314303979,815.8452305359178
datamining,200,32,Resource Calendar 3003,3427.4012058318817,734.7633946316324
datamining,200,32,Resource Calendar 3019,2414.5215791020205,854.3155607157723
datamining,200,32,Resource Calendar 305,3016.8080464528357,695.7731050363479
datamining,200,32,Resource Calendar 3057,2873.0023397536947,712.6092993231055
datamining,200,32,Resource Calendar 308,2505.7389054350256,582.7431412210035
datamining,200,32,Resource Calendar 3108,2352.6478602208254,642.5001891693327
datamining,200,32,Resource Calendar 3113,3249.183727211497,805.7354322026148
datamining,200,32,Resource Calendar 3149,2537.0559042284353,890.2953155504711
datamining,200,32,Resource Calendar 3296,3588.4387994714407,886.249862571755
datamining,200,32,Resource Calendar 3409,2468.264013083778,660.6058592470476
datamining,200,32,Resource Calendar 341,3099.3251651156747,863.8742867477378
datamining,200,32,Resource Calendar 3421,2258.1248599553355,426.9433562900131
datamining,200,32,Resource Calendar 3445,3328.263836321521,689.8870732418778
datamining,200,32,Resource Calendar 3480,2382.653362174779,560.0862607743148
datamining,200,32,Resource Calendar 3502,2040.0934809561404,628.2183306969017
datamining,200,32,Resource Calendar 3510,3162.331372783152,669.9133537395132
datamining,200,32,Resource Calendar 3603,2184.503897886156,624.4104159091456
datamining,200,32,Resource Calendar 3656,2856.830324252046,764.1854226530415
datamining,200,32,Resource Calendar 369,3264.084133828274,841.1313679276615
datamining,200,32,Resource Calendar 3695,2499.762370658441,751.6759742424384
datamining,200,32,Resource Calendar 3703,2776.8327380363085,823.3239085801397
datamining,200,32,Resource Calendar 3729,2785.4337488826804,615.801431998267
datamining,200,32,Resource Calendar 3747,2553.776319410752,658.6226677333975
datamining,200,32,Resource Calendar 3796,2869.7476548199966,924.164271181552
datamining,200,32,Resource Calendar 3815,2148.429908428078,774.428548113942
datamining,200,32,Resource Calendar 387,2996.4447742408265,666.3960437601911
datamining,200,32,Resource Calendar 3917,2562.1207638961696,584.9020108539761
datamining,200,32,Resource Calendar 3926,2695.5859229712137,542.3485459694112
datamining,200,32,Resource Calendar 397,3231.33889477922,788.5035872846836
datamining,200,32,Resource Calendar 4032,2783.02520811836,759.3421862052054
datamining,200,32,Resource Calendar 4067,2625.9359163729305,667.0308484372048
datamining,200,32,Resource Calendar 410,3107.3678623967257,914.2414624391536
datamining,200,32,Resource Calendar 4126,3259.922342049152,820.9531528397373
datamining,200,32,Resource Calendar 4130,2307.0016397844365,701.1203373394328
datamining,200,32,Resource Calendar 4148,2822.252161679243,674.5725033097642
datamining,200,32,Resource Calendar 436,2807.905665693,678.9665701147095
datamining,200,32,Resource Calendar 4441,2711.752080036299,616.1638809644473
datamining,200,32,Resource Calendar 4457,2347.7216821774837,734.7213790774591
datamining,200,32,Resource Calendar 448,2267.3119221431357,570.0574298404181
datamining,200,32,Resource Calendar 4560,3842.9682998020367,769.6302408511331
datamining,200,32,Resource Calendar 4701,2453.500357574056,625.0697145999701
datamining,200,32,Resource Calendar 4708,2793.1366362030362,889.9736737377614
datamining,200,32,Resource Calendar 4745,2507.769035982617,619.2285748270679
datamining,200,32,Resource Calendar 4765,2720.17318570088,595.743253268157
datamining,200,32,Resource Calendar 4834,3033.241617913266,814.6611455107912
datamining,200,32,Resource Calendar 4840,3047.5965527947124,591.8735314509287
datamining,200,32,Resource Calendar 4867,3334.859139959123,669.7815909275064
datamining,200,32,Resource Calendar 49,2921.1976476982377,808.2967240002138
datamining,200,32,Resource Calendar 4905,2654.76361952447,678.1935107798506
datamining,200,32,Resource Calendar 4912,2584.0966974718704,713.54790776027
datamining,200,32,Resource Calendar 4913,2836.252696977548,758.1318746500053
datamining,200,32,Resource Calendar 4918,2949.2111683491316,634.8238454980052
datamining,200,32,Resource Calendar 4924,2739.8169403705638,630.2735106142014
datamining,200,32,Resource Calendar 5020,2237.4604345228095,693.9509762065195
datamining,200,32,Resource Calendar 5028,2240.244455365167,772.3636166702269
datamining,200,32,Resource Calendar 5064,2889.460097670098,679.5063766174242
datamining,200,32,Resource Calendar 5151,2834.422521003052,1049.2965001712323
datamining,200,32,Resource Calendar 5154,2839.285138689469,773.5026646700536
datamining,200,32,Resource Calendar 5183,3222.2066829970804,742.742897717738
datamining,200,32,Resource Calendar 5189,3234.350590713137,836.8899023476961
datamining,200,32,Resource Calendar 5221,2867.6611046461635,658.4559611162339
datamining,200,32,Resource Calendar 5275,2944.856188550783,772.2421319686157
datamining,200,32,Resource Calendar 528,2477.917554736929,776.7768187544729
datamining,200,32,Resource Calendar 5290,3310.1629081864808,822.4540387408836
datamining,200,32,Resource Calendar 5292,3031.187763346817,714.7830312812753
datamining,200,32,Resource Calendar 5330,3181.34509057067,631.5173450096137
datamining,200,32,Resource Calendar 5396,3068.381338203748,869.538045522025
datamining,200,32,Resource Calendar 5488,3011.074324076779,853.0453047912954
datamining,200,32,Resource Calendar 5506,2258.4374469975014,459.4118182904015
datamining,200,32,Resource Calendar 5571,2583.610789651244,873.1752292606826
datamining,200,32,Resource Calendar 5573,3422.4902188168658,650.1683980652793
datamining,200,32,Resource Calendar 5588,3637.0445260309,748.9069965452634
datamining,200,32,Resource Calendar 559,3755.4033192548554,723.8900893262933
datamining,200,32,Resource Calendar 5593,2690.5987155445873,795.0865025221001
datamining,200,32,Resource Calendar 5613,2769.9420195500625,675.8266359435777
datamining,200,32,Resource Calendar 5641,3045.416189095581,816.0992246901807
datamining,200,32,Resource Calendar 566,2484.246242417284,630.264149592254
datamining,200,32,Resource Calendar 5667,3206.4704081058517,724.4708690432939
datamining,200,32,Resource Calendar 5668,2658.149104858513,587.3956233417787
datamining,200,32,Resource Calendar 5714,2483.2065966575665,507.2092052485401
datamining,200,32,Resource Calendar 5778,3170.4658725001987,881.1258117194083
datamining,200,32,Resource Calendar 5793,2598.7955916926758,579.8106241389175
datamining,200,32,Resource Calendar 5802,2490.8739790531977,679.83744386542
datamining,200,32,Resource Calendar 5858,2742.2516792624515,616.1416689894802
datamining,200,32,Resource Calendar 5883,1959.3419755571813,600.3143893469105
datamining,200,32,Resource Calendar 5972,2691.701796131326,823.2148056181198
datamining,200,32,Resource Calendar 6004,2241.408271833105,543.623019581049
datamining,200,32,Resource Calendar 6039,2379.239233707242,581.795733911698
datamining,200,32,Resource Calendar 6101,2945.7430760795214,767.0554508437349
datamining,200,32,Resource Calendar 6107,2477.4745751686537,537.0251454136544
datamining,200,32,Resource Calendar 6159,3226.4340639672864,755.2251745955012
datamining,200,32,Resource Calendar 6186,2397.4738109465748,657.9093337706589
datamining,200,32,Resource Calendar 6204,3015.0438069860343,869.3001314158892
datamining,200,32,Resource Calendar 6229,2881.4815425927254,544.1320447891293
datamining,200,32,Resource Calendar 6231,2890.2049717536897,791.7892035237026
datamining,200,32,Resource Calendar 6260,2612.931078192368,631.9796610250829
datamining,200,32,Resource Calendar 6369,2360.8123947239546,566.6189642160672
datamining,200,32,Resource Calendar 6400,2608.89144027456,691.4794657230901
datamining,200,32,Resource Calendar 6410,2813.5880167550617,781.7881736353553
datamining,200,32,Resource Calendar 6426,3228.850126686902,756.9601166113642
datamining,200,32,Resource Calendar 6437,2451.400666825774,612.1277272821753
datamining,200,32,Resource Calendar 6469,2462.037120839618,649.6260624546993
datamining,200,32,Resource Calendar 6497,2942.2722466783425,827.5795163030602
datamining,200,32,Resource Calendar 6520,3211.192621314534,820.0410045963654
datamining,200,32,Resource Calendar 6551,1974.0280277003908,622.8663185043854
datamining,200,32,Resource Calendar 6572,2641.7381645140626,687.8041953615777
datamining,200,32,Resource Calendar 659,2515.626268935174,799.1003802557422
datamining,200,32,Resource Calendar 6598,3606.2386950410687,802.6378608328023
datamining,200,32,Resource Calendar 6625,3143.785505785054,843.1641659698571
datamining,200,32,Resource Calendar 6629,2827.7257442841396,638.4727271080059
datamining,200,32,Resource Calendar 6639,2503.0771856645065,809.6201282631748
datamining,200,32,Resource Calendar 669,2845.4361479164945,850.584951563235
datamining,200,32,Resource Calendar 6694,2853.5906169703367,824.7556660500568
datamining,200,32,Resource Calendar 6723,2548.193200461158,862.9592369905585
datamining,200,32,Resource Calendar 6767,3072.4222867785306,871.2061909875099
datamining,200,32,Resource Calendar 677,3798.434353467096,717.2411464992725
datamining,200,32,Resource Calendar 6799,1770.617009782674,485.7524407645762
datamining,200,32,Resource Calendar 6844,2757.078554605376,566.5525097233121
datamining,200,32,Resource Calendar 6851,3390.08211811478,832.8952721710351
datamining,200,32,Resource Calendar 6872,2936.557315337695,856.2850795615802
datamining,200,32,Resource Calendar 6876,2813.894700251577,728.5599047130327
datamining,200,32,Resource Calendar 6889,2939.1627870816283,839.2528331154595
datamining,200,32,Resource Calendar 6894,2242.242615512462,602.1189293383662
datamining,200,32,Resource Calendar 695,3267.896024843413,819.7811699931309
datamining,200,32,Resource Calendar 6952,2614.461851311289,820.4894402234493
datamining,200,32,Resource Calendar 6954,2566.8558530410346,551.2867462738647
datamining,200,32,Resource Calendar 6958,2988.043033373999,736.2382342751836
datamining,200,32,Resource Calendar 6971,2784.1583182796344,808.4421350108155
datamining,200,32,Resource Calendar 6979,2310.578504663946,489.8439341369841
datamining,200,32,Resource Calendar 6985,2438.200618702984,754.1735748635865
datamining,200,32,Resource Calendar 6987,3258.8262833402964,803.3486774404845
datamining,200,32,Resource Calendar 6990,2904.4706414729335,831.1787164205408
datamining,200,32,Resource Calendar 6995,2171.302765677568,747.4230389450614
datamining,200,32,Resource Calendar 7007,2835.441633029624,684.0817635944596
datamining,200,32,Resource Calendar 7010,2302.085945759446,761.1484544017386
datamining,200,32,Resource Calendar 7019,2948.689070035894,867.2541040863251
datamining,200,32,Resource Calendar 7039,2740.519939629494,866.5705388566511
datamining,200,32,Resource Calendar 7071,3394.1436311778034,967.0577751496127
datamining,200,32,Resource Calendar 7080,3546.199151387104,866.940435368433
datamining,200,32,Resource Calendar 7088,2878.944995412811,719.3958159901078
datamining,200,32,Resource Calendar 7091,2391.8691730414757,590.6144435806443
datamining,200,32,Resource Calendar 7137,2139.922054756448,568.1877248578211
datamining,200,32,Resource Calendar 7143,2259.8065442050392,674.0867661669065
datamining,200,32,Resource Calendar 7144,2375.713279113457,604.6698628194479
datamining,200,32,Resource Calendar 7147,2606.749719034577,812.5792252501739
datamining,200,32,Resource Calendar 716,2370.2356445801993,397.59775938322093
datamining,200,32,Resource Calendar 7177,2380.9672005360385,556.8441266995859
datamining,200,32,Resource Calendar 7186,2813.2145779120506,830.2662257776237
datamining,200,32,Resource Calendar 7297,2993.549695744666,913.6466159933152
datamining,200,32,Resource Calendar 7299,2464.0495296609342,649.4451786340162
datamining,200,32,Resource Calendar 7304,2608.220837996858,673.3496070008675
datamining,200,32,Resource Calendar 7311,2662.756686724754,661.7908019750543
datamining,200,32,Resource Calendar 7314,3058.9189645969846,761.707295100477
datamining,200,32,Resource Calendar 7316,3274.118358755699,711.0526818728348
datamining,200,32,Resource Calendar 7320,3236.7598119510617,794.2047634085197
datamining,200,32,Resource Calendar 7323,2588.7988133249655,629.1696632725044
datamining,200,32,Resource Calendar 7324,2793.3931372301276,897.259753994971
datamining,200,32,Resource Calendar 7331,3229.850651898172,930.64631230376
datamining,200,32,Resource Calendar 7355,3604.5414239673705,796.7628367627055
datamining,200,32,Resource Calendar 7369,2492.5205888648825,593.1280418364862
datamining,200,32,Resource Calendar 7374,2527.518197658031,769.9963075917782
datamining,200,32,Resource Calendar 7387,2683.0973105853222,643.6902543058633
datamining,200,32,Resource Calendar 7389,3010.2092961889657,965.6048447225493
datamining,200,32,Resource Calendar 7394,2074.793764060263,646.4195772745372
datamining,200,32,Resource Calendar 7423,2525.8814205930107,682.5776538278672
datamining,200,32,Resource Calendar 7490,2566.2334106956246,629.3988919460048
datamining,200,32,Resource Calendar 7492,2263.4864422759547,680.4364377963085
datamining,200,32,Resource Calendar 7518,1930.2043903266515,468.8588719145322
datamining,200,32,Resource Calendar 754,2868.4939711448237,735.6807219008808
datamining,200,32,Resource Calendar 7573,2544.6255151117944,698.9308414223228
datamining,200,32,Resource Calendar 7574,2274.7628921331952,817.5176315879829
datamining,200,32,Resource Calendar 7592,2470.1409121302804,591.5157740642171
datamining,200,32,Resource Calendar 7599,2240.6671452693977,660.590978302592
datamining,200,32,Resource Calendar 7611,2271.74595890765,693.4431928729645
datamining,200,32,Resource Calendar 7628,3023.7318344794467,804.4252841778905
datamining,200,32,Resource Calendar 7638,2195.833653679718,596.4765819594867
datamining,200,32,Resource Calendar 7641,2809.320243691723,728.2985835457912
datamining,200,32,Resource Calendar 7650,2538.504362453644,744.4456575622117
datamining,200,32,Resource Calendar 7660,2937.900414877928,700.1821956606516
datamining,200,32,Resource Calendar 7664,2474.8379156480364,639.1737488560993
datamining,200,32,Resource Calendar 7682,2304.308399521785,748.9477233285114
datamining,200,32,Resource Calendar 7717,2820.365559045648,869.0704963286144
datamining,200,32,Resource Calendar 7736,2455.0239618691417,755.8724423956999
datamining,200,32,Resource Calendar 7763,2895.956885488679,864.5021200909167
datamining,200,32,Resource Calendar 7770,3026.755745157221,595.5713167809296
datamining,200,32,Resource Calendar 7775,3108.786867531983,813.4004653268233
datamining,200,32,Resource Calendar 7781,3190.303351313339,739.2286822302177
datamining,200,32,Resource Calendar 7783,2549.3239036307796,682.6108555201547
datamining,200,32,Resource Calendar 7819,2035.5905092651888,469.8772900948779
datamining,200,32,Resource Calendar 7820,2937.4359687130163,694.4592124211581
datamining,200,32,Resource Calendar 7824,2914.9037332876164,854.5741770260247
datamining,200,32,Resource Calendar 7836,3455.1768102998835,841.6821140539424
datamining,200,32,Resource Calendar 7854,2114.0559321185356,673.1068905295884
datamining,200,32,Resource Calendar 7862,2172.717737993827,484.5535128630794
datamining,200,32,Resource Calendar 7897,2557.366547666315,603.9168716457754
datamining,200,32,Resource Calendar 7963,2740.3408599519885,940.9369895483859
datamining,200,32,Resource Calendar 8022,2705.7510024934527,744.2565618671616
datamining,200,32,Resource Calendar 8032,2342.8047346018116,548.4234774949675
datamining,200,32,Resource Calendar 8033,2707.332094175337,666.1794157089022
datamining,200,32,Resource Calendar 8064,2437.9922346964536,800.5724297878552
datamining,200,32,Resource Calendar 8065,2641.5556038915774,890.2091081723938
datamining,200,32,Resource Calendar 8112,2587.104611922294,649.8481954474928
datamining,200,32,Resource Calendar 8121,3161.7298939948937,859.3374987614101
datamining,200,32,Resource Calendar 8139,2509.830763202993,637.1786092686027
datamining,200,32,Resource Calendar 8142,2379.588571570682,788.120923330483
datamining,200,32,Resource Calendar 8147,2430.1514363997517,629.8999443181218
datamining,200,32,Resource Calendar 8160,2606.5164004859444,706.9598584617876
datamining,200,32,Resource Calendar 8164,2972.6095558785864,694.1968399376367
datamining,200,32,Resource Calendar 8177,2434.1220792300537,592.3860771424794
datamining,200,32,Resource Calendar 8186,2593.819086385786,622.2022610057278
datamining,200,32,Resource Calendar 8188,2925.9790615256256,698.9217969278591
datamining,200,32,Resource Calendar 8203,3008.7563231177314,806.6238970993514
datamining,200,32,Resource Calendar 8213,2405.163576456902,639.41591878222
datamining,200,32,Resource Calendar 8223,2375.7065968759284,699.3656236214833
datamining,200,32,Resource Calendar 8225,2558.6085618992047,595.5525553103982
datamining,200,32,Resource Calendar 8248,2904.9313223009394,758.1715201463649
datamining,200,32,Resource Calendar 8263,3625.823552931382,731.0030389845364
datamining,200,32,Resource Calendar 8268,3094.026005359479,820.661944005674
datamining,200,32,Resource Calendar 8365,2745.879828425484,542.2815071514648
datamining,200,32,Resource Calendar 8371,3524.895475886054,883.6146030155694
datamining,200,32,Resource Calendar 8382,2511.007442491912,675.7415069256124
datamining,200,32,Resource Calendar 8416,2842.9297273511593,748.4821086607421
datamining,200,32,Resource Calendar 8428,2107.3882175044114,442.03315959512287
datamining,200,32,Resource Calendar 8443,3199.0849012599842,858.7447816123502
datamining,200,32,Resource Calendar 8450,2298.5398640747426,765.3138733717894
datamining,200,32,Resource Calendar 8455,3241.4228211034533,938.281735464132
datamining,200,32,Resource Calendar 8461,2449.351061074643,594.4811853197446
datamining,200,32,Resource Calendar 8475,2861.9200245602624,735.378239886927
datamining,200,32,Resource Calendar 8486,2941.64033879765,957.7292920873385
datamining,200,32,Resource Calendar 8491,3047.329935202603,719.4970182519432
datamining,200,32,Resource Calendar 8498,2930.245129872457,762.9244648778355
datamining,200,32,Resource Calendar 8525,3108.474339370714,913.5026484710553
datamining,200,32,Resource Calendar 8528,2702.0933517797876,650.4379580755408
datamining,200,32,Resource Calendar 8532,2615.8332728937175,549.1459340954569
datamining,200,32,Resource Calendar 8536,2611.3158800475812,615.1622596359417
datamining,200,32,Resource Calendar 8556,2321.093299986311,746.8656704498216
datamining,200,32,Resource Calendar 8572,2040.4096244274883,644.1184491511517
datamining,200,32,Resource Calendar 8587,2677.036762316922,648.1838820775932
datamining,200,32,Resource Calendar 8588,2519.459653584479,1029.2374129481134
datamining,200,32,Resource Calendar 8614,2656.5211542073316,711.1097166544606
datamining,200,32,Resource Calendar 8651,2246.878908621903,580.7750205638341
datamining,200,32,Resource Calendar 8655,2353.165105345356,599.6063224887841
datamining,200,32,Resource Calendar 8661,2650.576206361118,708.9993012535982
datamining,200,32,Resource Calendar 8688,2495.2722665346923,550.5626655691605
datamining,200,32,Resource Calendar 8708,2909.557856702792,709.3057520956492
datamining,200,32,Resource Calendar 8727,2554.586465096495,667.4637940115898
datamining,200,32,Resource Calendar 8736,3546.2678882172854,691.9336952030628
datamining,200,32,Resource Calendar 8744,2021.4424563244595,764.1616046490723
datamining,200,32,Resource Calendar 8749,2563.869438319488,830.3789322891938
datamining,200,32,Resource Calendar 8772,3015.946280850796,677.4675413559974
datamining,200,32,Resource Calendar 8774,3298.0013508747206,1035.799909714507
datamining,200,32,Resource Calendar 8786,2771.793596801852,678.255097198082
datamining,200,32,Resource Calendar 8797,2927.62658246533,590.002221769142
datamining,200,32,Resource Calendar 8813,3081.9918378778325,886.4198539877574
datamining,200,32,Resource Calendar 8819,2540.84189891641,623.6446981231669
datamining,200,32,Resource Calendar 8824,1953.3369372075551,705.0582189482567
datamining,200,32,Resource Calendar 8854,2812.7032808713134,632.6130709188039
datamining,200,32,Resource Calendar 8856,2544.2570586860684,594.9389554982749
datamining,200,32,Resource Calendar 8882,2525.869892516164,660.2179493800911
datamining,200,32,Resource Calendar 8916,2677.4669755147684,776.1666448279836
datamining,200,32,Resource Calendar 8955,3014.3554772067355,717.4981428650151
datamining,200,32,Resource Calendar 8973,2868.904198609071,699.471231865857
datamining,200,32,Resource Calendar 8995,2832.97481821866,837.3883788058574
datamining,200,32,Resource Calendar 8997,2267.802809371389,553.3165562473263
datamining,200,32,Resource Calendar 9146,3226.4865363194035,549.3306642776921
datamining,200,32,Resource Calendar 9154,3170.8466637078486,875.4276122147336
datamining,200,32,Resource Calendar 9184,2230.7543436067576,706.1060860897989
datamining,200,32,Resource Calendar 9187,2365.587030904602,651.5916386175496
datamining,200,32,Resource Calendar 920,2691.677811218138,764.1167683160202
datamining,200,32,Resource Calendar 9249,2553.4170078119073,771.729893331863
datamining,200,32,Resource Calendar 9298,3307.5227364630146,818.1881962719033
datamining,200,32,Resource Calendar 9332,2180.7322204813154,560.9900969817958
datamining,200,32,Resource Calendar 9335,2442.5403535060404,489.6980475790771
datamining,200,32,Resource Calendar 9336,2248.039644330867,596.1847896698471
datamining,200,32,Resource Calendar 9348,2482.471898308551,769.5552799690892
datamining,200,32,Resource Calendar 9379,2952.1543369938786,698.2418940334902
datamining,200,32,Resource Calendar 9384,3463.4987979541465,760.6962370274493
datamining,200,32,Resource Calendar 9404,2583.985123591551,706.2585205314343
datamining,200,32,Resource Calendar 9420,3382.1638882652965,736.4443554483512
datamining,200,32,Resource Calendar 9427,2648.499571693034,751.4675550349048
datamining,200,32,Resource Calendar 943,2442.664924160926,804.5991210572712
datamining,200,32,Resource Calendar 9433,2571.05965333322,606.6649558125936
datamining,200,32,Resource Calendar 9437,2579.232756160559,669.3519143866192
datamining,200,32,Resource Calendar 9445,2829.413622272993,676.709127056802
datamining,200,32,Resource Calendar 9449,2720.594647063452,610.0011618128002
datamining,200,32,Resource Calendar 9451,2625.914264464117,516.3806848563321
datamining,200,32,Resource Calendar 9452,2830.4421982003546,869.8066810474909
datamining,200,32,Resource Calendar 9477,2864.2661229816126,798.6347485446721
datamining,200,32,Resource Calendar 9483,2414.6417711044314,724.8216015923551
datamining,200,32,Resource Calendar 9484,2988.0240354683333,711.7458576755533
datamining,200,32,Resource Calendar 9489,2888.610559852467,551.7626544749455
datamining,200,32,Resource Calendar 9509,2315.6819951125744,790.1209778212938
datamining,200,32,Resource Calendar 9519,2610.7079100378637,597.7677615905112
datamining,200,32,Resource Calendar 9531,2604.5725969990995,684.7640910747116
datamining,200,32,Resource Calendar 955,2781.042546529322,792.1203985938213
datamining,200,32,Resource Calendar 957,3038.403669173379,781.5984659222385
datamining,200,32,Resource Calendar 9711,2518.9072153040393,560.0063037373151
datamining,200,32,Resource Calendar 9761,2627.7385306612755,625.7931468419152
datamining,200,32,Resource Calendar 9872,2432.3192034393637,593.7651120755515
datamining,200,32,Resource Calendar 9886,2505.4778814005876,621.4459848301707
datamining,200,32,Resource Calendar 9890,2800.140137731347,688.4584846372903
datamining,200,32,Resource Calendar 9987,2629.691778343156,867.0165921564134
datamining,200,32,Resource Calendar End,41369.79607247812,14120.862539793254
datamining,200,32,Resource Calendar Start,34509.842828115594,11506.543004839208
datamining,300,32,Resource Calendar 1,3390.3500891171097,729.4354470284129
datamining,300,32,Resource Calendar 1007,3297.5040910843745,769.4847392422811
datamining,300,32,Resource Calendar 10168,2322.6744394869547,598.9957061497867
datamining,300,32,Resource Calendar 10176,2374.8386764004745,637.1287805019987
datamining,300,32,Resource Calendar 10183,2372.6530785920704,622.809679377816
datamining,300,32,Resource Calendar 10228,2635.600115784635,616.1763772287934
datamining,300,32,Resource Calendar 10280,2756.732693606253,865.0784700960378
datamining,300,32,Resource Calendar 10296,2823.188158889888,606.101106929306
datamining,300,32,Resource Calendar 10348,2611.793956255092,811.1652303569227
datamining,300,32,Resource Calendar 10665,3023.858109693638,629.8398664275122
datamining,300,32,Resource Calendar 10716,2275.41324036123,694.8007843871608
datamining,300,32,Resource Calendar 10726,2256.1793378992115,727.0631143541293
datamining,300,32,Resource Calendar 10742,2589.996896181327,671.1023950392425
datamining,300,32,Resource Calendar 10923,2632.330071382459,592.0373817786744
datamining,300,32,Resource Calendar 10962,2632.1663736765036,745.0496204010881
datamining,300,32,Resource Calendar 10995,2652.459873669836,581.8101942241535
datamining,300,32,Resource Calendar 11041,3139.6807652589246,638.1243761755509
datamining,300,32,Resource Calendar 1113,1870.1800803140593,544.6004618740621
datamining,300,32,Resource Calendar 11150,2107.2281736754394,448.9655740121102
datamining,300,32,Resource Calendar 11159,2472.679811312596,675.8023130905378
datamining,300,32,Resource Calendar 11174,2402.5464946770976,540.3282064437321
datamining,300,32,Resource Calendar 11175,2718.633858230161,681.6430826582316
datamining,300,32,Resource Calendar 11181,2429.015290463622,545.5528688592539
datamining,300,32,Resource Calendar 11197,2948.884336172967,912.2365003118296
datamining,300,32,Resource Calendar 11204,2697.794996474081,784.885737266296
datamining,300,32,Resource Calendar 11218,2206.643302108125,465.3583874266847
datamining,300,32,Resource Calendar 11302,2747.1059882860663,812.536375637122
datamining,300,32,Resource Calendar 11314,2300.2902661962753,539.0662708461967
datamining,300,32,Resource Calendar 11327,2440.139399618415,598.1643448926484
datamining,300,32,Resource Calendar 1134,2710.8722862474274,667.8170368880438
datamining,300,32,Resource Calendar 11342,2755.218041285172,716.8311463464421
datamining,300,32,Resource Calendar 11349,2380.765285329855,681.8530705293134
datamining,300,32,Resource Calendar 11353,2119.7268783431887,436.7211500442825
datamining,300,32,Resource Calendar 11387,2566.3322249823204,659.0759847698774
datamining,300,32,Resource Calendar 11393,2872.411938656626,802.5947742248994
datamining,300,32,Resource Calendar 11395,1764.8073452404865,583.1850412690694
datamining,300,32,Resource Calendar 11415,3411.1581619822437,736.6790284786491
datamining,300,32,Resource Calendar 11469,2783.0467558567298,746.8865274685107
datamining,300,32,Resource Calendar 11509,2707.2294031936526,744.7885571580538
datamining,300,32,Resource Calendar 11515,2738.2593140892463,620.9292927216159
datamining,300,32,Resource Calendar 11548,2584.710668193725,823.6982582143659
datamining,300,32,Resource Calendar 11557,3414.1725089128754,674.5298510628778
datamining,300,32,Resource Calendar 11568,3178.3685416828316,669.991374750246
datamining,300,32,Resource Calendar 11571,2919.907791704426,728.5752212396874
datamining,300,32,Resource Calendar 11583,2442.01975105618,493.8953555046677
datamining,300,32,Resource Calendar 11611,2378.7541847092443,536.1063098248733
datamining,300,32,Resource Calendar 11613,2493.2506188528628,469.80012413939
datamining,300,32,Resource Calendar 11614,3234.5096195934693,752.3717035020433
datamining,300,32,Resource Calendar 11653,2317.8657873438287,555.2151256919211
datamining,300,32,Resource Calendar 11678,3174.982088768508,741.9193748529333
datamining,300,32,Resource Calendar 11692,2978.537447655186,812.8424837255932
datamining,300,32,Resource Calendar 117,2757.9689450536753,674.7537390403119
datamining,300,32,Resource Calendar 11706,2299.1561971173332,528.90623689806
datamining,300,32,Resource Calendar 11759,2390.917872253323,649.1325092134324
datamining,300,32,Resource Calendar 11760,2532.000598445194,711.5538660574839
datamining,300,32,Resource Calendar 11772,2388.347779206508,470.98412325935925
datamining,300,32,Resource Calendar 11775,2540.7457663119094,704.2154597141621
datamining,300,32,Resource Calendar 11799,2976.392648263419,565.8865680482444
datamining,300,32,Resource Calendar 11805,2465.5042799985526,670.4176244976411
datamining,300,32,Resource Calendar 11811,2526.0311054444255,695.2321089861753
datamining,300,32,Resource Calendar 11829,2512.0260647266696,486.097989565311
datamining,300,32,Resource Calendar 11854,3635.914620756047,792.7432074081632
datamining,300,32,Resource Calendar 11858,2731.7390771854184,659.6015391871289
datamining,300,32,Resource Calendar 11861,2502.837115724334,621.2789611454546
datamining,300,32,Resource Calendar 11959,2802.451742354464,714.8159762524273
datamining,300,32,Resource Calendar 11961,2553.5457046646666,788.6865015639257
datamining,300,32,Resource Calendar 11973,2544.775607737057,620.6015306071736
datamining,300,32,Resource Calendar 11993,2787.677065630036,823.8540876552037
datamining,300,32,Resource Calendar 12006,2762.650038282877,789.3503396199187
datamining,300,32,Resource Calendar 12062,2142.2464816458764,388.274000451841
datamining,300,32,Resource Calendar 12093,2369.19177165442,647.0236894787106
datamining,300,32,Resource Calendar 12129,2518.2891079063943,661.024887141731
datamining,300,32,Resource Calendar 12175,2526.017782601654,580.3487759139225
datamining,300,32,Resource Calendar 12196,2992.1272016316466,661.7331410335698
datamining,300,32,Resource Calendar 12452,2969.1978056035055,529.0087270997387
datamining,300,32,Resource Calendar 12459,2672.174535970574,539.4023461461367
datamining,300,32,Resource Calendar 12521,2537.9329439900475,706.5332773250117
datamining,300,32,Resource Calendar 12532,2676.8295548758706,638.0826825743432
datamining,300,32,Resource Calendar 12535,2872.9882631545474,595.989678688264
datamining,300,32,Resource Calendar 12548,2829.184597997025,573.8412169433216
datamining,300,32,Resource Calendar 12814,2369.942955838492,708.5853013156174
datamining,300,32,Resource Calendar 12836,2560.352673480646,653.3109742599686
datamining,300,32,Resource Calendar 12915,2779.742953514136,820.9785199851103
datamining,300,32,Resource Calendar 12935,2400.798208354319,762.1322342887553
datamining,300,32,Resource Calendar 1295,2364.7919666167018,789.9812542159789
datamining,300,32,Resource Calendar 13014,2774.5302990586433,622.8262105411777
datamining,300,32,Resource Calendar 1314,2924.907569726535,702.8065566932039
datamining,300,32,Resource Calendar 1343,3202.6804025825304,973.6953127296304
datamining,300,32,Resource Calendar 13544,2283.2701780543994,795.9650209896492
datamining,300,32,Resource Calendar 13559,1975.709000730237,599.8533423387117
datamining,300,32,Resource Calendar 13733,2337.7897853574846,633.5533807405186
datamining,300,32,Resource Calendar 1378,3056.658496440728,782.3026752244996
datamining,300,32,Resource Calendar 13803,2500.079058993627,656.5090311241195
datamining,300,32,Resource Calendar 14126,2649.9040416293237,744.6682062792112
datamining,300,32,Resource Calendar 14128,2632.5271082055356,523.9013565104049
datamining,300,32,Resource Calendar 1422,3077.942879432387,622.1103443113645
datamining,300,32,Resource Calendar 14440,2401.3828975674546,621.4664461204187
datamining,300,32,Resource Calendar 1471,2320.4531539744903,675.7304825234821
datamining,300,32,Resource Calendar 15057,2775.381761860914,636.4218435031636
datamining,300,32,Resource Calendar 1515,3243.7375280975116,826.249053245432
datamining,300,32,Resource Calendar 1524,1727.435383764678,780.9108496549701
datamining,300,32,Resource Calendar 15315,3256.6314201246787,910.7047227751381
datamining,300,32,Resource Calendar 15323,3276.680408327592,1231.3901405883933
datamining,300,32,Resource Calendar 15345,2562.800479953198,633.9235952047358
datamining,300,32,Resource Calendar 15352,3259.9000779823914,904.5072082632242
datamining,300,32,Resource Calendar 15356,1929.64297614064,499.0936990485467
datamining,300,32,Resource Calendar 15370,2277.6378660294235,614.155001053503
datamining,300,32,Resource Calendar 15547,2628.674931741423,634.533248180014
datamining,300,32,Resource Calendar 15612,2202.774784401962,457.1957422647249
datamining,300,32,Resource Calendar 157,2395.4311799442153,567.9697072811907
datamining,300,32,Resource Calendar 15862,3196.933987906742,678.1955774442547
datamining,300,32,Resource Calendar 15884,2590.2372797149224,652.0635214414381
datamining,300,32,Resource Calendar 15930,2596.8262605889554,826.7651319578188
datamining,300,32,Resource Calendar 15957,2479.4228614550457,690.6743391691575
datamining,300,32,Resource Calendar 16273,2664.59974258135,707.142246313921
datamining,300,32,Resource Calendar 163,2618.105256188257,565.9004072549751
datamining,300,32,Resource Calendar 1646,2935.901441126518,694.1794970417451
datamining,300,32,Resource Calendar 16695,3186.4856544295985,714.9382755056588
datamining,300,32,Resource Calendar 1684,3172.0785741620552,551.7735143854085
datamining,300,32,Resource Calendar 1707,3019.7895995261533,731.6772917275184
datamining,300,32,Resource Calendar 17296,2555.168400141372,718.5598207998729
datamining,300,32,Resource Calendar 17379,1782.1698299376899,535.1711700352055
datamining,300,32,Resource Calendar 17525,2845.21352270085,974.0185922484904
datamining,300,32,Resource Calendar 17625,2416.2226032728067,638.3783627591289
datamining,300,32,Resource Calendar 17642,2688.1179763596006,759.6022382704691
datamining,300,32,Resource Calendar 17769,2340.573855782741,551.5949371795741
datamining,300,32,Resource Calendar 17807,2618.4510340806632,812.340783018954
datamining,300,32,Resource Calendar 17872,3153.7248367187176,796.309256173503
datamining,300,32,Resource Calendar 1792,2510.1266403152435,686.7346738768357
datamining,300,32,Resource Calendar 1795,2630.339139602396,684.4911020965222
datamining,300,32,Resource Calendar 17965,2546.8811110629213,657.8574700248358
datamining,300,32,Resource Calendar 18289,2517.8537294488524,624.2182239685795
datamining,300,32,Resource Calendar 18317,2804.7631189223935,623.7310615288224
datamining,300,32,Resource Calendar 18501,2658.6392618810364,662.2843595856301
datamining,300,32,Resource Calendar 186,2677.013325306,675.8511862260659
datamining,300,32,Resource Calendar 1860,2215.4071205675973,570.3541130275216
datamining,300,32,Resource Calendar 18760,2374.26461821665,583.9112904862089
datamining,300,32,Resource Calendar 18929,2703.8072125105978,622.4299213930476
datamining,300,32,Resource Calendar 18942,2285.3383379033035,508.61241195354046
datamining,300,32,Resource Calendar 19019,3868.7762364266327,858.1133826204971
datamining,300,32,Resource Calendar 1910,2686.618011871186,607.8843226817522
datamining,300,32,Resource Calendar 19214,2839.046451427499,478.51327202308323
datamining,300,32,Resource Calendar 19295,2438.5779109050445,720.9741969492404
datamining,300,32,Resource Calendar 19296,2014.4435334819293,650.6276638886499
datamining,300,32,Resource Calendar 1934,2168.1217680497243,431.5600636072997
datamining,300,32,Resource Calendar 19422,1984.1334432236754,514.5243406903361
datamining,300,32,Resource Calendar 19531,2829.3359843956373,811.7712299180215
datamining,300,32,Resource Calendar 19572,2638.2704407361007,613.8695972309642
datamining,300,32,Resource Calendar 19582,3545.2196377188147,860.419921736471
datamining,300,32,Resource Calendar 1959,2582.4661418464843,625.5693088067101
datamining,300,32,Resource Calendar 19591,2604.748283951687,810.7700881859694
datamining,300,32,Resource Calendar 19692,2709.6191694686772,723.9707222988275
datamining,300,32,Resource Calendar 19746,2582.008165287059,667.1062337006648
datamining,300,32,Resource Calendar 19811,2657.256379813152,660.3525896285249
datamining,300,32,Resource Calendar 19916,2260.0480809053092,767.8735969707706
datamining,300,32,Resource Calendar 1995,2253.7135958229524,613.9985740477001
datamining,300,32,Resource Calendar 20194,2875.368474389575,520.5016624709003
datamining,300,32,Resource Calendar 2045,2111.094963510624,609.5395732707103
datamining,300,32,Resource Calendar 2091,2533.4680434569786,498.83290986955683
datamining,300,32,Resource Calendar 21188,3658.9910289783293,721.398430461639
datamining,300,32,Resource Calendar 2133,3017.765810224035,745.8997283664721
datamining,300,32,Resource Calendar 2144,3151.0474147590207,706.373316795949
datamining,300,32,Resource Calendar 2150,2601.1024726555206,663.9500299558279
datamining,300,32,Resource Calendar 2154,2246.9059688680986,530.3811146386935
datamining,300,32,Resource Calendar 21562,2886.2775287477066,577.241687368082
datamining,300,32,Resource Calendar 22074,2766.904720415841,671.7463369649709
datamining,300,32,Resource Calendar 22377,2821.1951212368526,587.4682716997314
datamining,300,32,Resource Calendar 22404,3214.416229875777,600.0935817745128
datamining,300,32,Resource Calendar 22437,2045.3418714259728,659.2239073302819
datamining,300,32,Resource Calendar 22438,2608.4314296004404,666.3284500053137
datamining,300,32,Resource Calendar 22439,2761.5188866890653,716.5255309275173
datamining,300,32,Resource Calendar 22475,3541.7043787446514,923.0799843749248
datamining,300,32,Resource Calendar 22476,2738.6237785873905,658.7983319837006
datamining,300,32,Resource Calendar 22478,2483.178339941912,700.7957534176498
datamining,300,32,Resource Calendar 22485,2899.1650961303203,584.1607477704547
datamining,300,32,Resource Calendar 22490,2435.1654409822568,688.1397429925402
datamining,300,32,Resource Calendar 22491,2704.9291284736637,752.9910778543839
datamining,300,32,Resource Calendar 22496,2476.9945529040865,597.5610916503241
datamining,300,32,Resource Calendar 22529,3062.547053196342,711.7005234394
datamining,300,32,Resource Calendar 22533,2908.7936856580395,764.3150225745585
datamining,300,32,Resource Calendar 22534,1950.3998095258073,495.4703951248336
datamining,300,32,Resource Calendar 22543,2602.9385779126283,808.3332312572381
datamining,300,32,Resource Calendar 22560,2144.116998269592,542.2607213212596
datamining,300,32,Resource Calendar 22592,2583.9960415320475,646.8249445702978
datamining,300,32,Resource Calendar 22624,3390.0872288289142,907.0500653279414
datamining,300,32,Resource Calendar 22736,2538.2594732666757,774.6658518529867
datamining,300,32,Resource Calendar 2274,2043.4918856420245,685.6773482909058
datamining,300,32,Resource Calendar 22785,2473.452894867548,822.7286644159987
datamining,300,32,Resource Calendar 22795,2197.4028641585405,739.4362374564405
datamining,300,32,Resource Calendar 22829,2614.3730709184033,689.8076091889578
datamining,300,32,Resource Calendar 2292,3154.4757937936356,712.3546946187172
datamining,300,32,Resource Calendar 22940,2745.688799527438,686.1363185759056
datamining,300,32,Resource Calendar 22950,2745.4174785465084,761.869316819369
datamining,300,32,Resource Calendar 22962,2526.2980002523636,646.8998223643032
datamining,300,32,Resource Calendar 23335,2309.4812514304886,693.0455122193265
datamining,300,32,Resource Calendar 23530,2756.846146975135,547.6965456456785
datamining,300,32,Resource Calendar 23842,2296.520750049347,595.6844187717368
datamining,300,32,Resource Calendar 2391,2447.8601998640142,495.61268829806556
datamining,300,32,Resource Calendar 23934,2934.829451557259,798.5052630237332
datamining,300,32,Resource Calendar 23978,2333.282023244124,535.3904185332309
datamining,300,32,Resource Calendar 2408,2335.235769238228,696.4957932733347
datamining,300,32,Resource Calendar 241,2536.604601960095,897.8352675917971
datamining,300,32,Resource Calendar 2440,2892.140245724347,792.2748298443447
datamining,300,32,Resource Calendar 24517,1975.521701568158,531.8372305885797
datamining,300,32,Resource Calendar 24519,2475.3577950702143,523.3386621407856
datamining,300,32,Resource Calendar 2453,2713.1923865058875,694.1250888216136
datamining,300,32,Resource Calendar 24536,1637.7389051888306,432.96944526265247
datamining,300,32,Resource Calendar 24544,2781.74892268067,637.9979701592785
datamining,300,32,Resource Calendar 2463,2577.9495262186524,660.8803263705813
datamining,300,32,Resource Calendar 2465,2246.9949455179008,564.80572230083
datamining,300,32,Resource Calendar 2506,2550.7757965153123,504.9146357945172
datamining,300,32,Resource Calendar 2512,2672.6392596788505,684.0347581353316
datamining,300,32,Resource Calendar 25141,2203.7650616918622,555.6793754068352
datamining,300,32,Resource Calendar 2541,2632.875750910392,584.7333418297329
datamining,300,32,Resource Calendar 261,2565.8322359049407,575.9195122429217
datamining,300,32,Resource Calendar 26147,2235.7277975466427,786.4220698633978
datamining,300,32,Resource Calendar 26248,2420.1406006703005,585.0848421332582
datamining,300,32,Resource Calendar 26259,2665.726424146789,672.4578881565202
datamining,300,32,Resource Calendar 26271,2381.7012430597583,785.6466876992424
datamining,300,32,Resource Calendar 26298,2393.270204746719,579.0306213819116
datamining,300,32,Resource Calendar 26321,2837.366150333072,729.0019423776013
datamining,300,32,Resource Calendar 26344,3010.2736001232715,680.5357005916247
datamining,300,32,Resource Calendar 26348,2564.0157520519833,497.7385979060836
datamining,300,32,Resource Calendar 26359,3062.243325365682,709.1649796169063
datamining,300,32,Resource Calendar 2649,2248.86189568143,770.0119710201524
datamining,300,32,Resource Calendar 26756,2735.759865395341,789.7132378249802
datamining,300,32,Resource Calendar 26757,2987.9178630170704,602.6338631120256
datamining,300,32,Resource Calendar 26758,2015.7416691530866,495.5054328908572
datamining,300,32,Resource Calendar 26759,2031.048985900975,509.2981281763995
datamining,300,32,Resource Calendar 26762,2488.2609952799066,616.8944002268148
datamining,300,32,Resource Calendar 26763,2734.5221991878775,681.8548885027402
datamining,300,32,Resource Calendar 26767,2197.137092498792,530.4928590398372
datamining,300,32,Resource Calendar 26772,2771.2597422435147,671.9720606964711
datamining,300,32,Resource Calendar 26780,2954.6649304690472,801.5512470112573
datamining,300,32,Resource Calendar 26788,2677.0064862831036,676.2865414459925
datamining,300,32,Resource Calendar 26789,2937.2053999789146,898.0390718523855
datamining,300,32,Resource Calendar 26793,2823.8566753320815,692.5478692228709
datamining,300,32,Resource Calendar 26796,2463.513758549913,857.5809514930455
datamining,300,32,Resource Calendar 27293,2767.4092930011766,927.6819015998661
datamining,300,32,Resource Calendar 2735,2525.675512094937,634.0588042375796
datamining,300,32,Resource Calendar 2740,2246.304767766639,472.76165440582236
datamining,300,32,Resource Calendar 2804,2572.882412881965,812.4523333499757
datamining,300,32,Resource Calendar 2834,2561.8865746101696,623.963723940319
datamining,300,32,Resource Calendar 28881,2969.6885336487608,858.2992625362938
datamining,300,32,Resource Calendar 2925,3068.078145819189,862.6860396224644
datamining,300,32,Resource Calendar 29274,2337.172738795516,591.3412821839875
datamining,300,32,Resource Calendar 29276,2201.8889475007036,566.5519897525395
datamining,300,32,Resource Calendar 29277,2547.9394648276516,478.94826416857205
datamining,300,32,Resource Calendar 29280,2439.067751476478,609.9014041663094
datamining,300,32,Resource Calendar 29281,3056.6301294598225,625.5557123237085
datamining,300,32,Resource Calendar 294,2895.204246298622,691.5404311920556
datamining,300,32,Resource Calendar 29577,2782.664151119997,820.8452944054586
datamining,300,32,Resource Calendar 29578,2474.671413391129,654.1921032367705
datamining,300,32,Resource Calendar 29579,2820.4630138315965,716.8220723721146
datamining,300,32,Resource Calendar 2970,2835.933671103891,562.52094678634
datamining,300,32,Resource Calendar 29704,2250.009651160684,625.0376124991626
datamining,300,32,Resource Calendar 2981,2934.748957855402,619.3752431950289
datamining,300,32,Resource Calendar 3003,2906.3857207217193,843.140473317047
datamining,300,32,Resource Calendar 3019,2730.481917795646,632.5540885843114
datamining,300,32,Resource Calendar 305,2459.7845399124894,657.4558345534389
datamining,300,32,Resource Calendar 3057,2492.068808509041,622.0080100637325
datamining,300,32,Resource Calendar 308,2352.468263864509,610.2783473974976
datamining,300,32,Resource Calendar 3108,2398.150214992353,649.4114772939513
datamining,300,32,Resource Calendar 3113,2255.546722575929,623.4314251326506
datamining,300,32,Resource Calendar 3149,2894.124446137589,586.9358789812038
datamining,300,32,Resource Calendar 3296,2181.7260696464828,737.3615082870177
datamining,300,32,Resource Calendar 3409,2415.559863992063,678.3743998750191
datamining,300,32,Resource Calendar 341,2361.260659741844,532.4726937142503
datamining,300,32,Resource Calendar 3421,2289.8203667750645,544.8030876983174
datamining,300,32,Resource Calendar 3445,2878.5728495692692,861.4108280950946
datamining,300,32,Resource Calendar 3480,2205.3416945850395,626.4009028307676
datamining,300,32,Resource Calendar 3502,2533.911585821345,684.2032261452911
datamining,300,32,Resource Calendar 3510,2029.4777332778858,680.0710447746102
datamining,300,32,Resource Calendar 3603,3563.61655719151,777.4250320056632
datamining,300,32,Resource Calendar 3656,2497.329838142338,769.3103589609622
datamining,300,32,Resource Calendar 369,3092.306692125544,722.710627354979
datamining,300,32,Resource Calendar 3695,2506.303199378051,623.3525496024516
datamining,300,32,Resource Calendar 3703,3200.153448045265,810.8215879280351
datamining,300,32,Resource Calendar 3729,2760.2338400791846,666.9785690663615
datamining,300,32,Resource Calendar 3747,2336.9530823018567,650.78838121294
datamining,300,32,Resource Calendar 3796,2261.1553180254787,529.1884361433495
datamining,300,32,Resource Calendar 3815,2828.6412371111123,668.5753557603307
datamining,300,32,Resource Calendar 387,2357.1856584813913,563.903150429096
datamining,300,32,Resource Calendar 3917,2522.374135909357,583.0343993857723
datamining,300,32,Resource Calendar 3926,2537.736309217486,600.8946460919938
datamining,300,32,Resource Calendar 397,2622.8597057387187,618.3387890307439
datamining,300,32,Resource Calendar 4032,2951.150542708663,674.0463932520267
datamining,300,32,Resource Calendar 4067,2368.8071790574895,582.982293072733
datamining,300,32,Resource Calendar 410,2749.663303251531,581.4197546229067
datamining,300,32,Resource Calendar 4126,2805.050759993071,708.6263404325535
datamining,300,32,Resource Calendar 4130,2558.7289020982535,610.053370643581
datamining,300,32,Resource Calendar 4148,2161.290297717382,567.2362441245976
datamining,300,32,Resource Calendar 436,2683.5377084213333,644.2168172517535
datamining,300,32,Resource Calendar 4441,3132.9155894069845,861.3408045573299
datamining,300,32,Resource Calendar 4457,2208.8887658736426,521.8556767410596
datamining,300,32,Resource Calendar 448,3756.961561912088,729.1667393478496
datamining,300,32,Resource Calendar 4560,2772.3009735796063,719.9272542713554
datamining,300,32,Resource Calendar 4701,2745.806126351017,806.8886202920929
datamining,300,32,Resource Calendar 4708,2931.582598886767,810.3695581926282
datamining,300,32,Resource Calendar 4745,2450.5781816976582,650.1541422989274
datamining,300,32,Resource Calendar 4765,2415.7749446821813,628.2874502399118
datamining,300,32,Resource Calendar 4834,2375.4139228500076,596.8379379571843
datamining,300,32,Resource Calendar 4840,2686.459775383878,592.4896550207819
datamining,300,32,Resource Calendar 4867,2251.3311762349367,797.7163466290212
datamining,300,32,Resource Calendar 49,2518.6473762480814,777.8118382559974
datamining,300,32,Resource Calendar 4905,3033.228389677577,527.4038268146819
datamining,300,32,Resource Calendar 4912,2864.6277064007086,641.5409808897858
datamining,300,32,Resource Calendar 4913,2779.208918705311,747.5587809441963
datamining,300,32,Resource Calendar 4918,2812.30913417602,726.8447375857247
datamining,300,32,Resource Calendar 4924,2517.6023624229965,724.9918673649438
datamining,300,32,Resource Calendar 5020,2242.0542849049534,658.1178353006721
datamining,300,32,Resource Calendar 5028,2058.5696019920233,455.0908461734219
datamining,300,32,Resource Calendar 5064,2790.2112725264806,788.9641882492579
datamining,300,32,Resource Calendar 5151,2072.0706474915423,547.3747193737992
datamining,300,32,Resource Calendar 5154,2017.7140383791768,759.6150415142097
datamining,300,32,Resource Calendar 5183,2375.020414647617,565.167220040597
datamining,300,32,Resource Calendar 5189,3118.2658071830638,799.6703909270603
datamining,300,32,Resource Calendar 5221,3436.2558849234183,762.8322148785915
datamining,300,32,Resource Calendar 5275,2955.500724985219,829.2903527103572
datamining,300,32,Resource Calendar 528,2244.63732868939,530.5801725665964
datamining,300,32,Resource Calendar 5290,2593.1477467720774,736.0615810948884
datamining,300,32,Resource Calendar 5292,2558.392259597492,652.2265228138256
datamining,300,32,Resource Calendar 5330,2217.218917017187,531.6855321954981
datamining,300,32,Resource Calendar 5396,3736.842292088904,826.8624841016082
datamining,300,32,Resource Calendar 5488,2712.1124248161054,829.7842661395678
datamining,300,32,Resource Calendar 5506,2322.6387086276686,560.1657110074278
datamining,300,32,Resource Calendar 5571,2153.486563740072,510.6681293282893
datamining,300,32,Resource Calendar 5573,2212.5248628461272,585.0252008370131
datamining,300,32,Resource Calendar 5588,2994.2909145523245,758.3107241577935
datamining,300,32,Resource Calendar 559,2535.8000396626494,797.5979068768205
datamining,300,32,Resource Calendar 5593,2939.0448741856458,650.9765857041281
datamining,300,32,Resource Calendar 5613,2492.6905491988136,702.1255132471023
datamining,300,32,Resource Calendar 5641,2320.270793647102,561.5809119549436
datamining,300,32,Resource Calendar 566,3105.2238389356794,774.2584533118162
datamining,300,32,Resource Calendar 5667,2338.0587695243835,736.8105290577256
datamining,300,32,Resource Calendar 5668,2603.774612040406,845.8089143771732
datamining,300,32,Resource Calendar 5714,2499.4890128530647,724.757067014281
datamining,300,32,Resource Calendar 5778,2665.2061129566778,707.0019753613077
datamining,300,32,Resource Calendar 5793,2531.8074323544424,729.8631940322509
datamining,300,32,Resource Calendar 5802,2748.4499307471547,766.3011547817554
datamining,300,32,Resource Calendar 5858,2834.051805430539,659.855688652826
datamining,300,32,Resource Calendar 5883,2332.2396713514663,618.0086866436365
datamining,300,32,Resource Calendar 5972,2134.7856900399456,608.3808367263598
datamining,300,32,Resource Calendar 6004,2445.135081692477,493.65378978265306
datamining,300,32,Resource Calendar 6039,2608.7684336089146,805.3578446775279
datamining,300,32,Resource Calendar 6101,2818.8973846562676,895.8623297519222
datamining,300,32,Resource Calendar 6107,2239.014612360387,615.2378022264975
datamining,300,32,Resource Calendar 6159,2606.1807824050857,609.3566262681115
datamining,300,32,Resource Calendar 6186,1708.0523786655522,484.6770752098586
datamining,300,32,Resource Calendar 6204,2486.9346124862845,661.0581745531589
datamining,300,32,Resource Calendar 6229,2398.9202257136217,654.6173132482035
datamining,300,32,Resource Calendar 6231,3090.11683270173,562.8298170411273
datamining,300,32,Resource Calendar 6260,2529.117736720911,515.6540313124218
datamining,300,32,Resource Calendar 6369,2172.9163612206303,510.2342015536372
datamining,300,32,Resource Calendar 6400,2807.6108753954354,858.1092903116546
datamining,300,32,Resource Calendar 6410,3243.5589822431452,942.3339414764994
datamining,300,32,Resource Calendar 6426,2398.92397670042,816.415268715882
datamining,300,32,Resource Calendar 6437,2949.60957520186,613.3659719038129
datamining,300,32,Resource Calendar 6469,2343.6033555592776,576.2253307489964
datamining,300,32,Resource Calendar 6497,3180.636425784257,851.8274683641183
datamining,300,32,Resource Calendar 6520,2371.734044465678,464.3358177056383
datamining,300,32,Resource Calendar 6551,2524.6929156156934,750.596699477008
datamining,300,32,Resource Calendar 6572,3663.834060488137,785.0462150344559
datamining,300,32,Resource Calendar 659,2998.898160659215,833.0648916392364
datamining,300,32,Resource Calendar 6598,2154.615058550279,511.40082456030945
datamining,300,32,Resource Calendar 6625,2571.795241046895,741.7762846455698
datamining,300,32,Resource Calendar 6629,3122.5447065003436,805.7277311040874
datamining,300,32,Resource Calendar 6639,2943.0774281823064,755.7849670489974
datamining,300,32,Resource Calendar 669,2748.0581911875165,882.305758577533
datamining,300,32,Resource Calendar 6694,2800.5549145971495,653.992454868632
datamining,300,32,Resource Calendar 6723,2364.8964920475673,686.0540240846947
datamining,300,32,Resource Calendar 6767,2564.915530051008,840.6904575482791
datamining,300,32,Resource Calendar 677,2415.360952993178,657.6854787853983
datamining,300,32,Resource Calendar 6799,3327.4329469854583,776.0779568406258
datamining,300,32,Resource Calendar 6844,2071.5385658080313,530.8316749555137
datamining,300,32,Resource Calendar 6851,2530.923316030101,748.8185595799953
datamining,300,32,Resource Calendar 6872,2631.2777025322157,749.7422150384436
datamining,300,32,Resource Calendar 6876,3162.413346709496,725.2290349787168
datamining,300,32,Resource Calendar 6889,2943.4146889067447,715.2431090286889
datamining,300,32,Resource Calendar 6894,2412.9120840563423,622.4371708022983
datamining,300,32,Resource Calendar 695,3009.4881358542093,844.7670420812422
datamining,300,32,Resource Calendar 6952,2640.176895037111,773.0574272283224
datamining,300,32,Resource Calendar 6954,2737.8521053966647,757.3849883108827
datamining,300,32,Resource Calendar 6958,3003.9671014191977,623.4928221550936
datamining,300,32,Resource Calendar 6971,2529.18201851689,627.8979979780185
datamining,300,32,Resource Calendar 6979,2442.6030560096733,732.0980761124614
datamining,300,32,Resource Calendar 6985,2651.8231181102874,672.960920469597
datamining,300,32,Resource Calendar 6987,2878.180929523223,669.9227153455967
datamining,300,32,Resource Calendar 6990,2991.6760167209945,854.144474973945
datamining,300,32,Resource Calendar 6995,2660.387557166588,906.7353665812049
datamining,300,32,Resource Calendar 7007,2932.054026057016,855.2367590229395
datamining,300,32,Resource Calendar 7010,2763.467981683842,795.1814345072801
datamining,300,32,Resource Calendar 7019,2518.623209138722,562.3172170822505
datamining,300,32,Resource Calendar 7039,2079.9225523061273,515.4848741561639
datamining,300,32,Resource Calendar 7071,2864.545949162379,852.2647502949275
datamining,300,32,Resource Calendar 7080,2791.7628227771684,643.6859639546919
datamining,300,32,Resource Calendar 7088,2400.6794762126974,550.1846459302777
datamining,300,32,Resource Calendar 7091,2436.097024830825,501.5761457462277
datamining,300,32,Resource Calendar 7137,2653.0453650181526,725.3943767128834
datamining,300,32,Resource Calendar 7143,2398.854959923959,546.0638562713165
datamining,300,32,Resource Calendar 7144,2492.277999573642,667.8970168643538
datamining,300,32,Resource Calendar 7147,3158.463935890175,868.9826193904921
datamining,300,32,Resource Calendar 716,2880.70804405957,735.9725571528969
datamining,300,32,Resource Calendar 7177,3089.2561015954752,691.736544254394
datamining,300,32,Resource Calendar 7186,2529.1671711620934,713.9743950374437
datamining,300,32,Resource Calendar 7297,2868.3871476161266,734.0753245552314
datamining,300,32,Resource Calendar 7299,2176.7471275359308,555.9826669939301
datamining,300,32,Resource Calendar 7304,3083.852567035095,541.6573320041038
datamining,300,32,Resource Calendar 7311,2037.2022069955256,489.9226017313576
datamining,300,32,Resource Calendar 7314,2759.16155996057,528.623921517481
datamining,300,32,Resource Calendar 7316,2906.2791185729247,742.3534780219713
datamining,300,32,Resource Calendar 7320,3119.2030998488917,715.221713716075
datamining,300,32,Resource Calendar 7323,2452.4386773339183,610.7133601570574
datamining,300,32,Resource Calendar 7324,2653.793590489204,470.1035794353539
datamining,300,32,Resource Calendar 7331,3097.1461284524235,614.9804827704563
datamining,300,32,Resource Calendar 7355,2614.721969358201,468.908168651646
datamining,300,32,Resource Calendar 7369,2590.131181026091,707.2190796891967
datamining,300,32,Resource Calendar 7374,2604.419414372507,678.5471775094684
datamining,300,32,Resource Calendar 7387,2487.4474637329445,642.868355735758
datamining,300,32,Resource Calendar 7389,2278.655913164041,599.8005513304273
datamining,300,32,Resource Calendar 7394,2310.24298525921,638.8484760378229
datamining,300,32,Resource Calendar 7423,2083.438143891011,671.3355569476146
datamining,300,32,Resource Calendar 7490,2430.2395376891855,677.468572965385
datamining,300,32,Resource Calendar 7492,2655.8460467660066,698.4673667752826
datamining,300,32,Resource Calendar 7518,2199.1681405499567,502.0104911760519
datamining,300,32,Resource Calendar 754,2203.8504436079966,714.5601891573826
datamining,300,32,Resource Calendar 7573,1989.4022845019042,641.2117425899912
datamining,300,32,Resource Calendar 7574,2292.7206789993515,609.7882169564461
datamining,300,32,Resource Calendar 7592,2809.171719135097,650.7826636025372
datamining,300,32,Resource Calendar 7599,2882.45154541062,772.4339226732012
datamining,300,32,Resource Calendar 7611,2974.8443941714963,912.6284014027513
datamining,300,32,Resource Calendar 7628,3088.214168868831,877.2742747943602
datamining,300,32,Resource Calendar 7638,2202.288911045492,626.7501597303905
datamining,300,32,Resource Calendar 7641,2998.1274587231205,682.841976799167
datamining,300,32,Resource Calendar 7650,2915.7291322267365,723.472314304555
datamining,300,32,Resource Calendar 7660,2306.3344797277923,461.64675429286547
datamining,300,32,Resource Calendar 7664,2567.5731099207464,466.6991729024384
datamining,300,32,Resource Calendar 7682,2321.3251879273257,603.5626719318284
datamining,300,32,Resource Calendar 7717,2063.262585898877,495.7241363995575
datamining,300,32,Resource Calendar 7736,2114.6257158256913,541.0459431934426
datamining,300,32,Resource Calendar 7763,2512.3719478301277,829.2765694312387
datamining,300,32,Resource Calendar 7770,2672.1669945751332,755.380438159647
datamining,300,32,Resource Calendar 7775,2438.947712894344,659.2156690974535
datamining,300,32,Resource Calendar 7781,2515.114868623772,614.2243453231457
datamining,300,32,Resource Calendar 7783,1994.04497376112,518.0036602113051
datamining,300,32,Resource Calendar 7819,3363.331011694054,660.2755604262767
datamining,300,32,Resource Calendar 7820,2149.749427912777,579.940722141719
datamining,300,32,Resource Calendar 7824,2903.3727889604997,667.4241026502608
datamining,300,32,Resource Calendar 7836,2808.290773038067,591.0123288779272
datamining,300,32,Resource Calendar 7854,2596.589899556736,628.7741804010806
datamining,300,32,Resource Calendar 7862,2071.2810780099107,611.6823629641972
datamining,300,32,Resource Calendar 7897,2457.6371183577903,519.1936640023138
datamining,300,32,Resource Calendar 7963,2941.726678929087,599.4699254447239
datamining,300,32,Resource Calendar 8022,3097.8682586471386,743.2796769195115
datamining,300,32,Resource Calendar 8032,2274.7612679058907,577.1942696062875
datamining,300,32,Resource Calendar 8033,2609.4248012790363,879.2038657039666
datamining,300,32,Resource Calendar 8064,2912.1828561206935,675.006120291121
datamining,300,32,Resource Calendar 8065,2584.428765337241,731.3367612176679
datamining,300,32,Resource Calendar 8112,2469.023099454459,627.5294673264142
datamining,300,32,Resource Calendar 8121,2702.634584680687,751.1669963001882
datamining,300,32,Resource Calendar 8139,2280.8036800177842,615.7078855733179
datamining,300,32,Resource Calendar 8142,2234.2473775598637,620.5212643126423
datamining,300,32,Resource Calendar 8147,2532.393065376603,624.7245460550411
datamining,300,32,Resource Calendar 8160,2593.302507824094,869.085716022424
datamining,300,32,Resource Calendar 8164,2808.1569333884613,715.6236863184305
datamining,300,32,Resource Calendar 8177,2827.786941540319,730.1870510939779
datamining,300,32,Resource Calendar 8186,2736.7265389478116,699.0790579621118
datamining,300,32,Resource Calendar 8188,2673.7599623841165,766.039132281283
datamining,300,32,Resource Calendar 8203,2610.760596688356,736.5016266766012
datamining,300,32,Resource Calendar 8213,2694.2068463380256,650.3907307709827
datamining,300,32,Resource Calendar 8223,2493.710591221619,572.9620774066925
datamining,300,32,Resource Calendar 8225,2735.5915186982475,724.829965077274
datamining,300,32,Resource Calendar 8248,3408.7166759695538,779.6378089495416
datamining,300,32,Resource Calendar 8263,2467.596192560401,677.528051186411
datamining,300,32,Resource Calendar 8268,2615.9712801745186,648.2520631005045
datamining,300,32,Resource Calendar 8365,2214.627752612195,612.6451284647925
datamining,300,32,Resource Calendar 8371,2982.247540345955,643.417034219848
datamining,300,32,Resource Calendar 8382,3205.6873278034896,879.991221728584
datamining,300,32,Resource Calendar 8416,2901.599227096055,667.9338178883177
datamining,300,32,Resource Calendar 8428,2072.450001526399,574.4971558592822
datamining,300,32,Resource Calendar 8443,2759.6492790036405,623.231439912967
datamining,300,32,Resource Calendar 8450,2731.6780514837537,802.7397184430866
datamining,300,32,Resource Calendar 8455,1819.4550981343111,460.32702985671546
datamining,300,32,Resource Calendar 8461,2413.4255274852676,606.1298129694195
datamining,300,32,Resource Calendar 8475,2050.527805546181,568.3628364528998
datamining,300,32,Resource Calendar 8486,2603.293265883279,586.9833120932997
datamining,300,32,Resource Calendar 8491,1733.8590986377387,612.1996013372672
datamining,300,32,Resource Calendar 8498,2481.85299196736,658.4809711043391
datamining,300,32,Resource Calendar 8525,2268.6342333031903,582.9104486025656
datamining,300,32,Resource Calendar 8528,2422.7586954779026,544.0836511816495
datamining,300,32,Resource Calendar 8532,2042.4168724541805,498.66665485598764
datamining,300,32,Resource Calendar 8536,2303.186994337212,771.3742407504569
datamining,300,32,Resource Calendar 8556,2487.3340413273795,773.9711282091763
datamining,300,32,Resource Calendar 8572,2606.262933251513,663.8479178248551
datamining,300,32,Resource Calendar 8587,2459.704967744143,743.1737506025332
datamining,300,32,Resource Calendar 8588,2663.7019658338068,684.2410947671032
datamining,300,32,Resource Calendar 8614,2716.111856708292,576.9467159886831
datamining,300,32,Resource Calendar 8651,2561.298049654563,625.2777050239456
datamining,300,32,Resource Calendar 8655,2182.910093847339,569.1218538772547
datamining,300,32,Resource Calendar 8661,2686.866582725413,687.6915834027484
datamining,300,32,Resource Calendar 8688,2672.7483810204467,643.1624677350212
datamining,300,32,Resource Calendar 8708,1954.2030593669385,450.2912716158813
datamining,300,32,Resource Calendar 8727,2092.516245299777,698.0568679100502
datamining,300,32,Resource Calendar 8736,1573.6928330358553,425.76566693529713
datamining,300,32,Resource Calendar 8744,2974.6269596518982,827.8952671515124
datamining,300,32,Resource Calendar 8749,2513.351808263479,581.0986646657248
datamining,300,32,Resource Calendar 8772,2235.6063410291686,838.2932469122916
datamining,300,32,Resource Calendar 8774,2695.4864222486913,708.6899270245739
datamining,300,32,Resource Calendar 8786,2407.4967567903554,500.13498580562367
datamining,300,32,Resource Calendar 8797,2779.409999898818,617.9960871584248
datamining,300,32,Resource Calendar 8813,2549.1251175037373,740.7921183034251
datamining,300,32,Resource Calendar 8819,2514.1905189895506,762.6337250460012
datamining,300,32,Resource Calendar 8824,2858.6192514299123,667.6604028544853
datamining,300,32,Resource Calendar 8854,2329.422572919495,770.3434956114738
datamining,300,32,Resource Calendar 8856,2361.7742574593735,478.1871393307159
datamining,300,32,Resource Calendar 8882,2563.3154286728236,752.7539716101198
datamining,300,32,Resource Calendar 8916,2555.1301787630478,629.6706692090729
datamining,300,32,Resource Calendar 8955,2180.813418126304,710.1789156466368
datamining,300,32,Resource Calendar 8973,2542.704767171049,675.2486584106891
datamining,300,32,Resource Calendar 8995,2113.6489912963284,635.4145187090439
datamining,300,32,Resource Calendar 8997,2575.4446868723603,754.2357896991917
datamining,300,32,Resource Calendar 9146,2985.760254832085,812.881172041385
datamining,300,32,Resource Calendar 9154,2006.8757559146065,590.0069997662961
datamining,300,32,Resource Calendar 9184,2535.9330246396803,600.7604082399572
datamining,300,32,Resource Calendar 9187,2617.96575095697,772.6609281716611
datamining,300,32,Resource Calendar 920,3240.592856299326,871.4599318982616
datamining,300,32,Resource Calendar 9249,2572.911178185147,622.8670495274494
datamining,300,32,Resource Calendar 9298,2582.2243047212073,647.4787007929414
datamining,300,32,Resource Calendar 9332,2033.4312542712435,569.1979037946542
datamining,300,32,Resource Calendar 9335,2799.487697524046,798.9957947963849
datamining,300,32,Resource Calendar 9336,2328.1935328009677,655.0504085960202
datamining,300,32,Resource Calendar 9348,3073.7000012041945,903.7459519831383
datamining,300,32,Resource Calendar 9379,2608.9683052979726,811.0287021928929
datamining,300,32,Resource Calendar 9384,2429.048367800422,704.4142036759994
datamining,300,32,Resource Calendar 9404,2510.2107200943815,789.8473040328978
datamining,300,32,Resource Calendar 9420,2353.1901218827616,916.7760331715524
datamining,300,32,Resource Calendar 9427,2851.33123863525,635.675820504757
datamining,300,32,Resource Calendar 943,3007.895840306237,820.2015875450139
datamining,300,32,Resource Calendar 9433,2540.1968467410416,826.0025435801512
datamining,300,32,Resource Calendar 9437,2899.2777312280577,624.0906718444968
datamining,300,32,Resource Calendar 9445,3189.2676330937106,750.2210319504698
datamining,300,32,Resource Calendar 9449,2507.714887172378,664.8825253153441
datamining,300,32,Resource Calendar 9451,2602.674527159221,670.4325410308676
datamining,300,32,Resource Calendar 9452,2709.3522066655064,1018.3405703581185
datamining,300,32,Resource Calendar 9477,3081.3428797766496,780.1911677674598
datamining,300,32,Resource Calendar 9483,2528.789898600559,653.192974743994
datamining,300,32,Resource Calendar 9484,2524.116682658985,662.1617282360568
datamining,300,32,Resource Calendar 9489,1776.1661537995635,437.4716388014271
datamining,300,32,Resource Calendar 9509,2778.6527713853834,745.856156836346
datamining,300,32,Resource Calendar 9519,2713.2036310811186,641.1026062386127
datamining,300,32,Resource Calendar 9531,2675.310834586599,683.7719488393848
datamining,300,32,Resource Calendar 955,2009.1261574582434,570.3701183419561
datamining,300,32,Resource Calendar 957,3057.0845652982957,659.0502691609861
datamining,300,32,Resource Calendar 9711,3026.9132335313275,807.2916977315717
datamining,300,32,Resource Calendar 9761,2629.210378340205,597.3282218269625
datamining,300,32,Resource Calendar 9872,2593.3028284334905,544.138397588172
datamining,300,32,Resource Calendar 9886,2842.2253774551305,872.2464522098855
datamining,300,32,Resource Calendar 9890,1958.8419343223738,486.8072422044488
datamining,300,32,Resource Calendar 9987,2523.3265056187474,628.4559714996667
datamining,300,32,Resource Calendar End,34401.20116954976,15160.272713898536
datamining,300,32,Resource Calendar Start,27517.0562761608,10960.322757039303
datamining,100,64,Resource Calendar 1,2634.3794169266307,504.5296182432096
datamining,100,64,Resource Calendar 1007,4253.205283773392,669.3087684919152
datamining,100,64,Resource Calendar 10168,3303.5073884277194,615.5830283438776
datamining,100,64,Resource Calendar 10176,3364.021859446182,598.8975575788808
datamining,100,64,Resource Calendar 10183,2363.372234445159,513.7305006893947
datamining,100,64,Resource Calendar 10228,2454.1941828949316,553.2264221424133
datamining,100,64,Resource Calendar 10280,2848.3399507925233,519.0198359692198
datamining,100,64,Resource Calendar 10296,2993.7002538019897,472.3438243698441
datamining,100,64,Resource Calendar 10348,2734.8545422055686,538.6032639242346
datamining,100,64,Resource Calendar 10665,3176.243422741435,626.6866008023821
datamining,100,64,Resource Calendar 10716,2606.6005103072034,469.53718594194476
datamining,100,64,Resource Calendar 10726,2957.7371619507403,548.3111083935826
datamining,100,64,Resource Calendar 10742,2586.0330688336394,479.9103252392874
datamining,100,64,Resource Calendar 10923,3022.794641370841,600.362864539436
datamining,100,64,Resource Calendar 10962,2667.1061408284404,563.2536087544185
datamining,100,64,Resource Calendar 10995,2831.89534964253,501.4327206457042
datamining,100,64,Resource Calendar 11041,2892.7214080107815,514.9242851251643
datamining,100,64,Resource Calendar 1113,2867.642060887376,510.4222480267641
datamining,100,64,Resource Calendar 11150,2509.917838003668,414.6537888208481
datamining,100,64,Resource Calendar 11159,2850.414161788219,508.2622787026248
datamining,100,64,Resource Calendar 11174,2649.589730399424,519.4678015489667
datamining,100,64,Resource Calendar 11175,2926.785671775421,465.3700889002212
datamining,100,64,Resource Calendar 11181,2833.580998597743,518.2994320137077
datamining,100,64,Resource Calendar 11197,2887.5578805835607,581.3654242338387
datamining,100,64,Resource Calendar 11204,3214.9848434077994,498.58061805405094
datamining,100,64,Resource Calendar 11218,2581.056769899685,529.8802057045394
datamining,100,64,Resource Calendar 11302,2758.212782447634,464.150934917769
datamining,100,64,Resource Calendar 11314,2709.9589216292707,555.8863790394805
datamining,100,64,Resource Calendar 11327,2777.512329909528,589.514972565644
datamining,100,64,Resource Calendar 1134,2804.347682857816,614.353376440086
datamining,100,64,Resource Calendar 11342,2952.8244449150193,489.5343759637226
datamining,100,64,Resource Calendar 11349,2921.916049504437,473.4934787515354
datamining,100,64,Resource Calendar 11353,2668.3681697706293,540.8411486386958
datamining,100,64,Resource Calendar 11387,3055.832761310013,579.1268213661203
datamining,100,64,Resource Calendar 11393,2867.645557130981,544.6371008647394
datamining,100,64,Resource Calendar 11395,3120.461059691817,696.9286131920833
datamining,100,64,Resource Calendar 11415,3181.9978766993686,668.6406272636674
datamining,100,64,Resource Calendar 11469,2581.0958673489818,487.0008185487988
datamining,100,64,Resource Calendar 11509,3061.8573126080337,457.36671890495535
datamining,100,64,Resource Calendar 11515,2052.9205732320497,368.81825414673193
datamining,100,64,Resource Calendar 11548,2336.2415373205035,471.93946700350034
datamining,100,64,Resource Calendar 11557,3148.954714197126,704.0602745408595
datamining,100,64,Resource Calendar 11568,2977.232084691953,493.15693372304014
datamining,100,64,Resource Calendar 11571,2718.1153606427597,467.313085881293
datamining,100,64,Resource Calendar 11583,2543.872276273264,510.09581167698946
datamining,100,64,Resource Calendar 11611,3046.7269015098627,606.2579019633257
datamining,100,64,Resource Calendar 11613,3018.6081562346944,555.5972980484737
datamining,100,64,Resource Calendar 11614,2940.4735319592783,495.4279170801323
datamining,100,64,Resource Calendar 11653,2526.5301675265137,451.08574484916124
datamining,100,64,Resource Calendar 11678,2851.433073172586,476.62817141596827
datamining,100,64,Resource Calendar 11692,2953.3700762289527,596.3013137800585
datamining,100,64,Resource Calendar 117,3299.9842697926574,613.4016810530078
datamining,100,64,Resource Calendar 11706,2773.0433147054196,576.8509194747462
datamining,100,64,Resource Calendar 11759,2785.8026646607505,475.7581540351151
datamining,100,64,Resource Calendar 11760,3224.4948225488793,594.3606407628602
datamining,100,64,Resource Calendar 11772,2958.9123066843686,466.2950305187797
datamining,100,64,Resource Calendar 11775,2657.702782529301,527.8770292714513
datamining,100,64,Resource Calendar 11799,2529.7414451812856,577.5099486729281
datamining,100,64,Resource Calendar 11805,2952.7437688641153,589.8642702208023
datamining,100,64,Resource Calendar 11811,2560.19444896989,464.23425718512937
datamining,100,64,Resource Calendar 11829,2859.49285005447,505.4374543484432
datamining,100,64,Resource Calendar 11854,2549.068162589309,508.5767776953465
datamining,100,64,Resource Calendar 11858,2971.4921651092727,594.5818628180455
datamining,100,64,Resource Calendar 11861,3299.3800190553434,615.0556642906685
datamining,100,64,Resource Calendar 11959,2942.911561427208,529.4416345486379
datamining,100,64,Resource Calendar 11961,3233.7449771561473,579.9787305728088
datamining,100,64,Resource Calendar 11973,3103.8708096934984,542.7934663704427
datamining,100,64,Resource Calendar 11993,2891.258527426902,709.2159410926544
datamining,100,64,Resource Calendar 12006,2862.8245387950346,509.6104305510129
datamining,100,64,Resource Calendar 12062,2884.1317004351463,482.061184255016
datamining,100,64,Resource Calendar 12093,3051.013277784283,626.326252697739
datamining,100,64,Resource Calendar 12129,2832.36748869912,502.534283036369
datamining,100,64,Resource Calendar 12175,2714.7744292581915,711.0314230096238
datamining,100,64,Resource Calendar 12196,3339.088824377523,694.0881746700206
datamining,100,64,Resource Calendar 12452,2299.0075487646977,429.5086324415674
datamining,100,64,Resource Calendar 12459,2406.7326297245622,485.87173551970227
datamining,100,64,Resource Calendar 12521,2518.7810205557716,483.50077002938474
datamining,100,64,Resource Calendar 12532,2506.658309312466,441.3150435167668
datamining,100,64,Resource Calendar 12535,2995.455371164821,629.8134357495433
datamining,100,64,Resource Calendar 12548,2854.500755743074,537.8163255201555
datamining,100,64,Resource Calendar 12814,2927.9061530872127,446.0484896985929
datamining,100,64,Resource Calendar 12836,2965.742442048645,589.5122690179712
datamining,100,64,Resource Calendar 12915,2975.2373923965743,564.5358720795483
datamining,100,64,Resource Calendar 12935,3085.6947854446335,530.0036424089183
datamining,100,64,Resource Calendar 1295,2754.1934607812427,537.836128096523
datamining,100,64,Resource Calendar 13014,3126.982255548251,590.3972602845089
datamining,100,64,Resource Calendar 1314,3258.5888968647423,591.8817092858358
datamining,100,64,Resource Calendar 1343,3874.2723209049477,607.251086145658
datamining,100,64,Resource Calendar 13544,2766.0329355917775,420.9490256634852
datamining,100,64,Resource Calendar 13559,2847.454477603387,574.8891139264982
datamining,100,64,Resource Calendar 13733,3140.0788619219447,554.9367373315314
datamining,100,64,Resource Calendar 1378,3032.028490319904,544.9073520308436
datamining,100,64,Resource Calendar 13803,2546.2551950636816,560.8813347243461
datamining,100,64,Resource Calendar 14126,2786.6625891408385,552.1668903741032
datamining,100,64,Resource Calendar 14128,3154.2538131128886,524.7221229617282
datamining,100,64,Resource Calendar 1422,2737.4573563437352,539.6871358886566
datamining,100,64,Resource Calendar 14440,3001.054560887672,488.04765882617124
datamining,100,64,Resource Calendar 1471,3112.7433739130965,545.312351530423
datamining,100,64,Resource Calendar 15057,2870.016473020727,411.2823241443715
datamining,100,64,Resource Calendar 1515,2592.2699976234317,516.6343271789939
datamining,100,64,Resource Calendar 1524,2811.438854197735,463.2954799670863
datamining,100,64,Resource Calendar 15315,2416.5495230126294,419.6121118791117
datamining,100,64,Resource Calendar 15323,2797.8136524486113,542.1093550876718
datamining,100,64,Resource Calendar 15345,2872.2545297270426,529.069398999573
datamining,100,64,Resource Calendar 15352,2880.2281584576017,517.0652614617028
datamining,100,64,Resource Calendar 15356,3142.6016541057297,451.0722415172307
datamining,100,64,Resource Calendar 15370,3433.2002931569623,590.097727139692
datamining,100,64,Resource Calendar 15547,2771.3677532678926,584.6715236095662
datamining,100,64,Resource Calendar 15612,2995.749988063167,516.8798561764969
datamining,100,64,Resource Calendar 157,2681.235033053496,473.4257936510219
datamining,100,64,Resource Calendar 15862,2529.62372817601,624.6220690042715
datamining,100,64,Resource Calendar 15884,2940.5026721499294,622.0511064296612
datamining,100,64,Resource Calendar 15930,3698.849165495199,710.272776191767
datamining,100,64,Resource Calendar 15957,2742.6296870102956,438.773226432203
datamining,100,64,Resource Calendar 16273,2604.996222939455,496.6422564874958
datamining,100,64,Resource Calendar 163,2346.9294635651354,489.77935014913913
datamining,100,64,Resource Calendar 1646,3756.967134983031,562.4816746669743
datamining,100,64,Resource Calendar 16695,3116.09974707836,534.044435432385
datamining,100,64,Resource Calendar 1684,2944.005823705774,564.3730674734165
datamining,100,64,Resource Calendar 1707,3284.0713956577865,623.2683279789941
datamining,100,64,Resource Calendar 17296,2312.1276025796783,437.3231422599868
datamining,100,64,Resource Calendar 17379,2810.450407342237,498.6779333901313
datamining,100,64,Resource Calendar 17525,2828.7014430595996,588.9956270623015
datamining,100,64,Resource Calendar 17625,2953.4956895658484,477.0322185227038
datamining,100,64,Resource Calendar 17642,3360.1264744319824,502.9188227026713
datamining,100,64,Resource Calendar 17769,2899.395542097173,592.6776826878066
datamining,100,64,Resource Calendar 17807,2383.947540830377,475.2360753316223
datamining,100,64,Resource Calendar 17872,2536.9753570488097,518.8554353705689
datamining,100,64,Resource Calendar 1792,2432.122043053749,464.71688440869065
datamining,100,64,Resource Calendar 1795,2596.014436415524,497.56092623538757
datamining,100,64,Resource Calendar 17965,2779.552230262206,560.1636835514189
datamining,100,64,Resource Calendar 18289,3260.099650471572,662.6827134322375
datamining,100,64,Resource Calendar 18317,3283.935824374378,558.7622952932433
datamining,100,64,Resource Calendar 18501,2276.6268351807425,443.377730066319
datamining,100,64,Resource Calendar 186,3201.9366328320593,625.1904733362462
datamining,100,64,Resource Calendar 1860,3194.2533744967254,612.2034686496474
datamining,100,64,Resource Calendar 18760,2701.53744024658,445.72915609837247
datamining,100,64,Resource Calendar 18929,3711.821099902955,691.4889966387035
datamining,100,64,Resource Calendar 18942,3095.1454657107392,537.8763431536977
datamining,100,64,Resource Calendar 19019,3993.636783139049,743.857906284647
datamining,100,64,Resource Calendar 1910,2939.580592024391,475.6146249037137
datamining,100,64,Resource Calendar 19214,3031.377825537066,527.718187575983
datamining,100,64,Resource Calendar 19295,2622.444724526181,419.66430503542085
datamining,100,64,Resource Calendar 19296,2818.4734043776534,509.3224208340037
datamining,100,64,Resource Calendar 1934,3561.137857172121,600.6694375474533
datamining,100,64,Resource Calendar 19422,2444.714823761409,556.8231567512851
datamining,100,64,Resource Calendar 19531,2668.6192067443903,535.3111039201989
datamining,100,64,Resource Calendar 19572,2566.632528530573,474.7045471420235
datamining,100,64,Resource Calendar 19582,3099.7634638245718,565.9146760216327
datamining,100,64,Resource Calendar 1959,3027.5079315555545,444.9485648596984
datamining,100,64,Resource Calendar 19591,2766.473079073538,650.729686382328
datamining,100,64,Resource Calendar 19692,3099.2172539729986,519.6940647183313
datamining,100,64,Resource Calendar 19746,2513.7849434440654,520.9201171027755
datamining,100,64,Resource Calendar 19811,2410.0497731209416,592.1539625625394
datamining,100,64,Resource Calendar 19916,3150.9912492344183,620.8608384350216
datamining,100,64,Resource Calendar 1995,2985.1901960238074,613.3317011256158
datamining,100,64,Resource Calendar 20194,2644.4507451483073,420.995031144867
datamining,100,64,Resource Calendar 2045,2734.8376169885555,595.5302730005732
datamining,100,64,Resource Calendar 2091,2913.518484974543,570.8344592599874
datamining,100,64,Resource Calendar 21188,2362.4539480029202,508.16516348456116
datamining,100,64,Resource Calendar 2133,3203.8639773041514,531.5082441640408
datamining,100,64,Resource Calendar 2144,2532.3542162187946,545.5419921855173
datamining,100,64,Resource Calendar 2150,2942.479285366718,647.1703357892388
datamining,100,64,Resource Calendar 2154,2725.5680242771855,470.0711459220523
datamining,100,64,Resource Calendar 21562,2633.451159882207,568.1141769351631
datamining,100,64,Resource Calendar 22074,3411.4158405230355,597.2064574542178
datamining,100,64,Resource Calendar 22377,2537.6476564706045,463.61800568198424
datamining,100,64,Resource Calendar 22404,3137.930380507469,574.831161213685
datamining,100,64,Resource Calendar 22437,2942.9296360035155,550.5760196140619
datamining,100,64,Resource Calendar 22438,3143.2593189180184,572.8818136838167
datamining,100,64,Resource Calendar 22439,2893.517094306404,678.8355062260268
datamining,100,64,Resource Calendar 22475,4218.152666893608,794.3344241544127
datamining,100,64,Resource Calendar 22476,2758.8772303841897,461.86356836580205
datamining,100,64,Resource Calendar 22478,3484.707223477067,524.1378435512851
datamining,100,64,Resource Calendar 22485,3166.911719002596,465.84069232723175
datamining,100,64,Resource Calendar 22490,2815.348900235286,547.3171858694516
datamining,100,64,Resource Calendar 22491,3103.274163853133,493.82129813156985
datamining,100,64,Resource Calendar 22496,2505.3330918868023,480.2677457794383
datamining,100,64,Resource Calendar 22529,2967.5405947573377,468.1041204369455
datamining,100,64,Resource Calendar 22533,2669.6438525573853,481.2008174609243
datamining,100,64,Resource Calendar 22534,2385.4761232778524,505.54120053148773
datamining,100,64,Resource Calendar 22543,3044.642116270192,484.3372474140386
datamining,100,64,Resource Calendar 22560,3094.8385642899466,563.9599995723139
datamining,100,64,Resource Calendar 22592,3426.4945448402873,517.713234543291
datamining,100,64,Resource Calendar 22624,2657.5637011147396,506.58189493029266
datamining,100,64,Resource Calendar 22736,2796.7611579218915,560.3285688973423
datamining,100,64,Resource Calendar 2274,2310.188774227229,419.9350602687229
datamining,100,64,Resource Calendar 22785,2575.007350036601,441.9399691253007
datamining,100,64,Resource Calendar 22795,2576.872442897825,550.1059972503728
datamining,100,64,Resource Calendar 22829,3021.808037975861,573.0139188045426
datamining,100,64,Resource Calendar 2292,2949.119606604645,487.403485326586
datamining,100,64,Resource Calendar 22940,3122.484400416933,658.636429131118
datamining,100,64,Resource Calendar 22950,3206.686517952096,495.8071958190772
datamining,100,64,Resource Calendar 22962,2370.353303036376,455.25384966703575
datamining,100,64,Resource Calendar 23335,2981.2055406561517,570.2770912608662
datamining,100,64,Resource Calendar 23530,3032.939477806464,506.48377817181665
datamining,100,64,Resource Calendar 23842,3240.4026012256522,450.55869116581357
datamining,100,64,Resource Calendar 2391,2858.9887501902417,476.8732560130966
datamining,100,64,Resource Calendar 23934,2983.9901902638558,636.2873933596854
datamining,100,64,Resource Calendar 23978,2726.0659980079904,560.0346461038323
datamining,100,64,Resource Calendar 2408,2715.4895060477083,607.7714437911253
datamining,100,64,Resource Calendar 241,2516.9962221910237,440.2370121205123
datamining,100,64,Resource Calendar 2440,3113.4954285163894,488.8038228255265
datamining,100,64,Resource Calendar 24517,2802.308760240333,519.5405692356167
datamining,100,64,Resource Calendar 24519,2578.659239596548,581.505702152176
datamining,100,64,Resource Calendar 2453,2902.623172210771,664.8529859803087
datamining,100,64,Resource Calendar 24536,3635.0271921529866,744.7324349904152
datamining,100,64,Resource Calendar 24544,2942.9150134376664,555.9808232263996
datamining,100,64,Resource Calendar 2463,3323.151618532261,476.26004104376875
datamining,100,64,Resource Calendar 2465,2597.4307058843065,435.47496562093215
datamining,100,64,Resource Calendar 2506,2589.228226697946,418.14461199698803
datamining,100,64,Resource Calendar 2512,2782.0005313422844,465.77422415753057
datamining,100,64,Resource Calendar 25141,3125.3397013131416,557.9983496555932
datamining,100,64,Resource Calendar 2541,3117.8822126018404,558.0809368363397
datamining,100,64,Resource Calendar 261,2772.577601663194,578.5654609255992
datamining,100,64,Resource Calendar 26147,3162.806322832051,601.6667934132664
datamining,100,64,Resource Calendar 26248,3024.0182868061415,556.5270476550161
datamining,100,64,Resource Calendar 26259,2636.9919714157863,598.8190940549121
datamining,100,64,Resource Calendar 26271,2272.2923697801343,403.03827434517586
datamining,100,64,Resource Calendar 26298,2908.5841987755034,572.0455659131521
datamining,100,64,Resource Calendar 26321,2457.3282267222257,521.3069546703454
datamining,100,64,Resource Calendar 26344,2662.776720827071,483.5879564238258
datamining,100,64,Resource Calendar 26348,3152.627733215028,608.1019635822117
datamining,100,64,Resource Calendar 26359,2902.6077851236896,535.3882196024302
datamining,100,64,Resource Calendar 2649,3049.6722435065026,479.463965512309
datamining,100,64,Resource Calendar 26756,3257.6715308601415,571.9012204593536
datamining,100,64,Resource Calendar 26757,3479.1197144368725,555.7832450564308
datamining,100,64,Resource Calendar 26758,2861.0206035542747,527.8199297382129
datamining,100,64,Resource Calendar 26759,2884.11778493487,476.90425628243884
datamining,100,64,Resource Calendar 26762,2750.8254815450277,539.5374984242916
datamining,100,64,Resource Calendar 26763,3061.3073648331656,645.9099778026223
datamining,100,64,Resource Calendar 26767,2844.7732645428828,466.37620313261215
datamining,100,64,Resource Calendar 26772,3102.7057710301165,546.1834749278295
datamining,100,64,Resource Calendar 26780,2813.1808522387396,454.3365054657659
datamining,100,64,Resource Calendar 26788,2567.5961067790404,462.2481600540454
datamining,100,64,Resource Calendar 26789,2425.8969793087804,568.5193210805578
datamining,100,64,Resource Calendar 26793,2657.2222720488317,478.2265365591414
datamining,100,64,Resource Calendar 26796,3003.6374968554596,512.5640720184425
datamining,100,64,Resource Calendar 27293,2808.7209383086765,434.6533486389782
datamining,100,64,Resource Calendar 2735,2617.5337755790306,580.9595042211075
datamining,100,64,Resource Calendar 2740,2851.8556419570773,458.7148927292487
datamining,100,64,Resource Calendar 2804,3111.8693300437967,516.6064875307571
datamining,100,64,Resource Calendar 2834,2896.122733291364,536.2753372603545
datamining,100,64,Resource Calendar 28881,3260.758210518366,543.6333422965636
datamining,100,64,Resource Calendar 2925,2893.9090000784786,537.0702137272618
datamining,100,64,Resource Calendar 29274,2863.954185291229,471.3322727237537
datamining,100,64,Resource Calendar 29276,3398.6168215517755,546.5982384952466
datamining,100,64,Resource Calendar 29277,3170.893223721876,524.9437805130092
datamining,100,64,Resource Calendar 29280,2681.4099967923116,527.7900442133725
datamining,100,64,Resource Calendar 29281,2743.901002921997,416.5102184247392
datamining,100,64,Resource Calendar 294,3485.0274540570595,610.1254818691243
datamining,100,64,Resource Calendar 29577,2922.0078920412207,642.5020998347426
datamining,100,64,Resource Calendar 29578,2441.696949306349,447.32514384240307
datamining,100,64,Resource Calendar 29579,3012.6205281410985,481.7052608255884
datamining,100,64,Resource Calendar 2970,2515.46581741181,495.43141308795805
datamining,100,64,Resource Calendar 29704,2890.800736985028,609.483785118478
datamining,100,64,Resource Calendar 2981,2605.7809642558673,409.9373180074025
datamining,100,64,Resource Calendar 3003,3083.090673914952,637.5483694651849
datamining,100,64,Resource Calendar 3019,2931.1523960268296,585.5242085944087
datamining,100,64,Resource Calendar 305,3135.113977660451,543.5656041460451
datamining,100,64,Resource Calendar 3057,3014.9224237357225,594.4212783027663
datamining,100,64,Resource Calendar 308,2830.9417397431293,503.9801926102498
datamining,100,64,Resource Calendar 3108,3132.7187674474435,576.5807455509834
datamining,100,64,Resource Calendar 3113,2369.6918895547415,357.2469166459624
datamining,100,64,Resource Calendar 3149,3238.934928205448,622.8468687677414
datamining,100,64,Resource Calendar 3296,2673.8011051412855,485.73095250686885
datamining,100,64,Resource Calendar 3409,3048.81589290045,553.2813999764838
datamining,100,64,Resource Calendar 341,3134.258978746381,656.5748296891555
datamining,100,64,Resource Calendar 3421,3059.2556550783916,475.572496420878
datamining,100,64,Resource Calendar 3445,4330.149413451928,680.9414599017967
datamining,100,64,Resource Calendar 3480,2728.1088345557746,484.75968396668276
datamining,100,64,Resource Calendar 3502,2856.705619659321,628.0998951033205
datamining,100,64,Resource Calendar 3510,2734.2964157450533,531.1856790658118
datamining,100,64,Resource Calendar 3603,2767.524826936943,504.0515064341826
datamining,100,64,Resource Calendar 3656,2946.5123258957724,571.9493564026458
datamining,100,64,Resource Calendar 369,2745.5037737975354,596.0386640828527
datamining,100,64,Resource Calendar 3695,2813.5576991151024,481.64695973350194
datamining,100,64,Resource Calendar 3703,3334.32115950988,625.7718163114357
datamining,100,64,Resource Calendar 3729,2670.9209838139855,522.5149696178895
datamining,100,64,Resource Calendar 3747,3210.4091295084554,739.9653650563763
datamining,100,64,Resource Calendar 3796,3031.4521833929352,531.5850407966091
datamining,100,64,Resource Calendar 3815,3096.1862779447624,495.8147712398654
datamining,100,64,Resource Calendar 387,3368.4691615103156,626.3953463871741
datamining,100,64,Resource Calendar 3917,2955.5865479627105,603.81501578329
datamining,100,64,Resource Calendar 3926,2868.3062918536825,456.6651285660205
datamining,100,64,Resource Calendar 397,2989.8092967198418,546.6891860482357
datamining,100,64,Resource Calendar 4032,2691.7160164894567,451.976850723659
datamining,100,64,Resource Calendar 4067,2959.8335547769725,493.3338668291458
datamining,100,64,Resource Calendar 410,2857.8077539971077,510.496163863454
datamining,100,64,Resource Calendar 4126,2921.806602095569,576.3937422773378
datamining,100,64,Resource Calendar 4130,3150.045033464364,615.4518701853375
datamining,100,64,Resource Calendar 4148,3260.1926182022194,610.8873221184846
datamining,100,64,Resource Calendar 436,2911.2551402547406,541.679467186102
datamining,100,64,Resource Calendar 4441,2759.359123966553,468.44384754987857
datamining,100,64,Resource Calendar 4457,3131.9898813508817,699.3318818861727
datamining,100,64,Resource Calendar 448,3331.2846810715932,593.1760201602019
datamining,100,64,Resource Calendar 4560,2649.9805132352712,571.6963004967034
datamining,100,64,Resource Calendar 4701,2966.4382210767235,627.6313297578309
datamining,100,64,Resource Calendar 4708,2525.12669225477,580.7113790732293
datamining,100,64,Resource Calendar 4745,2900.506304075812,634.4051781675117
datamining,100,64,Resource Calendar 4765,3310.264378038157,605.9782462104029
datamining,100,64,Resource Calendar 4834,2910.901779304986,575.5332496716649
datamining,100,64,Resource Calendar 4840,2435.093789048443,460.9780364148228
datamining,100,64,Resource Calendar 4867,3036.5151911695384,464.9428808168546
datamining,100,64,Resource Calendar 49,3797.069275480275,613.6022854910273
datamining,100,64,Resource Calendar 4905,3026.6993563849924,614.6943752055522
datamining,100,64,Resource Calendar 4912,2727.335824366643,473.220351132664
datamining,100,64,Resource Calendar 4913,2694.1558123174664,430.7769737910582
datamining,100,64,Resource Calendar 4918,3105.9456660639985,610.0851154489899
datamining,100,64,Resource Calendar 4924,2713.9383650323175,509.62478318078047
datamining,100,64,Resource Calendar 5020,3361.1190977586602,633.2386828731796
datamining,100,64,Resource Calendar 5028,2921.7936494893243,458.054234945351
datamining,100,64,Resource Calendar 5064,3054.9303507395093,543.3822659674457
datamining,100,64,Resource Calendar 5151,3303.0925358869667,631.4866101930317
datamining,100,64,Resource Calendar 5154,2692.5177068043913,665.5414478654234
datamining,100,64,Resource Calendar 5183,2973.06815218663,432.87670509240485
datamining,100,64,Resource Calendar 5189,3285.1644948012436,712.7094874929135
datamining,100,64,Resource Calendar 5221,2722.876388293245,485.04851537372446
datamining,100,64,Resource Calendar 5275,3309.933730803876,675.7505781748549
datamining,100,64,Resource Calendar 528,2859.8742256068845,538.9398478793586
datamining,100,64,Resource Calendar 5290,3176.9797524830615,593.7187606012059
datamining,100,64,Resource Calendar 5292,2935.1807042257196,465.6799946033576
datamining,100,64,Resource Calendar 5330,2972.069397936211,517.390066672684
datamining,100,64,Resource Calendar 5396,2804.837809545039,510.80529013466224
datamining,100,64,Resource Calendar 5488,2669.6658513593256,554.6964190637533
datamining,100,64,Resource Calendar 5506,2896.252497085253,590.3205143702648
datamining,100,64,Resource Calendar 5571,2413.714526258345,437.7591043940616
datamining,100,64,Resource Calendar 5573,3050.793833387412,544.0436942708376
datamining,100,64,Resource Calendar 5588,2655.921988052456,495.8991882733565
datamining,100,64,Resource Calendar 559,3134.0820888436706,669.1973639128429
datamining,100,64,Resource Calendar 5593,2883.786186050962,557.70553272456
datamining,100,64,Resource Calendar 5613,2953.494717885375,530.1644225032088
datamining,100,64,Resource Calendar 5641,2693.1449086913185,476.00757208800525
datamining,100,64,Resource Calendar 566,3120.0372293367795,536.197674262187
datamining,100,64,Resource Calendar 5667,2579.772439037884,476.13703506533676
datamining,100,64,Resource Calendar 5668,2782.4452269207636,672.0661762898264
datamining,100,64,Resource Calendar 5714,2649.3316685173363,453.0731136016227
datamining,100,64,Resource Calendar 5778,2307.720464362847,537.4090447771359
datamining,100,64,Resource Calendar 5793,3045.9829421000463,534.6555632762977
datamining,100,64,Resource Calendar 5802,3141.0224031081943,581.1300749694922
datamining,100,64,Resource Calendar 5858,3365.460919932868,663.4871538938055
datamining,100,64,Resource Calendar 5883,2970.27424471221,546.9915001365055
datamining,100,64,Resource Calendar 5972,3339.945806249581,553.9756954171457
datamining,100,64,Resource Calendar 6004,2537.581973162621,409.7760358750264
datamining,100,64,Resource Calendar 6039,2949.626363379715,501.6911439765133
datamining,100,64,Resource Calendar 6101,2607.8107141086048,517.1291645588166
datamining,100,64,Resource Calendar 6107,2705.350568449569,512.7493948145997
datamining,100,64,Resource Calendar 6159,2927.5972721467824,517.486758415459
datamining,100,64,Resource Calendar 6186,2769.9763530087107,509.39848713096717
datamining,100,64,Resource Calendar 6204,3085.4012642195835,489.88327284564787
datamining,100,64,Resource Calendar 6229,2889.4734017514347,544.5688363081821
datamining,100,64,Resource Calendar 6231,2874.9615380435966,560.806573482583
datamining,100,64,Resource Calendar 6260,2755.1698755552497,418.82040536371886
datamining,100,64,Resource Calendar 6369,2852.6064210678232,555.723353328527
datamining,100,64,Resource Calendar 6400,3546.4955655445738,708.4025070244475
datamining,100,64,Resource Calendar 6410,2780.7239226243623,475.88516720247446
datamining,100,64,Resource Calendar 6426,3074.887576948116,534.459216170845
datamining,100,64,Resource Calendar 6437,2969.3567203145653,405.4593025942494
datamining,100,64,Resource Calendar 6469,2919.513315383902,492.6108780029003
datamining,100,64,Resource Calendar 6497,3396.0210497891294,597.8510320336763
datamining,100,64,Resource Calendar 6520,2453.559263795736,498.28396216555615
datamining,100,64,Resource Calendar 6551,2986.9358265060564,521.4354669612377
datamining,100,64,Resource Calendar 6572,2800.3642990937046,505.8171159858134
datamining,100,64,Resource Calendar 659,3574.9094553579084,538.3201901618836
datamining,100,64,Resource Calendar 6598,3209.081430193822,566.699454408839
datamining,100,64,Resource Calendar 6625,3099.477024949658,586.8127449958556
datamining,100,64,Resource Calendar 6629,2754.038606700282,541.717649676782
datamining,100,64,Resource Calendar 6639,2789.4380844477114,570.486490002283
datamining,100,64,Resource Calendar 669,2965.414064470838,513.9688423714864
datamining,100,64,Resource Calendar 6694,2998.6352104151424,398.058343265395
datamining,100,64,Resource Calendar 6723,2652.692140198109,509.4514616502923
datamining,100,64,Resource Calendar 6767,2986.4970665047595,557.652176971926
datamining,100,64,Resource Calendar 677,3585.6169350070204,697.5435020158545
datamining,100,64,Resource Calendar 6799,3093.513526343955,450.87770113014255
datamining,100,64,Resource Calendar 6844,2992.951122811989,517.1452016951209
datamining,100,64,Resource Calendar 6851,2819.010904375194,539.2505675134447
datamining,100,64,Resource Calendar 6872,2686.9880558800537,500.90821269269105
datamining,100,64,Resource Calendar 6876,2738.5574773330654,503.90514594149306
datamining,100,64,Resource Calendar 6889,3027.8182949032634,532.8894890395612
datamining,100,64,Resource Calendar 6894,2896.81124097926,517.1715933869392
datamining,100,64,Resource Calendar 695,3032.1753057520086,630.1620971949379
datamining,100,64,Resource Calendar 6952,2748.4004241227053,537.4458933388322
datamining,100,64,Resource Calendar 6954,2842.9325555868854,528.3062965904852
datamining,100,64,Resource Calendar 6958,2611.468912741783,410.99093932663567
datamining,100,64,Resource Calendar 6971,2823.845055756957,492.10606810967056
datamining,100,64,Resource Calendar 6979,3601.134391445471,695.4358838699909
datamining,100,64,Resource Calendar 6985,2715.619959919169,475.9496697180201
datamining,100,64,Resource Calendar 6987,2970.8973288449038,559.3714588054478
datamining,100,64,Resource Calendar 6990,2532.4494943965715,437.64316915430936
datamining,100,64,Resource Calendar 6995,2689.0592383470903,474.8840095868104
datamining,100,64,Resource Calendar 7007,2948.5900527279764,459.4196040781249
datamining,100,64,Resource Calendar 7010,2902.730887143521,560.6091925556125
datamining,100,64,Resource Calendar 7019,2919.8019182352787,567.9140330987881
datamining,100,64,Resource Calendar 7039,2799.127549602511,482.7550016737287
datamining,100,64,Resource Calendar 7071,2941.0248274766836,487.6617440139306
datamining,100,64,Resource Calendar 7080,3135.8105148489685,534.9680703841365
datamining,100,64,Resource Calendar 7088,2922.0745810456797,601.8998483540864
datamining,100,64,Resource Calendar 7091,2769.265353380684,465.859008597905
datamining,100,64,Resource Calendar 7137,3228.835512044659,524.2962609031019
datamining,100,64,Resource Calendar 7143,2669.767125402884,422.0063129959872
datamining,100,64,Resource Calendar 7144,3262.8712003485557,600.779204264453
datamining,100,64,Resource Calendar 7147,2542.1559259464984,385.73292060933085
datamining,100,64,Resource Calendar 716,3647.3523418532623,657.3811324284949
datamining,100,64,Resource Calendar 7177,3183.4089928616427,554.7301621477945
datamining,100,64,Resource Calendar 7186,2978.970023165801,503.23739856744606
datamining,100,64,Resource Calendar 7297,3194.6284702605976,507.9063423786728
datamining,100,64,Resource Calendar 7299,3213.256220004974,589.4456989499474
datamining,100,64,Resource Calendar 7304,2452.3709555951405,537.3420896890518
datamining,100,64,Resource Calendar 7311,2521.084011429704,501.19058583948964
datamining,100,64,Resource Calendar 7314,2339.493901426721,453.6137400439119
datamining,100,64,Resource Calendar 7316,3217.403072345853,666.4549236191924
datamining,100,64,Resource Calendar 7320,3164.2901372815836,646.5086227698322
datamining,100,64,Resource Calendar 7323,3435.1820240448096,578.8644429724202
datamining,100,64,Resource Calendar 7324,3125.7022283380293,486.6399914767536
datamining,100,64,Resource Calendar 7331,2557.4883151519502,571.2930970266592
datamining,100,64,Resource Calendar 7355,3898.5335331481256,563.180626590338
datamining,100,64,Resource Calendar 7369,2820.7729779448523,449.84426936951604
datamining,100,64,Resource Calendar 7374,2924.2809330346545,580.1673251667645
datamining,100,64,Resource Calendar 7387,3289.7730296738487,642.5622744056532
datamining,100,64,Resource Calendar 7389,2701.8784392189773,359.82974344272134
datamining,100,64,Resource Calendar 7394,2808.503299811152,503.6882220218827
datamining,100,64,Resource Calendar 7423,2449.6066585629737,506.788388106613
datamining,100,64,Resource Calendar 7490,2562.6958688005525,477.2192000701404
datamining,100,64,Resource Calendar 7492,2900.7181848116757,531.0690849556831
datamining,100,64,Resource Calendar 7518,2715.8264205802434,478.3074621791883
datamining,100,64,Resource Calendar 754,2838.357360369377,591.352771224789
datamining,100,64,Resource Calendar 7573,2332.2352357016225,468.40092210392993
datamining,100,64,Resource Calendar 7574,2475.9372086062317,415.7370741753959
datamining,100,64,Resource Calendar 7592,2754.6974926167354,455.6461249863281
datamining,100,64,Resource Calendar 7599,2618.478502620682,467.6972732615058
datamining,100,64,Resource Calendar 7611,2712.585805144757,481.39679128242193
datamining,100,64,Resource Calendar 7628,2653.6170285376757,457.0158784178117
datamining,100,64,Resource Calendar 7638,2755.1537204155247,423.77184394814924
datamining,100,64,Resource Calendar 7641,2850.954563632067,577.0508597592241
datamining,100,64,Resource Calendar 7650,2951.5977743374174,547.7320215684683
datamining,100,64,Resource Calendar 7660,3007.849131914872,577.9464585481969
datamining,100,64,Resource Calendar 7664,2961.734494195393,564.1620614089837
datamining,100,64,Resource Calendar 7682,3064.404180021797,513.559515425588
datamining,100,64,Resource Calendar 7717,2647.1558938754442,510.5329660325365
datamining,100,64,Resource Calendar 7736,2504.8399734411173,538.1845158792325
datamining,100,64,Resource Calendar 7763,3277.208125639567,475.20057699203824
datamining,100,64,Resource Calendar 7770,2984.1274913409698,573.589582480446
datamining,100,64,Resource Calendar 7775,2289.223260849048,442.78892120596845
datamining,100,64,Resource Calendar 7781,2557.295721694562,477.710355806338
datamining,100,64,Resource Calendar 7783,2978.2352580098986,576.2834409121307
datamining,100,64,Resource Calendar 7819,3394.325590415138,668.2367854314839
datamining,100,64,Resource Calendar 7820,2728.7521310508055,496.8880971337162
datamining,100,64,Resource Calendar 7824,2513.578322912591,443.6183519294232
datamining,100,64,Resource Calendar 7836,3175.264187817038,460.8009583516232
datamining,100,64,Resource Calendar 7854,2696.4212713831143,468.6890009489648
datamining,100,64,Resource Calendar 7862,2647.814831684799,465.34342453642734
datamining,100,64,Resource Calendar 7897,2874.112260330893,532.5278852658494
datamining,100,64,Resource Calendar 7963,3483.3897718226103,624.8100955101588
datamining,100,64,Resource Calendar 8022,3025.4150559841014,500.38361980216854
datamining,100,64,Resource Calendar 8032,2847.6428168258635,476.080203479154
datamining,100,64,Resource Calendar 8033,2856.8721495132527,580.8653165937527
datamining,100,64,Resource Calendar 8064,2860.8572548844254,533.8407146724276
datamining,100,64,Resource Calendar 8065,3175.81291914152,533.1437801761075
datamining,100,64,Resource Calendar 8112,3149.300756986979,520.3091020219413
datamining,100,64,Resource Calendar 8121,3126.369391314801,467.76593456231177
datamining,100,64,Resource Calendar 8139,2958.2394444749984,526.1933524562626
datamining,100,64,Resource Calendar 8142,2247.149586956625,465.48768563779566
datamining,100,64,Resource Calendar 8147,3469.0278063859,505.42314208531377
datamining,100,64,Resource Calendar 8160,2569.3437231054068,625.4640936051433
datamining,100,64,Resource Calendar 8164,2903.4345560410225,541.7112692449168
datamining,100,64,Resource Calendar 8177,2628.1995390204584,419.9383115570309
datamining,100,64,Resource Calendar 8186,3060.4183977901675,583.3024727795831
datamining,100,64,Resource Calendar 8188,2800.2112605107786,495.5043353639253
datamining,100,64,Resource Calendar 8203,2389.388205360658,427.2158736378737
datamining,100,64,Resource Calendar 8213,3109.148364829975,627.5093599985065
datamining,100,64,Resource Calendar 8223,2995.3193569950276,492.9913194765825
datamining,100,64,Resource Calendar 8225,2536.0930044097026,517.7581429170831
datamining,100,64,Resource Calendar 8248,2447.8894343786546,502.75367069949186
datamining,100,64,Resource Calendar 8263,2202.19106208038,473.057407321711
datamining,100,64,Resource Calendar 8268,3027.9363437406514,633.1077791182397
datamining,100,64,Resource Calendar 8365,3195.2551825429127,600.8147542400162
datamining,100,64,Resource Calendar 8371,2729.465660300862,463.0782810445893
datamining,100,64,Resource Calendar 8382,2850.598745414387,585.8811779113418
datamining,100,64,Resource Calendar 8416,2481.115353801798,551.8061388628169
datamining,100,64,Resource Calendar 8428,3005.732396751547,663.9739707183204
datamining,100,64,Resource Calendar 8443,2539.1418362843574,604.8924702283916
datamining,100,64,Resource Calendar 8450,3003.278206502931,591.7716485638567
datamining,100,64,Resource Calendar 8455,2613.444479913539,525.7297042123855
datamining,100,64,Resource Calendar 8461,2935.9573177878888,498.33090273839315
datamining,100,64,Resource Calendar 8475,2676.390188018215,469.03566317628605
datamining,100,64,Resource Calendar 8486,2989.0329114865017,537.7826430451462
datamining,100,64,Resource Calendar 8491,2592.4649326390904,569.7030233785371
datamining,100,64,Resource Calendar 8498,3494.035524995018,567.7656631032914
datamining,100,64,Resource Calendar 8525,2673.813389063801,506.9171829953289
datamining,100,64,Resource Calendar 8528,3029.434653935951,549.7935764000754
datamining,100,64,Resource Calendar 8532,3247.032835562504,551.2972254663607
datamining,100,64,Resource Calendar 8536,2388.8992335836197,463.2919803983891
datamining,100,64,Resource Calendar 8556,2914.7827303499025,629.7328089948498
datamining,100,64,Resource Calendar 8572,2584.483461324948,497.9745667242738
datamining,100,64,Resource Calendar 8587,2507.8433325175893,508.43543307155824
datamining,100,64,Resource Calendar 8588,2736.1744561160253,483.5872924496167
datamining,100,64,Resource Calendar 8614,3017.2087906834445,549.8441495397408
datamining,100,64,Resource Calendar 8651,2923.0474333155735,541.0139707473098
datamining,100,64,Resource Calendar 8655,3586.3205595346785,684.2004941838646
datamining,100,64,Resource Calendar 8661,2979.4605024464463,484.3514289704524
datamining,100,64,Resource Calendar 8688,3670.9112297888564,565.9312906843999
datamining,100,64,Resource Calendar 8708,2950.396081144982,464.653092956759
datamining,100,64,Resource Calendar 8727,2944.23338341023,432.0948138695974
datamining,100,64,Resource Calendar 8736,2778.536615194301,561.1361864696032
datamining,100,64,Resource Calendar 8744,2658.314072197498,456.2095192728511
datamining,100,64,Resource Calendar 8749,2915.9170458041617,488.80720066716594
datamining,100,64,Resource Calendar 8772,2694.5769844298397,530.7207399556863
datamining,100,64,Resource Calendar 8774,2552.8584172725673,613.8539358147115
datamining,100,64,Resource Calendar 8786,3594.1014511490093,546.9621410790362
datamining,100,64,Resource Calendar 8797,2580.7226281913913,582.9888296604889
datamining,100,64,Resource Calendar 8813,2512.6559968618017,384.4493928809658
datamining,100,64,Resource Calendar 8819,2676.753756702867,471.2922380348277
datamining,100,64,Resource Calendar 8824,3043.279578086723,543.2134240998952
datamining,100,64,Resource Calendar 8854,2645.489508083489,554.1550283422998
datamining,100,64,Resource Calendar 8856,2548.129712421342,630.122862354287
datamining,100,64,Resource Calendar 8882,2665.0985734150945,445.4717597071617
datamining,100,64,Resource Calendar 8916,2697.0723429372006,470.28636232148443
datamining,100,64,Resource Calendar 8955,3062.922755128021,649.8883131682946
datamining,100,64,Resource Calendar 8973,2819.61479156287,542.5090132311716
datamining,100,64,Resource Calendar 8995,3266.77747594007,674.1019512046565
datamining,100,64,Resource Calendar 8997,2198.5454564104075,390.4157935940242
datamining,100,64,Resource Calendar 9146,2564.0528372590106,500.29578928933455
datamining,100,64,Resource Calendar 9154,3066.3560837527302,579.5878378133237
datamining,100,64,Resource Calendar 9184,2751.338077333828,509.44531083926773
datamining,100,64,Resource Calendar 9187,2382.3619737209187,410.76008516589326
datamining,100,64,Resource Calendar 920,3322.7341218234537,668.4532304807467
datamining,100,64,Resource Calendar 9249,2310.388906447887,461.7640237527251
datamining,100,64,Resource Calendar 9298,2747.1355451938543,553.2909380790418
datamining,100,64,Resource Calendar 9332,3394.0502055566567,655.6904565725476
datamining,100,64,Resource Calendar 9335,2879.1571713273775,502.7733327042788
datamining,100,64,Resource Calendar 9336,2977.67265491206,497.90009046265783
datamining,100,64,Resource Calendar 9348,2455.849248950103,461.40669951265716
datamining,100,64,Resource Calendar 9379,2805.656974835726,511.7239928252589
datamining,100,64,Resource Calendar 9384,3050.749220493809,573.1004157811136
datamining,100,64,Resource Calendar 9404,2731.02995635417,567.363292328818
datamining,100,64,Resource Calendar 9420,2803.620631601046,504.61731491287793
datamining,100,64,Resource Calendar 9427,2658.9923592634404,409.11485239861827
datamining,100,64,Resource Calendar 943,3085.379374729456,537.6619449641508
datamining,100,64,Resource Calendar 9433,2614.1435361867875,380.35794705128126
datamining,100,64,Resource Calendar 9437,2879.4451245242785,564.4309277866406
datamining,100,64,Resource Calendar 9445,2830.5171961613505,514.6470525587774
datamining,100,64,Resource Calendar 9449,2964.088230364454,515.2387709174089
datamining,100,64,Resource Calendar 9451,3223.287162348169,563.6596247152222
datamining,100,64,Resource Calendar 9452,2686.6873167403937,408.14453744930495
datamining,100,64,Resource Calendar 9477,2679.1703602499965,440.70837553091917
datamining,100,64,Resource Calendar 9483,2927.9657147961616,504.2600020759632
datamining,100,64,Resource Calendar 9484,3298.502858367727,601.0119798668017
datamining,100,64,Resource Calendar 9489,2919.2243898365587,553.488742004025
datamining,100,64,Resource Calendar 9509,2617.4854289932805,364.04254270297275
datamining,100,64,Resource Calendar 9519,2665.43971600217,460.12377599690024
datamining,100,64,Resource Calendar 9531,2712.7309654159085,549.0431337970172
datamining,100,64,Resource Calendar 955,3174.9347337563813,667.7752910380206
datamining,100,64,Resource Calendar 957,3279.5314973415825,554.1465133546365
datamining,100,64,Resource Calendar 9711,2871.315960132656,543.9691909519812
datamining,100,64,Resource Calendar 9761,2979.2057649966036,570.8685948484119
datamining,100,64,Resource Calendar 9872,2340.9889316148897,529.692541586326
datamining,100,64,Resource Calendar 9886,2886.7811064494945,554.6257375572526
datamining,100,64,Resource Calendar 9890,2889.4695725202905,516.600621915152
datamining,100,64,Resource Calendar 9987,2805.4840114291096,497.90352155964774
datamining,100,64,Resource Calendar End,36443.722046688665,9421.250039327855
datamining,100,64,Resource Calendar Start,35381.97623150654,6209.152747667848
datamining,200,64,Resource Calendar 1,2868.8621814138255,563.5848448180169
datamining,200,64,Resource Calendar 1007,2523.30623201218,409.10437789765354
datamining,200,64,Resource Calendar 10168,3188.5206182918078,546.8783052615554
datamining,200,64,Resource Calendar 10176,2324.374550783535,412.2801286420148
datamining,200,64,Resource Calendar 10183,2613.4911143234035,474.2905525742266
datamining,200,64,Resource Calendar 10228,3153.28091067997,551.5266665734318
datamining,200,64,Resource Calendar 10280,3146.0101541474837,480.61882194852006
datamining,200,64,Resource Calendar 10296,2998.083552307676,590.3622342500823
datamining,200,64,Resource Calendar 10348,3246.9538182649617,524.4330321241289
datamining,200,64,Resource Calendar 10665,2746.8886398443933,406.68434695501384
datamining,200,64,Resource Calendar 10716,2653.2701999716355,560.0097394907584
datamining,200,64,Resource Calendar 10726,2478.716588262347,414.98168543627645
datamining,200,64,Resource Calendar 10742,2611.3356922919966,548.1808912418837
datamining,200,64,Resource Calendar 10923,2857.0384207860848,529.3923654808899
datamining,200,64,Resource Calendar 10962,2877.3242563218178,512.0858891361131
datamining,200,64,Resource Calendar 10995,2588.001003697623,516.5924938163649
datamining,200,64,Resource Calendar 11041,2429.261610269048,450.9562153316649
datamining,200,64,Resource Calendar 1113,2616.5951755090564,414.3246786123617
datamining,200,64,Resource Calendar 11150,2559.824870158676,516.9707539484693
datamining,200,64,Resource Calendar 11159,2828.407058765208,569.3505337230033
datamining,200,64,Resource Calendar 11174,2425.4234340683133,565.3124614029156
datamining,200,64,Resource Calendar 11175,2328.027779042455,351.09903388422475
datamining,200,64,Resource Calendar 11181,2576.468206339556,528.2991705810894
datamining,200,64,Resource Calendar 11197,2557.1212290315334,472.3950516124485
datamining,200,64,Resource Calendar 11204,2762.0894288942045,491.425280088691
datamining,200,64,Resource Calendar 11218,2984.216771321191,536.6165265282064
datamining,200,64,Resource Calendar 11302,2966.0876477382008,508.598741591314
datamining,200,64,Resource Calendar 11314,2415.5311450667477,439.5711985759012
datamining,200,64,Resource Calendar 11327,2289.9608375440907,413.35696028744405
datamining,200,64,Resource Calendar 1134,1767.609182814853,327.4744981899861
datamining,200,64,Resource Calendar 11342,2854.995504667565,605.8641418530416
datamining,200,64,Resource Calendar 11349,2846.468130065457,437.0770660685467
datamining,200,64,Resource Calendar 11353,3000.3344744273195,485.1419281973115
datamining,200,64,Resource Calendar 11387,2807.1104415904556,497.5944549198061
datamining,200,64,Resource Calendar 11393,2791.595433419828,566.8227032201878
datamining,200,64,Resource Calendar 11395,2753.819012577771,474.4837888105589
datamining,200,64,Resource Calendar 11415,2822.0622303768605,450.70627163975286
datamining,200,64,Resource Calendar 11469,3070.1713535249523,540.0874014663518
datamining,200,64,Resource Calendar 11509,2574.152117104947,494.2295727250896
datamining,200,64,Resource Calendar 11515,2525.2439341625186,512.9960378288266
datamining,200,64,Resource Calendar 11548,2498.8342111666507,510.7881749886758
datamining,200,64,Resource Calendar 11557,2878.730359260318,453.7326255082738
datamining,200,64,Resource Calendar 11568,2729.5802008421324,474.01882190099565
datamining,200,64,Resource Calendar 11571,2448.0687130281426,394.82749981194996
datamining,200,64,Resource Calendar 11583,2839.6716141667334,629.7532728259135
datamining,200,64,Resource Calendar 11611,2633.981554020849,552.479510675624
datamining,200,64,Resource Calendar 11613,2859.7960295343537,455.16289404323925
datamining,200,64,Resource Calendar 11614,2878.227506036106,445.72204671448793
datamining,200,64,Resource Calendar 11653,2730.8542779397135,561.8266797096676
datamining,200,64,Resource Calendar 11678,2234.244563106496,410.55183318783793
datamining,200,64,Resource Calendar 11692,2436.7108877647556,412.71135735732656
datamining,200,64,Resource Calendar 117,3035.381813502129,569.4717564805795
datamining,200,64,Resource Calendar 11706,2271.477645507885,427.327037870776
datamining,200,64,Resource Calendar 11759,2712.228365752017,542.7442790160591
datamining,200,64,Resource Calendar 11760,2059.8261332870966,356.1835074386074
datamining,200,64,Resource Calendar 11772,2295.26432612858,502.63050624249377
datamining,200,64,Resource Calendar 11775,2841.498253730451,570.2733742655554
datamining,200,64,Resource Calendar 11799,2667.324850623941,515.3497603876918
datamining,200,64,Resource Calendar 11805,2305.632957622802,431.1734255988697
datamining,200,64,Resource Calendar 11811,2330.105830886914,381.7674472291958
datamining,200,64,Resource Calendar 11829,2530.407629273138,519.5219700663981
datamining,200,64,Resource Calendar 11854,2741.279754707689,416.0981681075722
datamining,200,64,Resource Calendar 11858,2406.444973339887,474.1781497585304
datamining,200,64,Resource Calendar 11861,2700.0033274533916,465.4400594561553
datamining,200,64,Resource Calendar 11959,2888.9777231274134,507.00824862013206
datamining,200,64,Resource Calendar 11961,2590.178015717751,460.1348916602117
datamining,200,64,Resource Calendar 11973,2756.323237604962,481.7498535186451
datamining,200,64,Resource Calendar 11993,2930.4370069772867,471.9652629839444
datamining,200,64,Resource Calendar 12006,3057.3476286832406,557.0365915337387
datamining,200,64,Resource Calendar 12062,2518.4513988776926,510.7570072605887
datamining,200,64,Resource Calendar 12093,2667.143259386122,537.6915986032553
datamining,200,64,Resource Calendar 12129,2634.187108258977,509.35140916215624
datamining,200,64,Resource Calendar 12175,2567.6964660458125,522.1776956484947
datamining,200,64,Resource Calendar 12196,2668.4998368167257,446.26642698881733
datamining,200,64,Resource Calendar 12452,2820.280881429769,625.2592953606073
datamining,200,64,Resource Calendar 12459,2202.8162346112254,383.64063615841354
datamining,200,64,Resource Calendar 12521,2942.3758345057327,511.484091286753
datamining,200,64,Resource Calendar 12532,2686.554742169238,435.2571542722132
datamining,200,64,Resource Calendar 12535,3118.8114828714292,516.2053639364217
datamining,200,64,Resource Calendar 12548,2941.937951938079,517.1878958266155
datamining,200,64,Resource Calendar 12814,2784.499268983194,467.5977048354259
datamining,200,64,Resource Calendar 12836,2551.227559287088,562.1107884122159
datamining,200,64,Resource Calendar 12915,2796.916636526772,513.94407535313
datamining,200,64,Resource Calendar 12935,2436.9733592919406,445.83497704839704
datamining,200,64,Resource Calendar 1295,2643.4609246135433,483.3196586562831
datamining,200,64,Resource Calendar 13014,2493.9460133447756,447.1982013439016
datamining,200,64,Resource Calendar 1314,3019.7118118986095,536.8638883984294
datamining,200,64,Resource Calendar 1343,2951.776982367798,599.9492546030914
datamining,200,64,Resource Calendar 13544,2332.1380412379185,527.8037421135527
datamining,200,64,Resource Calendar 13559,2922.7836431015717,584.2875600320186
datamining,200,64,Resource Calendar 13733,2977.4689863665308,500.2736506493827
datamining,200,64,Resource Calendar 1378,2484.1562256532666,454.8205877223028
datamining,200,64,Resource Calendar 13803,2965.6556641637453,488.31462206059257
datamining,200,64,Resource Calendar 14126,2930.558035146597,414.5529239772588
datamining,200,64,Resource Calendar 14128,2959.035279802051,593.8179490230806
datamining,200,64,Resource Calendar 1422,2764.9072436467204,650.7008925000562
datamining,200,64,Resource Calendar 14440,2672.13181184777,435.51217960889477
datamining,200,64,Resource Calendar 1471,2449.576956422298,457.9721554027846
datamining,200,64,Resource Calendar 15057,2784.3202736198696,478.81856582061255
datamining,200,64,Resource Calendar 1515,2899.475179081055,478.2155995314261
datamining,200,64,Resource Calendar 1524,2624.659348198311,463.9132116349212
datamining,200,64,Resource Calendar 15315,2623.4763539075493,488.77809079734715
datamining,200,64,Resource Calendar 15323,2549.265533212866,492.563631219241
datamining,200,64,Resource Calendar 15345,2236.5703402141107,372.5142817344607
datamining,200,64,Resource Calendar 15352,2896.2246225774657,523.1197274615348
datamining,200,64,Resource Calendar 15356,2516.4939766452217,408.1204624517202
datamining,200,64,Resource Calendar 15370,2509.0796791524294,507.01120133279414
datamining,200,64,Resource Calendar 15547,2613.005582601072,611.0479352737982
datamining,200,64,Resource Calendar 15612,2742.05164548538,432.78028545297667
datamining,200,64,Resource Calendar 157,2123.121479929085,357.39857078348393
datamining,200,64,Resource Calendar 15862,2810.981313768273,411.0894834399174
datamining,200,64,Resource Calendar 15884,2606.1915826996437,362.37511565656837
datamining,200,64,Resource Calendar 15930,3088.2732787234,478.84516414121515
datamining,200,64,Resource Calendar 15957,2301.2261315103374,370.976344366702
datamining,200,64,Resource Calendar 16273,3059.403240983015,431.3908907431554
datamining,200,64,Resource Calendar 163,2612.9036554979707,537.996006507689
datamining,200,64,Resource Calendar 1646,3112.5396942044185,538.1201329252854
datamining,200,64,Resource Calendar 16695,2348.429289608325,440.48683056221176
datamining,200,64,Resource Calendar 1684,2713.706325693408,484.03658338965334
datamining,200,64,Resource Calendar 1707,2937.868871294554,566.6391804825217
datamining,200,64,Resource Calendar 17296,2673.976437587912,414.42830135217605
datamining,200,64,Resource Calendar 17379,2388.8122912588146,370.6657364611051
datamining,200,64,Resource Calendar 17525,2563.922420778652,437.459717970922
datamining,200,64,Resource Calendar 17625,3301.1877914327883,558.4402125569892
datamining,200,64,Resource Calendar 17642,2481.721423826756,508.8000578597078
datamining,200,64,Resource Calendar 17769,2525.9516106165947,405.29085660927063
datamining,200,64,Resource Calendar 17807,2068.111922300667,456.9283994570604
datamining,200,64,Resource Calendar 17872,2668.3228971257404,447.1743286489388
datamining,200,64,Resource Calendar 1792,2531.1052894784702,483.28418143155136
datamining,200,64,Resource Calendar 1795,2780.483756940031,594.4843543518555
datamining,200,64,Resource Calendar 17965,2705.879575383712,562.947054627201
datamining,200,64,Resource Calendar 18289,2517.280187810232,581.1274949621162
datamining,200,64,Resource Calendar 18317,2781.565421155991,412.51675590051985
datamining,200,64,Resource Calendar 18501,3061.3148681962757,560.8781555231853
datamining,200,64,Resource Calendar 186,2749.9678708803795,682.8163064701921
datamining,200,64,Resource Calendar 1860,2581.139543550293,521.9091630185209
datamining,200,64,Resource Calendar 18760,2855.4956835052117,608.7045125670256
datamining,200,64,Resource Calendar 18929,2971.038222070066,535.165739533546
datamining,200,64,Resource Calendar 18942,2927.0369206576675,574.6622474806711
datamining,200,64,Resource Calendar 19019,3299.9360074125966,609.1315485990276
datamining,200,64,Resource Calendar 1910,2689.233691105071,636.3690686556705
datamining,200,64,Resource Calendar 19214,2648.2307732046597,589.5955875391236
datamining,200,64,Resource Calendar 19295,2567.6226999796563,493.06378609293245
datamining,200,64,Resource Calendar 19296,2721.1953286476323,542.6614282689172
datamining,200,64,Resource Calendar 1934,2816.052461341219,500.3255127085709
datamining,200,64,Resource Calendar 19422,3272.0443222031295,556.2309503279643
datamining,200,64,Resource Calendar 19531,2463.06193767205,448.09368533911385
datamining,200,64,Resource Calendar 19572,2840.2865180848885,559.1085298040443
datamining,200,64,Resource Calendar 19582,2690.729149302137,454.41332890748066
datamining,200,64,Resource Calendar 1959,2419.44075652355,352.9250934243357
datamining,200,64,Resource Calendar 19591,2868.8293580435643,497.89467694435854
datamining,200,64,Resource Calendar 19692,2627.3190001917624,636.5308084092154
datamining,200,64,Resource Calendar 19746,2359.760219041269,506.5320163138062
datamining,200,64,Resource Calendar 19811,3197.5416268629424,427.6257145806024
datamining,200,64,Resource Calendar 19916,2948.948919313285,424.4259468405199
datamining,200,64,Resource Calendar 1995,3070.7378485089716,514.4422248801615
datamining,200,64,Resource Calendar 20194,2823.433751273431,617.0697848393266
datamining,200,64,Resource Calendar 2045,2378.053861052687,436.4747787060413
datamining,200,64,Resource Calendar 2091,2205.0071176183665,447.95829511959215
datamining,200,64,Resource Calendar 21188,2504.418212348749,462.26152885357817
datamining,200,64,Resource Calendar 2133,2716.4557754700754,489.9845066732784
datamining,200,64,Resource Calendar 2144,2040.535661925073,470.94879271912197
datamining,200,64,Resource Calendar 2150,2879.4918961268177,471.3049159432191
datamining,200,64,Resource Calendar 2154,2802.696468492941,531.2427554369734
datamining,200,64,Resource Calendar 21562,2924.227414772061,461.9719081385431
datamining,200,64,Resource Calendar 22074,2721.194153555264,456.59092231611845
datamining,200,64,Resource Calendar 22377,2856.0860957084697,482.3832861046813
datamining,200,64,Resource Calendar 22404,3284.4065093033023,552.3190594421571
datamining,200,64,Resource Calendar 22437,2775.7566614022826,504.7796823087352
datamining,200,64,Resource Calendar 22438,3047.7725436074343,605.547126806233
datamining,200,64,Resource Calendar 22439,2467.6182493389133,495.31224426549403
datamining,200,64,Resource Calendar 22475,2966.287066541243,534.1509724083503
datamining,200,64,Resource Calendar 22476,2922.8639575389493,491.1482086638385
datamining,200,64,Resource Calendar 22478,2490.516169783298,515.3650501421671
datamining,200,64,Resource Calendar 22485,2572.635813257838,468.921522435968
datamining,200,64,Resource Calendar 22490,2612.3925788684255,465.42088707848393
datamining,200,64,Resource Calendar 22491,2747.355049193794,544.6419972809558
datamining,200,64,Resource Calendar 22496,3013.7523419718837,580.0837580883604
datamining,200,64,Resource Calendar 22529,2661.136974528883,597.8125561550836
datamining,200,64,Resource Calendar 22533,2697.696821532665,601.695455705771
datamining,200,64,Resource Calendar 22534,2570.5570529032143,514.619138877562
datamining,200,64,Resource Calendar 22543,2681.2783324023176,459.8401303057661
datamining,200,64,Resource Calendar 22560,2680.050377072838,447.4391483460474
datamining,200,64,Resource Calendar 22592,2604.828898275466,505.5911227727218
datamining,200,64,Resource Calendar 22624,2538.2907395335687,473.38489820919176
datamining,200,64,Resource Calendar 22736,2679.8421175062335,419.39068917716736
datamining,200,64,Resource Calendar 2274,2932.6414697790137,581.9279774193002
datamining,200,64,Resource Calendar 22785,2363.1936471450513,426.92725779970084
datamining,200,64,Resource Calendar 22795,2779.5983996852233,472.22431263199877
datamining,200,64,Resource Calendar 22829,2937.4198673080764,624.0883538602308
datamining,200,64,Resource Calendar 2292,2933.3309658565404,546.6422052524556
datamining,200,64,Resource Calendar 22940,2948.007690657426,497.4816460530004
datamining,200,64,Resource Calendar 22950,2820.4383449818615,519.0088759115272
datamining,200,64,Resource Calendar 22962,2609.2663681522704,522.6427844742345
datamining,200,64,Resource Calendar 23335,2451.0222245276577,452.8831967747761
datamining,200,64,Resource Calendar 23530,3078.3003076055793,448.5954131027174
datamining,200,64,Resource Calendar 23842,2588.4899810092966,527.2415817509551
datamining,200,64,Resource Calendar 2391,2658.079889426957,491.5313189062882
datamining,200,64,Resource Calendar 23934,2793.82524533366,589.6933261871727
datamining,200,64,Resource Calendar 23978,2464.1484066564262,464.6351862617416
datamining,200,64,Resource Calendar 2408,2818.1444578543656,436.3432777491573
datamining,200,64,Resource Calendar 241,2788.2797555519423,574.3622238344784
datamining,200,64,Resource Calendar 2440,2928.18164741796,481.1029279298517
datamining,200,64,Resource Calendar 24517,2648.137711629428,428.38855836689015
datamining,200,64,Resource Calendar 24519,2879.3516487698803,542.4986237359399
datamining,200,64,Resource Calendar 2453,2932.20494946842,565.5846969918655
datamining,200,64,Resource Calendar 24536,2644.0593195082442,552.9942108495923
datamining,200,64,Resource Calendar 24544,2562.438977903734,407.99724573575594
datamining,200,64,Resource Calendar 2463,3408.496228522429,674.1658839731547
datamining,200,64,Resource Calendar 2465,2799.964875646831,479.91141601704004
datamining,200,64,Resource Calendar 2506,2740.8544756990113,532.3202459531932
datamining,200,64,Resource Calendar 2512,2539.8485823738492,557.3696936039904
datamining,200,64,Resource Calendar 25141,2386.2812703574864,430.4588237132723
datamining,200,64,Resource Calendar 2541,2478.530374969876,463.90401084485256
datamining,200,64,Resource Calendar 261,2406.0169123603832,469.01732781113606
datamining,200,64,Resource Calendar 26147,2426.389583668524,506.16042184500753
datamining,200,64,Resource Calendar 26248,2403.9879540865168,454.99237625758803
datamining,200,64,Resource Calendar 26259,2419.649768817554,397.85708190396474
datamining,200,64,Resource Calendar 26271,2710.785380388532,467.96866017341256
datamining,200,64,Resource Calendar 26298,3099.549266964558,622.2599358121818
datamining,200,64,Resource Calendar 26321,2672.807051653956,522.9333330327074
datamining,200,64,Resource Calendar 26344,2749.4914297234327,537.4978938255791
datamining,200,64,Resource Calendar 26348,2142.921891053479,274.015170548807
datamining,200,64,Resource Calendar 26359,2968.414758303432,497.26843344924237
datamining,200,64,Resource Calendar 2649,2397.1331639773352,455.731145277818
datamining,200,64,Resource Calendar 26756,2507.5664033586204,452.95184821271164
datamining,200,64,Resource Calendar 26757,3059.66060785815,564.4994538919526
datamining,200,64,Resource Calendar 26758,2637.7960020686496,446.52035656974346
datamining,200,64,Resource Calendar 26759,2850.150160021536,599.4122182328232
datamining,200,64,Resource Calendar 26762,2600.421865993016,425.33644191308673
datamining,200,64,Resource Calendar 26763,3431.4854347656783,639.9221844387816
datamining,200,64,Resource Calendar 26767,2664.2750613735116,593.0053866417522
datamining,200,64,Resource Calendar 26772,2825.6453753210435,459.9255626667404
datamining,200,64,Resource Calendar 26780,3153.1796979546316,510.5427684161475
datamining,200,64,Resource Calendar 26788,2705.032375485639,509.9731615516843
datamining,200,64,Resource Calendar 26789,2624.163955022724,474.51144140740075
datamining,200,64,Resource Calendar 26793,3086.894650695168,571.7796391811772
datamining,200,64,Resource Calendar 26796,2567.042271659372,443.20323612522105
datamining,200,64,Resource Calendar 27293,2110.4708128325938,403.82254227679357
datamining,200,64,Resource Calendar 2735,2683.502359342456,491.1432806422611
datamining,200,64,Resource Calendar 2740,3136.111037525552,554.1335499530618
datamining,200,64,Resource Calendar 2804,2889.193552716907,522.1814584484638
datamining,200,64,Resource Calendar 2834,2554.050413261387,492.3098635983509
datamining,200,64,Resource Calendar 28881,2952.096685907358,465.6915899375174
datamining,200,64,Resource Calendar 2925,2442.831412999786,452.0988085344526
datamining,200,64,Resource Calendar 29274,2611.0380778331187,514.2535907678861
datamining,200,64,Resource Calendar 29276,2493.157064133516,479.94973046644003
datamining,200,64,Resource Calendar 29277,2455.548772087546,477.96101805454765
datamining,200,64,Resource Calendar 29280,3010.2315629835166,580.7063573118589
datamining,200,64,Resource Calendar 29281,2776.02907740882,496.9234691830895
datamining,200,64,Resource Calendar 294,2892.8652634191126,534.7969518011641
datamining,200,64,Resource Calendar 29577,2433.0090936018205,406.62441669568153
datamining,200,64,Resource Calendar 29578,2724.47329640304,564.8594449643354
datamining,200,64,Resource Calendar 29579,2293.0805183430234,512.2676938175788
datamining,200,64,Resource Calendar 2970,2834.6445264835156,449.251861153461
datamining,200,64,Resource Calendar 29704,3350.183885716106,576.4593655853873
datamining,200,64,Resource Calendar 2981,2858.4612977235743,554.3727421498579
datamining,200,64,Resource Calendar 3003,2520.797014848503,416.2216602447303
datamining,200,64,Resource Calendar 3019,2640.171046534493,452.8462239622505
datamining,200,64,Resource Calendar 305,2466.19637179981,356.0994939751962
datamining,200,64,Resource Calendar 3057,2530.5436739375764,413.8774193027907
datamining,200,64,Resource Calendar 308,2436.3394506085283,427.9330696193375
datamining,200,64,Resource Calendar 3108,2756.4794616335953,571.1107143514743
datamining,200,64,Resource Calendar 3113,2953.9691972056858,569.8320277195254
datamining,200,64,Resource Calendar 3149,2638.678334101503,362.4666617909841
datamining,200,64,Resource Calendar 3296,2863.008747338971,650.6820006450318
datamining,200,64,Resource Calendar 3409,2140.9447778028302,404.59573743591557
datamining,200,64,Resource Calendar 341,2319.733686618579,455.4995117723792
datamining,200,64,Resource Calendar 3421,2854.7566703503303,562.7992058214822
datamining,200,64,Resource Calendar 3445,2850.035303520148,506.54258685809344
datamining,200,64,Resource Calendar 3480,2835.660946381174,648.9111394561675
datamining,200,64,Resource Calendar 3502,2292.521370492619,503.77607527812233
datamining,200,64,Resource Calendar 3510,2986.7618157041243,511.42935471997953
datamining,200,64,Resource Calendar 3603,2794.5836809242237,485.58478857847894
datamining,200,64,Resource Calendar 3656,2828.9464184380718,459.25718387904345
datamining,200,64,Resource Calendar 369,2388.9283318699504,576.5314558443529
datamining,200,64,Resource Calendar 3695,2825.6052957386646,510.1504606687857
datamining,200,64,Resource Calendar 3703,2511.5492222167777,377.6564597323179
datamining,200,64,Resource Calendar 3729,2394.7162084319048,376.9876834834304
datamining,200,64,Resource Calendar 3747,2857.0989329995396,458.4567350836598
datamining,200,64,Resource Calendar 3796,2601.020374240303,543.6768546489542
datamining,200,64,Resource Calendar 3815,2763.3413330858957,486.03104966396955
datamining,200,64,Resource Calendar 387,2877.746803606392,495.8859918722448
datamining,200,64,Resource Calendar 3917,2950.0114500054506,680.1470770548485
datamining,200,64,Resource Calendar 3926,2594.715597032267,547.6735239651184
datamining,200,64,Resource Calendar 397,2320.707068310964,319.60249953331305
datamining,200,64,Resource Calendar 4032,2701.052758796866,479.67109034123195
datamining,200,64,Resource Calendar 4067,2347.845529803019,418.83449294131333
datamining,200,64,Resource Calendar 410,3223.869481900836,627.0366905005887
datamining,200,64,Resource Calendar 4126,2546.9462433170365,523.3260328179213
datamining,200,64,Resource Calendar 4130,2733.8448913860016,466.5959349109016
datamining,200,64,Resource Calendar 4148,2944.2446229173493,520.6463148577
datamining,200,64,Resource Calendar 436,2538.67965388541,571.573662771481
datamining,200,64,Resource Calendar 4441,2827.805187944706,533.2109096564758
datamining,200,64,Resource Calendar 4457,3004.1423939648585,542.0255092408532
datamining,200,64,Resource Calendar 448,2961.793669495332,483.3807509162621
datamining,200,64,Resource Calendar 4560,2538.30774684716,389.7799726860525
datamining,200,64,Resource Calendar 4701,2904.3220778426135,496.28299317561067
datamining,200,64,Resource Calendar 4708,2465.3764837356985,494.2224055365455
datamining,200,64,Resource Calendar 4745,2501.239932389059,553.4245691160605
datamining,200,64,Resource Calendar 4765,2975.4064749478907,538.0990064638671
datamining,200,64,Resource Calendar 4834,2758.6147256553977,576.4132567436851
datamining,200,64,Resource Calendar 4840,2652.898367157441,531.7771248801618
datamining,200,64,Resource Calendar 4867,2903.9926294708416,416.07991203965196
datamining,200,64,Resource Calendar 49,3249.050486899129,703.7939254786204
datamining,200,64,Resource Calendar 4905,2734.885828760499,528.1949747376609
datamining,200,64,Resource Calendar 4912,2267.7737958357598,456.49851033399983
datamining,200,64,Resource Calendar 4913,2433.705892449279,481.0076947528579
datamining,200,64,Resource Calendar 4918,2450.5218218885543,500.92926343948415
datamining,200,64,Resource Calendar 4924,2585.367755416289,479.50231698612896
datamining,200,64,Resource Calendar 5020,2558.3800836386035,468.381078905479
datamining,200,64,Resource Calendar 5028,2929.33494541192,483.0458099496883
datamining,200,64,Resource Calendar 5064,3019.0360076034335,653.6005050324746
datamining,200,64,Resource Calendar 5151,2578.6279313060977,471.05951807037275
datamining,200,64,Resource Calendar 5154,2834.805150721877,588.2354307197372
datamining,200,64,Resource Calendar 5183,2615.2260154489363,443.75099552556117
datamining,200,64,Resource Calendar 5189,2608.9513651524885,474.29071983143723
datamining,200,64,Resource Calendar 5221,2749.458670091539,481.0772366733731
datamining,200,64,Resource Calendar 5275,2414.3204999943846,500.0531866054547
datamining,200,64,Resource Calendar 528,2987.8242148011045,539.0150103953956
datamining,200,64,Resource Calendar 5290,2518.33661339835,400.9249267901675
datamining,200,64,Resource Calendar 5292,3148.241956000987,567.0695264452058
datamining,200,64,Resource Calendar 5330,2621.5673737053,493.73413796648555
datamining,200,64,Resource Calendar 5396,2423.245903412326,402.874232392177
datamining,200,64,Resource Calendar 5488,2719.875928970197,546.6437635875068
datamining,200,64,Resource Calendar 5506,2791.144555457111,539.2745196116746
datamining,200,64,Resource Calendar 5571,2777.7471690038897,650.4990845908503
datamining,200,64,Resource Calendar 5573,3048.806039800423,508.83470681115983
datamining,200,64,Resource Calendar 5588,2674.9434160100705,501.6540017454709
datamining,200,64,Resource Calendar 559,3371.662406407409,621.127880600592
datamining,200,64,Resource Calendar 5593,2223.625476153161,371.87118643706634
datamining,200,64,Resource Calendar 5613,2751.1802432002587,564.3869274385662
datamining,200,64,Resource Calendar 5641,2778.4469842786307,462.99251161182514
datamining,200,64,Resource Calendar 566,2656.4919265454987,508.75974694404584
datamining,200,64,Resource Calendar 5667,3122.690647339585,458.8205987819405
datamining,200,64,Resource Calendar 5668,2964.362046992971,568.5318192592488
datamining,200,64,Resource Calendar 5714,2856.781721990274,511.64308546226806
datamining,200,64,Resource Calendar 5778,2613.4832644973185,560.2646703908671
datamining,200,64,Resource Calendar 5793,2976.3322308477245,579.457608435343
datamining,200,64,Resource Calendar 5802,2817.989206211452,495.4959602684424
datamining,200,64,Resource Calendar 5858,2347.454059783102,399.297625332732
datamining,200,64,Resource Calendar 5883,2734.6476551261394,454.07411108077616
datamining,200,64,Resource Calendar 5972,2594.5478180905643,499.3307523243678
datamining,200,64,Resource Calendar 6004,2567.7361270427255,451.56150247724764
datamining,200,64,Resource Calendar 6039,2876.978791879914,575.3518203895474
datamining,200,64,Resource Calendar 6101,2543.237146301662,477.89367565050355
datamining,200,64,Resource Calendar 6107,2922.735693509324,455.8279240120657
datamining,200,64,Resource Calendar 6159,2774.3372666661453,445.6664684797781
datamining,200,64,Resource Calendar 6186,2918.5761057883733,512.0568706744671
datamining,200,64,Resource Calendar 6204,2694.9994960668346,465.5942419613644
datamining,200,64,Resource Calendar 6229,2914.0173731629225,540.2264036323979
datamining,200,64,Resource Calendar 6231,2869.721049489419,474.1671690664436
datamining,200,64,Resource Calendar 6260,2039.3274513470637,426.9201176027079
datamining,200,64,Resource Calendar 6369,3194.6259934571644,590.6192472837492
datamining,200,64,Resource Calendar 6400,2383.045819764036,472.4879890336163
datamining,200,64,Resource Calendar 6410,2401.9299935117083,393.40313482948795
datamining,200,64,Resource Calendar 6426,2554.4516914674696,364.22885055064813
datamining,200,64,Resource Calendar 6437,2437.046787762069,475.88872549078917
datamining,200,64,Resource Calendar 6469,2601.274566232981,473.16988221807424
datamining,200,64,Resource Calendar 6497,2965.4303632087,538.5529793066448
datamining,200,64,Resource Calendar 6520,3002.971983065091,543.869898795455
datamining,200,64,Resource Calendar 6551,2926.381318604729,449.9678304412615
datamining,200,64,Resource Calendar 6572,2884.3223462611204,573.2485622533361
datamining,200,64,Resource Calendar 659,3252.527089141709,554.6858688588429
datamining,200,64,Resource Calendar 6598,2693.5349242282605,494.89682657669573
datamining,200,64,Resource Calendar 6625,2558.9954017238097,506.9401449065394
datamining,200,64,Resource Calendar 6629,2301.020791845247,418.8596222664218
datamining,200,64,Resource Calendar 6639,2507.3542029977775,572.576307771006
datamining,200,64,Resource Calendar 669,2567.073529374613,623.0148940504328
datamining,200,64,Resource Calendar 6694,2584.548484057835,454.83018793009785
datamining,200,64,Resource Calendar 6723,2750.228032652689,458.29436789623463
datamining,200,64,Resource Calendar 6767,2991.6456498666885,495.19598739362203
datamining,200,64,Resource Calendar 677,3125.285142376968,660.086318142814
datamining,200,64,Resource Calendar 6799,2582.2638460212074,390.3474482507339
datamining,200,64,Resource Calendar 6844,2301.3601772021607,472.05127866452466
datamining,200,64,Resource Calendar 6851,2510.8833213856396,449.4024359536471
datamining,200,64,Resource Calendar 6872,2495.4735041479366,443.42876939365743
datamining,200,64,Resource Calendar 6876,2120.7092055276107,507.17732503698477
datamining,200,64,Resource Calendar 6889,2832.6657878814044,636.4546387406444
datamining,200,64,Resource Calendar 6894,2640.181235063479,515.6265260058489
datamining,200,64,Resource Calendar 695,3024.2616535011434,448.42175081619007
datamining,200,64,Resource Calendar 6952,2704.6895064321193,563.780632561038
datamining,200,64,Resource Calendar 6954,3065.9438369491745,556.3054129647192
datamining,200,64,Resource Calendar 6958,2142.8166815280397,424.6995769609168
datamining,200,64,Resource Calendar 6971,2973.2531013756693,455.8672961196226
datamining,200,64,Resource Calendar 6979,2941.9821971006586,564.9655359970144
datamining,200,64,Resource Calendar 6985,2572.295842992803,556.2117462710329
datamining,200,64,Resource Calendar 6987,2564.683767010929,437.70705425271086
datamining,200,64,Resource Calendar 6990,2925.7132905303506,438.27501359560426
datamining,200,64,Resource Calendar 6995,3026.564939451633,568.2378751292715
datamining,200,64,Resource Calendar 7007,2569.9034961136886,509.0383449245643
datamining,200,64,Resource Calendar 7010,2629.7878211065195,450.27764669037407
datamining,200,64,Resource Calendar 7019,2924.3455005720025,539.9625087245275
datamining,200,64,Resource Calendar 7039,2446.1903640108817,532.8187806995853
datamining,200,64,Resource Calendar 7071,2903.1346689227894,568.2655544361282
datamining,200,64,Resource Calendar 7080,2587.5128089743703,540.2891126753376
datamining,200,64,Resource Calendar 7088,2637.6009374713108,463.9434542107761
datamining,200,64,Resource Calendar 7091,2630.7171161006963,571.2149684995197
datamining,200,64,Resource Calendar 7137,2582.1776916018357,414.7035654265612
datamining,200,64,Resource Calendar 7143,2926.3102934609647,536.2536685320938
datamining,200,64,Resource Calendar 7144,2916.4192149371133,488.4782858141463
datamining,200,64,Resource Calendar 7147,2165.613392737741,435.6700802674555
datamining,200,64,Resource Calendar 716,2947.921034379638,574.5238102648862
datamining,200,64,Resource Calendar 7177,2551.3908995191578,498.74088197911055
datamining,200,64,Resource Calendar 7186,2622.7572583980027,428.46741023695586
datamining,200,64,Resource Calendar 7297,2600.2498745142348,440.74211792404833
datamining,200,64,Resource Calendar 7299,2853.4086341031893,607.3276348028535
datamining,200,64,Resource Calendar 7304,2755.8344421785573,604.190859578053
datamining,200,64,Resource Calendar 7311,2715.792012257878,500.4993457791697
datamining,200,64,Resource Calendar 7314,2775.359931257117,534.7468591818738
datamining,200,64,Resource Calendar 7316,2415.9336844118534,377.2465949124904
datamining,200,64,Resource Calendar 7320,2854.8473633958365,521.8825203145204
datamining,200,64,Resource Calendar 7323,2498.093705651281,429.6126872582391
datamining,200,64,Resource Calendar 7324,3154.240991746571,459.2912197054163
datamining,200,64,Resource Calendar 7331,2701.9153258287565,567.732315819443
datamining,200,64,Resource Calendar 7355,2993.2314294067487,575.739796615357
datamining,200,64,Resource Calendar 7369,2842.64491269651,503.6386268774795
datamining,200,64,Resource Calendar 7374,2550.4656864666545,542.5676100014108
datamining,200,64,Resource Calendar 7387,3124.117249198918,603.3526488615839
datamining,200,64,Resource Calendar 7389,2855.159844692256,666.2501496564485
datamining,200,64,Resource Calendar 7394,3038.061353998757,514.909227691176
datamining,200,64,Resource Calendar 7423,2507.1685641379245,398.18265714091183
datamining,200,64,Resource Calendar 7490,2541.9766695972553,499.7422514930973
datamining,200,64,Resource Calendar 7492,2861.1149810988554,565.132191701557
datamining,200,64,Resource Calendar 7518,2785.4395344274453,498.0400066602665
datamining,200,64,Resource Calendar 754,2797.4096910044213,534.0965211961305
datamining,200,64,Resource Calendar 7573,3247.100174852516,598.3019912847935
datamining,200,64,Resource Calendar 7574,2781.3621209932157,513.3891323061963
datamining,200,64,Resource Calendar 7592,2593.535672606684,469.39244762132785
datamining,200,64,Resource Calendar 7599,2854.724371043938,518.2289732344958
datamining,200,64,Resource Calendar 7611,3328.2694123306756,629.9113988520992
datamining,200,64,Resource Calendar 7628,2751.49481078277,536.6013988024539
datamining,200,64,Resource Calendar 7638,2827.552372226761,573.7322769260841
datamining,200,64,Resource Calendar 7641,2605.4955529472845,553.0311417440942
datamining,200,64,Resource Calendar 7650,2854.7994849064653,396.0159876301021
datamining,200,64,Resource Calendar 7660,2631.1472925095127,501.92596513490554
datamining,200,64,Resource Calendar 7664,3287.1824807118264,563.8759304764874
datamining,200,64,Resource Calendar 7682,2818.7530263384133,488.59175006937954
datamining,200,64,Resource Calendar 7717,2850.812530216503,667.8170343986819
datamining,200,64,Resource Calendar 7736,2703.0337895842163,489.0289481535345
datamining,200,64,Resource Calendar 7763,2902.556174243459,592.46035021843
datamining,200,64,Resource Calendar 7770,2649.123954906408,581.8439451651583
datamining,200,64,Resource Calendar 7775,3199.2885945693783,580.8336140451052
datamining,200,64,Resource Calendar 7781,2672.1447646166725,579.7867605703149
datamining,200,64,Resource Calendar 7783,2722.1655858054824,562.355327478969
datamining,200,64,Resource Calendar 7819,2655.623788948127,487.26216653054917
datamining,200,64,Resource Calendar 7820,2901.671051178406,532.9871138442563
datamining,200,64,Resource Calendar 7824,2944.9878609773814,569.2772224861607
datamining,200,64,Resource Calendar 7836,2348.4797637558618,496.2381496687898
datamining,200,64,Resource Calendar 7854,2521.366056435264,404.57136573513304
datamining,200,64,Resource Calendar 7862,2596.828539510508,538.8155445945456
datamining,200,64,Resource Calendar 7897,2849.1985967999817,451.2239911358914
datamining,200,64,Resource Calendar 7963,2908.1038475662926,546.6178700723669
datamining,200,64,Resource Calendar 8022,2782.193276509126,496.34749883174817
datamining,200,64,Resource Calendar 8032,2532.8122566615652,418.1734221540383
datamining,200,64,Resource Calendar 8033,2454.2951739339987,481.14326183337283
datamining,200,64,Resource Calendar 8064,2713.0122207484083,453.90546842107943
datamining,200,64,Resource Calendar 8065,2751.583736442857,582.33310017152
datamining,200,64,Resource Calendar 8112,2994.831441818882,463.08684729524873
datamining,200,64,Resource Calendar 8121,2354.6521656258947,380.0509272792489
datamining,200,64,Resource Calendar 8139,2576.9400775382364,561.0182286085488
datamining,200,64,Resource Calendar 8142,2555.6779382320187,516.3209868666104
datamining,200,64,Resource Calendar 8147,2952.1174085914495,476.23734680518237
datamining,200,64,Resource Calendar 8160,2590.139616443493,552.5307063126888
datamining,200,64,Resource Calendar 8164,3143.600608929907,561.3233461496072
datamining,200,64,Resource Calendar 8177,2295.2823366103376,383.9126107748752
datamining,200,64,Resource Calendar 8186,2672.3663663028574,492.3858399470629
datamining,200,64,Resource Calendar 8188,2760.311160265634,506.97580958817855
datamining,200,64,Resource Calendar 8203,2645.9932042068276,467.566913742006
datamining,200,64,Resource Calendar 8213,2586.2525871085354,449.2587600633838
datamining,200,64,Resource Calendar 8223,2971.4335418364867,592.8446744143541
datamining,200,64,Resource Calendar 8225,3108.8628844290924,541.5088442070667
datamining,200,64,Resource Calendar 8248,2245.6587918815735,392.0085690852094
datamining,200,64,Resource Calendar 8263,3233.5601059535948,428.6678825109118
datamining,200,64,Resource Calendar 8268,2536.880682569059,432.89893105857254
datamining,200,64,Resource Calendar 8365,2780.794558212159,437.21102421641797
datamining,200,64,Resource Calendar 8371,2866.3851730240494,509.50791353490473
datamining,200,64,Resource Calendar 8382,2755.795962742279,498.2327996933422
datamining,200,64,Resource Calendar 8416,2594.177098875454,434.51264512650545
datamining,200,64,Resource Calendar 8428,2683.53859609291,466.5208403291814
datamining,200,64,Resource Calendar 8443,2381.6916689660725,537.2125037812217
datamining,200,64,Resource Calendar 8450,2412.2110836515612,480.83651872991487
datamining,200,64,Resource Calendar 8455,2365.6743215789825,394.63846192725657
datamining,200,64,Resource Calendar 8461,2708.3848846538885,446.9948970087976
datamining,200,64,Resource Calendar 8475,2249.6050825599823,448.33947034416406
datamining,200,64,Resource Calendar 8486,2792.648471545838,506.71990615562197
datamining,200,64,Resource Calendar 8491,2950.132275568774,544.138665976124
datamining,200,64,Resource Calendar 8498,2675.397859437021,437.4128936742111
datamining,200,64,Resource Calendar 8525,2289.4807990777917,487.15538496325104
datamining,200,64,Resource Calendar 8528,2752.5545163383226,502.622056384921
datamining,200,64,Resource Calendar 8532,2315.870809447816,360.15244476696114
datamining,200,64,Resource Calendar 8536,2733.568173293188,531.0677997363459
datamining,200,64,Resource Calendar 8556,2678.1436482430636,560.3036042777148
datamining,200,64,Resource Calendar 8572,3147.0231099132707,631.5434939151476
datamining,200,64,Resource Calendar 8587,2641.3879783053717,605.6864813638672
datamining,200,64,Resource Calendar 8588,2542.7197586091615,452.4947961145087
datamining,200,64,Resource Calendar 8614,2497.8806635664832,497.49637273800676
datamining,200,64,Resource Calendar 8651,2717.5279444323182,580.836952531657
datamining,200,64,Resource Calendar 8655,2974.6975262022993,578.6931941547646
datamining,200,64,Resource Calendar 8661,2646.024726799363,585.2979567807868
datamining,200,64,Resource Calendar 8688,2477.429743829799,463.40898461153927
datamining,200,64,Resource Calendar 8708,2502.2224074817095,390.84052202262336
datamining,200,64,Resource Calendar 8727,2771.939341304935,462.11213184229365
datamining,200,64,Resource Calendar 8736,2688.7314931562,463.7799042267612
datamining,200,64,Resource Calendar 8744,3230.7926277561146,516.4102325246007
datamining,200,64,Resource Calendar 8749,2998.22821811607,536.5010294145168
datamining,200,64,Resource Calendar 8772,2690.0579711958408,545.1249423616254
datamining,200,64,Resource Calendar 8774,2905.343302906371,459.97616934524706
datamining,200,64,Resource Calendar 8786,2856.226976266171,459.25246060736293
datamining,200,64,Resource Calendar 8797,2737.4600457426263,471.9232826477225
datamining,200,64,Resource Calendar 8813,2914.678598818903,558.0206260150305
datamining,200,64,Resource Calendar 8819,2829.62360915599,434.4526204571798
datamining,200,64,Resource Calendar 8824,3251.3017788432135,515.8842687340274
datamining,200,64,Resource Calendar 8854,2524.1452124255898,551.4656065211726
datamining,200,64,Resource Calendar 8856,2456.042661942909,461.0322541754677
datamining,200,64,Resource Calendar 8882,2687.4477448391453,421.1602975407046
datamining,200,64,Resource Calendar 8916,2531.166351208987,557.7097036003831
datamining,200,64,Resource Calendar 8955,2499.390216501134,518.691632550105
datamining,200,64,Resource Calendar 8973,2672.6202854624753,498.46789446775733
datamining,200,64,Resource Calendar 8995,2637.859682505774,536.0028628420788
datamining,200,64,Resource Calendar 8997,2526.6195979783156,491.21586013290454
datamining,200,64,Resource Calendar 9146,2860.8120992539675,473.92804161693124
datamining,200,64,Resource Calendar 9154,2812.9272946032775,438.62867484502976
datamining,200,64,Resource Calendar 9184,2683.457166465738,486.6382007933428
datamining,200,64,Resource Calendar 9187,2584.4735376624462,464.57704106979827
datamining,200,64,Resource Calendar 920,2390.354489923822,443.52080052587667
datamining,200,64,Resource Calendar 9249,2466.8651246403037,441.89331573008315
datamining,200,64,Resource Calendar 9298,2917.296588219847,515.413215545195
datamining,200,64,Resource Calendar 9332,2620.760622527054,535.8346258389504
datamining,200,64,Resource Calendar 9335,2608.5242252069297,558.4680322374461
datamining,200,64,Resource Calendar 9336,2554.8281542201134,451.91714880460347
datamining,200,64,Resource Calendar 9348,2627.569680070756,458.72163966109696
datamining,200,64,Resource Calendar 9379,2556.223415522177,483.5083280680289
datamining,200,64,Resource Calendar 9384,2539.5543028920038,390.100643041229
datamining,200,64,Resource Calendar 9404,2808.967382118937,632.839895480885
datamining,200,64,Resource Calendar 9420,3350.143938405117,606.413602397865
datamining,200,64,Resource Calendar 9427,2553.6249012584385,592.4720981470928
datamining,200,64,Resource Calendar 943,3143.2556690277793,575.8549783883274
datamining,200,64,Resource Calendar 9433,2258.189530021561,391.8317723431208
datamining,200,64,Resource Calendar 9437,3046.5408080884563,527.6777861702586
datamining,200,64,Resource Calendar 9445,2752.9216810362445,604.9290163412717
datamining,200,64,Resource Calendar 9449,2886.692252166488,568.4305271363596
datamining,200,64,Resource Calendar 9451,2934.7719028077936,568.2426354634878
datamining,200,64,Resource Calendar 9452,2447.94080321625,515.6181643014271
datamining,200,64,Resource Calendar 9477,2640.9582755461865,545.0387803838388
datamining,200,64,Resource Calendar 9483,2630.531647215639,443.2389140482268
datamining,200,64,Resource Calendar 9484,2929.143030491442,520.0591829530428
datamining,200,64,Resource Calendar 9489,2493.312703538548,497.20589002101354
datamining,200,64,Resource Calendar 9509,2792.2578486333305,480.12433300087457
datamining,200,64,Resource Calendar 9519,3067.5820084380816,549.6043271594428
datamining,200,64,Resource Calendar 9531,2337.048758094447,499.40859898561104
datamining,200,64,Resource Calendar 955,2919.1813199866488,421.79818765152993
datamining,200,64,Resource Calendar 957,2774.426508720627,528.804315546227
datamining,200,64,Resource Calendar 9711,2706.4520336058176,395.6459681569256
datamining,200,64,Resource Calendar 9761,2958.1602802750963,484.24542257534125
datamining,200,64,Resource Calendar 9872,2668.8490356015636,440.9343101639036
datamining,200,64,Resource Calendar 9886,2395.6927048630178,463.1209020419651
datamining,200,64,Resource Calendar 9890,3278.3104444249807,497.50501824640014
datamining,200,64,Resource Calendar 9987,2718.1602630923394,569.2313306390408
datamining,200,64,Resource Calendar End,48113.340279295466,12259.111478916619
datamining,200,64,Resource Calendar Start,33001.857717563784,8776.364541417566
datamining,300,64,Resource Calendar 1,2630.0582686197677,477.5762646401954
datamining,300,64,Resource Calendar 1007,3115.4759576805486,514.1264787608623
datamining,300,64,Resource Calendar 10168,2685.1518314212617,447.6086293850658
datamining,300,64,Resource Calendar 10176,2544.621845845819,491.05929148269314
datamining,300,64,Resource Calendar 10183,3085.1629506312106,506.9211087967066
datamining,300,64,Resource Calendar 10228,3071.0274015152067,505.8014931568165
datamining,300,64,Resource Calendar 10280,2654.639420390744,543.6293884153865
datamining,300,64,Resource Calendar 10296,2299.7845880921654,446.84490717569844
datamining,300,64,Resource Calendar 10348,2461.6262432806334,497.8780441805173
datamining,300,64,Resource Calendar 10665,2455.1825771684867,412.4854331542182
datamining,300,64,Resource Calendar 10716,2438.1795991678723,435.84057866510506
datamining,300,64,Resource Calendar 10726,2912.3978667676283,595.4012355044522
datamining,300,64,Resource Calendar 10742,2889.325683568668,478.3801205640223
datamining,300,64,Resource Calendar 10923,2890.2728318146997,582.5747880703873
datamining,300,64,Resource Calendar 10962,2331.8631643416843,413.4023514210028
datamining,300,64,Resource Calendar 10995,2102.566385795204,374.47899005093706
datamining,300,64,Resource Calendar 11041,2379.015935771001,414.03221891537964
datamining,300,64,Resource Calendar 1113,2498.871231949739,463.6196709759155
datamining,300,64,Resource Calendar 11150,2669.888306890178,465.08831736491476
datamining,300,64,Resource Calendar 11159,2581.74684963132,498.46588622881814
datamining,300,64,Resource Calendar 11174,2738.7713693040155,483.8616118733254
datamining,300,64,Resource Calendar 11175,2571.720504027331,516.0081400143018
datamining,300,64,Resource Calendar 11181,2270.173804915251,462.28672471580296
datamining,300,64,Resource Calendar 11197,2171.5481241450957,424.43638155115747
datamining,300,64,Resource Calendar 11204,2704.8225263113145,507.198903876591
datamining,300,64,Resource Calendar 11218,2605.6213000219204,430.0052047281119
datamining,300,64,Resource Calendar 11302,2246.7784546257867,479.5477245591274
datamining,300,64,Resource Calendar 11314,2756.859924406984,548.5102246335985
datamining,300,64,Resource Calendar 11327,2531.6885911368095,462.1360344173301
datamining,300,64,Resource Calendar 1134,2322.341016722498,441.9941153117372
datamining,300,64,Resource Calendar 11342,2722.5513111750683,553.6522230850492
datamining,300,64,Resource Calendar 11349,2884.0405636142345,526.803725638705
datamining,300,64,Resource Calendar 11353,3038.767488701929,409.35486448897126
datamining,300,64,Resource Calendar 11387,2362.632530190454,405.9569347844088
datamining,300,64,Resource Calendar 11393,1887.0853405470018,443.6686429148477
datamining,300,64,Resource Calendar 11395,2192.030692341465,435.6455905454391
datamining,300,64,Resource Calendar 11415,2650.2635719855775,452.23069526663534
datamining,300,64,Resource Calendar 11469,2702.276449704529,493.475063598673
datamining,300,64,Resource Calendar 11509,2447.001042497892,571.6850111086887
datamining,300,64,Resource Calendar 11515,2729.398819977007,438.8341152881265
datamining,300,64,Resource Calendar 11548,2522.2219497922783,375.87278471429084
datamining,300,64,Resource Calendar 11557,2597.2495954137576,468.26680248975697
datamining,300,64,Resource Calendar 11568,2458.171204370546,448.2108138432872
datamining,300,64,Resource Calendar 11571,2346.4725320883954,388.9113194339465
datamining,300,64,Resource Calendar 11583,2127.461602272198,393.1237370146247
datamining,300,64,Resource Calendar 11611,2830.760313754887,537.2668551571095
datamining,300,64,Resource Calendar 11613,2451.883288040904,454.72163532125853
datamining,300,64,Resource Calendar 11614,2898.6619731381547,537.3804408200509
datamining,300,64,Resource Calendar 11653,2333.3932458954664,519.4773569855278
datamining,300,64,Resource Calendar 11678,2718.366042518986,450.7292123390415
datamining,300,64,Resource Calendar 11692,2389.7751375995445,423.79823188849696
datamining,300,64,Resource Calendar 117,2206.128215764686,452.60505308383716
datamining,300,64,Resource Calendar 11706,2090.6184660379367,360.77621802040187
datamining,300,64,Resource Calendar 11759,2527.0962896587444,460.1237843264816
datamining,300,64,Resource Calendar 11760,2256.944197101151,502.9483103094847
datamining,300,64,Resource Calendar 11772,2287.3771143105523,426.44309377995467
datamining,300,64,Resource Calendar 11775,2640.7134026159206,531.1521770045653
datamining,300,64,Resource Calendar 11799,2367.4969128084686,548.4355837660893
datamining,300,64,Resource Calendar 11805,2962.680068923006,551.8814483452654
datamining,300,64,Resource Calendar 11811,2495.9895051850285,452.0830032620077
datamining,300,64,Resource Calendar 11829,2533.9213302846833,487.2420185316482
datamining,300,64,Resource Calendar 11854,2395.0756786860934,462.6455216477864
datamining,300,64,Resource Calendar 11858,2324.2785735621615,508.4153789426716
datamining,300,64,Resource Calendar 11861,2600.0096286566127,422.1723829316078
datamining,300,64,Resource Calendar 11959,2742.9014433107836,450.2807228355469
datamining,300,64,Resource Calendar 11961,2762.8283447609642,515.2477691314539
datamining,300,64,Resource Calendar 11973,2450.487848605629,519.1202640919882
datamining,300,64,Resource Calendar 11993,2518.809918376611,412.3315999306016
datamining,300,64,Resource Calendar 12006,3186.4613994426213,595.4940049226477
datamining,300,64,Resource Calendar 12062,2617.098552321627,519.4836113107865
datamining,300,64,Resource Calendar 12093,2468.8831242986103,496.373275289373
datamining,300,64,Resource Calendar 12129,2704.2213871356744,547.687873342754
datamining,300,64,Resource Calendar 12175,2734.818327197477,584.6266562645698
datamining,300,64,Resource Calendar 12196,2198.375874740383,391.46834381940624
datamining,300,64,Resource Calendar 12452,2397.463858228201,455.33439785508483
datamining,300,64,Resource Calendar 12459,2543.0357999772364,548.7576555511995
datamining,300,64,Resource Calendar 12521,2563.9926553172736,580.2985569830472
datamining,300,64,Resource Calendar 12532,2556.319082624585,454.6220773932593
datamining,300,64,Resource Calendar 12535,2701.1807445344,439.9609059167625
datamining,300,64,Resource Calendar 12548,2612.903342602534,492.51614460296247
datamining,300,64,Resource Calendar 12814,2524.506118617824,443.9314953218065
datamining,300,64,Resource Calendar 12836,2541.673190464383,419.1580861091493
datamining,300,64,Resource Calendar 12915,2433.7733782639516,506.6961826229311
datamining,300,64,Resource Calendar 12935,2780.5450255987334,392.3343934377642
datamining,300,64,Resource Calendar 1295,2343.3008178161563,457.0153430870786
datamining,300,64,Resource Calendar 13014,2322.349594909142,468.0031800537354
datamining,300,64,Resource Calendar 1314,2877.173959712385,569.4477000577031
datamining,300,64,Resource Calendar 1343,3227.268882166923,627.5745372988995
datamining,300,64,Resource Calendar 13544,2447.8650450475693,476.99500015068355
datamining,300,64,Resource Calendar 13559,2828.4562101564607,477.23296989999983
datamining,300,64,Resource Calendar 13733,2538.7651738452055,509.1180350598202
datamining,300,64,Resource Calendar 1378,2135.967145836123,395.1781118595869
datamining,300,64,Resource Calendar 13803,2556.684873462291,483.5889938302858
datamining,300,64,Resource Calendar 14126,2034.1230037801333,534.3148566694739
datamining,300,64,Resource Calendar 14128,2617.9340135323646,464.8618281019424
datamining,300,64,Resource Calendar 1422,3066.0931008299967,622.5999201974893
datamining,300,64,Resource Calendar 14440,2194.218211470473,394.84425700176774
datamining,300,64,Resource Calendar 1471,2582.678825343867,475.04275569030307
datamining,300,64,Resource Calendar 15057,2810.5607664904755,438.8828801377286
datamining,300,64,Resource Calendar 1515,2538.0460935885517,553.6149621298529
datamining,300,64,Resource Calendar 1524,2303.8517338920437,417.209687021106
datamining,300,64,Resource Calendar 15315,2603.905303359949,427.74027769122347
datamining,300,64,Resource Calendar 15323,2348.4185239395615,463.6970795500346
datamining,300,64,Resource Calendar 15345,2374.4102948194686,485.76824587092864
datamining,300,64,Resource Calendar 15352,2452.7533690756613,431.1598364657265
datamining,300,64,Resource Calendar 15356,2094.2476112898175,410.04539725785025
datamining,300,64,Resource Calendar 15370,2483.809459530583,428.04765469626483
datamining,300,64,Resource Calendar 15547,2610.096593990672,504.13976786378277
datamining,300,64,Resource Calendar 15612,2761.2026229115036,543.1016124479254
datamining,300,64,Resource Calendar 157,2865.9275998581697,489.8213711334264
datamining,300,64,Resource Calendar 15862,2219.968068576654,392.91530630973705
datamining,300,64,Resource Calendar 15884,2375.655428308298,450.3986280105411
datamining,300,64,Resource Calendar 15930,2840.2697265581583,499.4743827160589
datamining,300,64,Resource Calendar 15957,2470.2104826043474,477.48086623805995
datamining,300,64,Resource Calendar 16273,2533.2406271914087,466.07330191958016
datamining,300,64,Resource Calendar 163,2644.868101887364,525.533984206235
datamining,300,64,Resource Calendar 1646,2857.7965465456286,650.223812617379
datamining,300,64,Resource Calendar 16695,2936.81017175379,559.3135668782587
datamining,300,64,Resource Calendar 1684,2365.0481793700415,543.9928995063566
datamining,300,64,Resource Calendar 1707,2581.584271119151,428.7700394361549
datamining,300,64,Resource Calendar 17296,3012.3884577821555,746.147292300612
datamining,300,64,Resource Calendar 17379,2049.767007753253,302.2804822763694
datamining,300,64,Resource Calendar 17525,2620.341122822831,509.781653959535
datamining,300,64,Resource Calendar 17625,2643.0687882534958,463.06400621470203
datamining,300,64,Resource Calendar 17642,2890.096669729502,513.0181293850056
datamining,300,64,Resource Calendar 17769,2510.683441921493,296.05671834513436
datamining,300,64,Resource Calendar 17807,2893.0401738255155,611.4496858685595
datamining,300,64,Resource Calendar 17872,2909.4325071560274,528.7852758339724
datamining,300,64,Resource Calendar 1792,2502.9214273649322,515.8261508214457
datamining,300,64,Resource Calendar 1795,2530.6902139091444,483.4048681372747
datamining,300,64,Resource Calendar 17965,2494.702158141795,495.84373514446446
datamining,300,64,Resource Calendar 18289,2147.2067325210596,446.38402615869893
datamining,300,64,Resource Calendar 18317,2737.088803377122,375.36706665994836
datamining,300,64,Resource Calendar 18501,2637.745265575866,574.3547956148811
datamining,300,64,Resource Calendar 186,2998.260225208005,459.07025352049567
datamining,300,64,Resource Calendar 1860,2682.957120530866,516.5693367831944
datamining,300,64,Resource Calendar 18760,2919.135881774145,530.1927835630559
datamining,300,64,Resource Calendar 18929,3145.1333381116583,596.8274024508726
datamining,300,64,Resource Calendar 18942,2494.105544947041,481.5271167628218
datamining,300,64,Resource Calendar 19019,3094.062279319023,665.7939276738123
datamining,300,64,Resource Calendar 1910,2678.8103360565597,430.2815000732389
datamining,300,64,Resource Calendar 19214,2387.473446003449,495.14632925050455
datamining,300,64,Resource Calendar 19295,2530.551111632565,461.72857021732426
datamining,300,64,Resource Calendar 19296,2308.0390297645763,348.6095965074584
datamining,300,64,Resource Calendar 1934,3090.4173773853117,537.0527646540578
datamining,300,64,Resource Calendar 19422,3185.8599232430865,564.795597104047
datamining,300,64,Resource Calendar 19531,2363.379434772569,320.90241830249533
datamining,300,64,Resource Calendar 19572,2603.1589690560218,442.00454779683025
datamining,300,64,Resource Calendar 19582,2667.978933246374,630.9988507023304
datamining,300,64,Resource Calendar 1959,2344.166036025494,390.9973013000184
datamining,300,64,Resource Calendar 19591,2319.3770050756307,445.0733529498063
datamining,300,64,Resource Calendar 19692,2370.4737730077104,483.18835766061846
datamining,300,64,Resource Calendar 19746,2602.758300019447,419.514743152743
datamining,300,64,Resource Calendar 19811,2677.639565401823,428.020819751253
datamining,300,64,Resource Calendar 19916,2450.50984591977,414.6243383244404
datamining,300,64,Resource Calendar 1995,2537.1823253928515,662.3659647930137
datamining,300,64,Resource Calendar 20194,2553.9670237756322,478.71759294174944
datamining,300,64,Resource Calendar 2045,2414.320136175224,490.8132681371644
datamining,300,64,Resource Calendar 2091,2734.152150136416,484.74935232619697
datamining,300,64,Resource Calendar 21188,2504.5146027473643,437.1291652324961
datamining,300,64,Resource Calendar 2133,2322.210853882688,439.9066999529379
datamining,300,64,Resource Calendar 2144,2568.8940123634816,515.7124008541161
datamining,300,64,Resource Calendar 2150,2186.175070006122,341.10166228957274
datamining,300,64,Resource Calendar 2154,2316.7431159173902,503.48858397557774
datamining,300,64,Resource Calendar 21562,2806.7927304504046,421.80167421050595
datamining,300,64,Resource Calendar 22074,2334.6966080547363,400.987991312829
datamining,300,64,Resource Calendar 22377,2548.9754010159477,493.12948736066596
datamining,300,64,Resource Calendar 22404,3363.3480980867175,655.8895723080866
datamining,300,64,Resource Calendar 22437,2465.0369081237495,471.88453360139596
datamining,300,64,Resource Calendar 22438,2684.8264195230645,439.4664284122056
datamining,300,64,Resource Calendar 22439,2524.492205832918,441.4328408936874
datamining,300,64,Resource Calendar 22475,3017.6998836634484,403.1986607968489
datamining,300,64,Resource Calendar 22476,2632.159950764502,492.72718515780286
datamining,300,64,Resource Calendar 22478,2661.741064070359,519.6914695992209
datamining,300,64,Resource Calendar 22485,2067.1745979350435,487.6991671026762
datamining,300,64,Resource Calendar 22490,2386.947955115171,384.1465110942029
datamining,300,64,Resource Calendar 22491,2739.6525879681285,459.68444144705296
datamining,300,64,Resource Calendar 22496,2385.6713576599363,527.3116451802982
datamining,300,64,Resource Calendar 22529,2382.7589211645827,422.1495146664894
datamining,300,64,Resource Calendar 22533,2837.100342793094,564.0858553435061
datamining,300,64,Resource Calendar 22534,2801.7144424557796,514.2159079229382
datamining,300,64,Resource Calendar 22543,2623.6568111405436,427.2013591341875
datamining,300,64,Resource Calendar 22560,2652.5697840243215,526.8463353456192
datamining,300,64,Resource Calendar 22592,3037.7278451495645,558.1427485254027
datamining,300,64,Resource Calendar 22624,2590.178370135626,465.0575292730628
datamining,300,64,Resource Calendar 22736,2372.9834985397974,407.47381595375606
datamining,300,64,Resource Calendar 2274,2137.185736005506,395.10957564709804
datamining,300,64,Resource Calendar 22785,2814.5489903336565,570.4727560118588
datamining,300,64,Resource Calendar 22795,2249.6370037030356,518.6081512429647
datamining,300,64,Resource Calendar 22829,2953.4354379148544,538.5961609498797
datamining,300,64,Resource Calendar 2292,2872.3478961625206,544.426405087434
datamining,300,64,Resource Calendar 22940,2656.930470116471,491.1565611156501
datamining,300,64,Resource Calendar 22950,2642.049303671281,486.2858312700213
datamining,300,64,Resource Calendar 22962,2198.3303922804694,410.159079663156
datamining,300,64,Resource Calendar 23335,2388.973917417105,454.8588105988802
datamining,300,64,Resource Calendar 23530,2538.270078633704,435.60519373568906
datamining,300,64,Resource Calendar 23842,2692.8621752946538,482.6812552608241
datamining,300,64,Resource Calendar 2391,2566.545220323126,417.2001127433202
datamining,300,64,Resource Calendar 23934,2758.7070884441036,499.439349078334
datamining,300,64,Resource Calendar 23978,2840.042854536525,476.40837870943176
datamining,300,64,Resource Calendar 2408,2271.062103474369,428.65979173384756
datamining,300,64,Resource Calendar 241,2513.5541641385744,461.170869230171
datamining,300,64,Resource Calendar 2440,2454.0107303230607,430.2530112766081
datamining,300,64,Resource Calendar 24517,2468.8562995844995,425.12719237752947
datamining,300,64,Resource Calendar 24519,2993.9053762344984,611.5288992573431
datamining,300,64,Resource Calendar 2453,2608.0482676464626,466.0114046455549
datamining,300,64,Resource Calendar 24536,2583.6444583127145,507.75254558403793
datamining,300,64,Resource Calendar 24544,2429.595656526874,449.82275053822076
datamining,300,64,Resource Calendar 2463,2379.071494031498,422.15492498708136
datamining,300,64,Resource Calendar 2465,2166.857059059631,424.37954246022497
datamining,300,64,Resource Calendar 2506,2498.0408425319943,502.76435199906444
datamining,300,64,Resource Calendar 2512,2108.3458702767334,422.4517933220535
datamining,300,64,Resource Calendar 25141,2533.8152117534387,485.80653376508207
datamining,300,64,Resource Calendar 2541,2937.1637667025266,538.3254787616215
datamining,300,64,Resource Calendar 261,2710.0016008879406,470.1791945814001
datamining,300,64,Resource Calendar 26147,2164.743026093776,355.84510947164364
datamining,300,64,Resource Calendar 26248,2568.120432350924,396.94469884516474
datamining,300,64,Resource Calendar 26259,2749.536912932255,523.0524721211658
datamining,300,64,Resource Calendar 26271,2834.9530661310937,431.6414467536471
datamining,300,64,Resource Calendar 26298,2540.4554110887752,424.8402256616315
datamining,300,64,Resource Calendar 26321,2734.7343430105493,453.58133467598174
datamining,300,64,Resource Calendar 26344,2180.9591148945296,493.80761224243207
datamining,300,64,Resource Calendar 26348,2231.316600507461,427.7768125287344
datamining,300,64,Resource Calendar 26359,2663.743212681995,467.9271180128572
datamining,300,64,Resource Calendar 2649,2377.739919507072,397.6623968862461
datamining,300,64,Resource Calendar 26756,2324.5466333813306,433.8286399575723
datamining,300,64,Resource Calendar 26757,2500.4407565030406,475.213323090487
datamining,300,64,Resource Calendar 26758,2578.183886332712,488.1275158877638
datamining,300,64,Resource Calendar 26759,2495.3208350417667,380.77943014417593
datamining,300,64,Resource Calendar 26762,2367.6729641736183,558.487042234676
datamining,300,64,Resource Calendar 26763,2685.900042165628,490.0452005919731
datamining,300,64,Resource Calendar 26767,2329.1855685780974,454.77102507455083
datamining,300,64,Resource Calendar 26772,2609.8509929293596,446.30431758517295
datamining,300,64,Resource Calendar 26780,2303.351799666461,504.7944507219821
datamining,300,64,Resource Calendar 26788,2587.7068899655865,468.32192609910373
datamining,300,64,Resource Calendar 26789,2541.875605892342,544.9409503134158
datamining,300,64,Resource Calendar 26793,2692.3308261478874,406.7795374732919
datamining,300,64,Resource Calendar 26796,2532.461832066196,424.9872068198383
datamining,300,64,Resource Calendar 27293,2525.750746366369,413.6894462853375
datamining,300,64,Resource Calendar 2735,2543.970237105795,554.6543573966223
datamining,300,64,Resource Calendar 2740,2742.5542273616493,566.0428741001075
datamining,300,64,Resource Calendar 2804,2044.0579627672219,405.57765311722886
datamining,300,64,Resource Calendar 2834,2439.2282501475643,437.1400231669094
datamining,300,64,Resource Calendar 28881,2458.1882556653036,516.690334992777
datamining,300,64,Resource Calendar 2925,2329.2750761953257,414.94448358374257
datamining,300,64,Resource Calendar 29274,2204.1586507439997,480.44255921526656
datamining,300,64,Resource Calendar 29276,2843.2554518419793,529.9560155693937
datamining,300,64,Resource Calendar 29277,2818.646114209961,509.01743532197736
datamining,300,64,Resource Calendar 29280,2482.832943508827,493.36561806099934
datamining,300,64,Resource Calendar 29281,2530.5339666445407,506.63969953328206
datamining,300,64,Resource Calendar 294,3221.0652424659474,626.0839163033343
datamining,300,64,Resource Calendar 29577,2950.6018829950394,392.25187575221975
datamining,300,64,Resource Calendar 29578,2539.2071071716864,493.7638743865853
datamining,300,64,Resource Calendar 29579,2487.4129603837755,531.0626121300617
datamining,300,64,Resource Calendar 2970,2606.1613840507557,423.60272324279595
datamining,300,64,Resource Calendar 29704,3040.305512449626,475.38421678157033
datamining,300,64,Resource Calendar 2981,2331.5042293267607,516.5447986922981
datamining,300,64,Resource Calendar 3003,2527.952590706159,423.1138254468982
datamining,300,64,Resource Calendar 3019,2544.8951975939412,463.22084624693474
datamining,300,64,Resource Calendar 305,2216.3315954922705,520.1775057643109
datamining,300,64,Resource Calendar 3057,1975.518341099255,364.1459819446032
datamining,300,64,Resource Calendar 308,3024.408561687551,432.5098054423736
datamining,300,64,Resource Calendar 3108,2809.44189387732,546.0582204216272
datamining,300,64,Resource Calendar 3113,2793.146860115753,454.92670125777613
datamining,300,64,Resource Calendar 3149,2497.025427656614,379.75966595879675
datamining,300,64,Resource Calendar 3296,2342.8033360486925,411.6911966238692
datamining,300,64,Resource Calendar 3409,2475.9366864197764,410.31493177603676
datamining,300,64,Resource Calendar 341,2913.387916118433,499.3033306949755
datamining,300,64,Resource Calendar 3421,2663.667629761519,440.50712362013826
datamining,300,64,Resource Calendar 3445,3058.870594005495,556.2716169521378
datamining,300,64,Resource Calendar 3480,2736.946405303209,499.2413626021753
datamining,300,64,Resource Calendar 3502,2811.0035912001636,429.4651280859047
datamining,300,64,Resource Calendar 3510,2303.6857801342876,438.30780869539575
datamining,300,64,Resource Calendar 3603,2655.1863738041825,454.67182766193946
datamining,300,64,Resource Calendar 3656,2638.7687872221554,402.55212065565235
datamining,300,64,Resource Calendar 369,2219.781490040928,422.84513665852177
datamining,300,64,Resource Calendar 3695,2540.1040035425294,482.4999035975501
datamining,300,64,Resource Calendar 3703,2755.780227726761,454.63354423331987
datamining,300,64,Resource Calendar 3729,2947.257707130321,599.2164353830564
datamining,300,64,Resource Calendar 3747,2784.9920660043913,504.3252761251744
datamining,300,64,Resource Calendar 3796,2611.7125060431936,523.3058063622248
datamining,300,64,Resource Calendar 3815,2915.5203473807255,465.8300584471875
datamining,300,64,Resource Calendar 387,2676.6128007197262,511.5178168089431
datamining,300,64,Resource Calendar 3917,2616.702378582869,581.1003384152162
datamining,300,64,Resource Calendar 3926,3248.98363579858,460.6458033509505
datamining,300,64,Resource Calendar 397,2474.141957056963,522.4453186850559
datamining,300,64,Resource Calendar 4032,2750.882917087952,397.6573498639592
datamining,300,64,Resource Calendar 4067,2386.8900087738407,514.3450038093365
datamining,300,64,Resource Calendar 410,2822.493727236796,508.2581418784976
datamining,300,64,Resource Calendar 4126,2506.105114002232,468.8038168585399
datamining,300,64,Resource Calendar 4130,2621.406867473032,488.9796909719112
datamining,300,64,Resource Calendar 4148,2972.173773792448,542.9923362211541
datamining,300,64,Resource Calendar 436,2562.348365091324,475.67924955194457
datamining,300,64,Resource Calendar 4441,2634.731308781018,426.38682614094023
datamining,300,64,Resource Calendar 4457,2499.2843005154245,422.3483830723935
datamining,300,64,Resource Calendar 448,2732.6878981096656,503.0659103515582
datamining,300,64,Resource Calendar 4560,3069.3093657644326,583.7100907903097
datamining,300,64,Resource Calendar 4701,2809.896867815258,546.3304214426503
datamining,300,64,Resource Calendar 4708,3064.2810564933648,434.412707395832
datamining,300,64,Resource Calendar 4745,2719.4173365360125,537.5536777255599
datamining,300,64,Resource Calendar 4765,3034.8560935012556,509.25154846621064
datamining,300,64,Resource Calendar 4834,2692.622815426541,446.23249366112094
datamining,300,64,Resource Calendar 4840,2257.951844267191,542.4508366224567
datamining,300,64,Resource Calendar 4867,2817.411020082166,504.81420198881887
datamining,300,64,Resource Calendar 49,3076.4359198434254,622.394661988983
datamining,300,64,Resource Calendar 4905,2857.0499933785663,604.0978130328026
datamining,300,64,Resource Calendar 4912,2795.179848450483,491.1279116053098
datamining,300,64,Resource Calendar 4913,3012.282493448281,541.8641937214691
datamining,300,64,Resource Calendar 4918,2717.431550612036,417.83473399396206
datamining,300,64,Resource Calendar 4924,2348.8842813672445,384.5665289047468
datamining,300,64,Resource Calendar 5020,3219.961205240258,580.4925144309802
datamining,300,64,Resource Calendar 5028,2692.930065051786,453.56166881299754
datamining,300,64,Resource Calendar 5064,2812.8611381435853,479.585625266933
datamining,300,64,Resource Calendar 5151,2538.403994974734,474.73671691532786
datamining,300,64,Resource Calendar 5154,2675.8542689835754,444.78866201603006
datamining,300,64,Resource Calendar 5183,2975.444272769089,610.3822984562955
datamining,300,64,Resource Calendar 5189,2401.0932152371074,451.5112603527033
datamining,300,64,Resource Calendar 5221,2638.044026001484,455.20576407409226
datamining,300,64,Resource Calendar 5275,2542.9196100903155,449.38699333509777
datamining,300,64,Resource Calendar 528,2661.077944554361,511.5649665686123
datamining,300,64,Resource Calendar 5290,2224.3311295353474,492.86334352147827
datamining,300,64,Resource Calendar 5292,2715.707509614275,433.83277856445886
datamining,300,64,Resource Calendar 5330,2757.6965480511744,567.6696129129901
datamining,300,64,Resource Calendar 5396,2455.6303816182403,522.8267923699262
datamining,300,64,Resource Calendar 5488,2884.3205963390396,498.83468743347254
datamining,300,64,Resource Calendar 5506,2559.72573895863,545.1073089738899
datamining,300,64,Resource Calendar 5571,2413.583158448551,518.4054407109371
datamining,300,64,Resource Calendar 5573,2144.1175329833363,391.82704074035854
datamining,300,64,Resource Calendar 5588,2738.3226858098965,489.36457413949205
datamining,300,64,Resource Calendar 559,2469.502899029152,456.3512854494568
datamining,300,64,Resource Calendar 5593,2631.4603650104905,458.46206739154724
datamining,300,64,Resource Calendar 5613,2464.0563761930716,433.7586345137668
datamining,300,64,Resource Calendar 5641,2862.8814333095143,495.0214387830653
datamining,300,64,Resource Calendar 566,2564.0831332957864,423.0517757690578
datamining,300,64,Resource Calendar 5667,2353.4768644111928,486.3639853267853
datamining,300,64,Resource Calendar 5668,2503.25169763965,595.3292542524716
datamining,300,64,Resource Calendar 5714,2184.613772869499,384.95605038077946
datamining,300,64,Resource Calendar 5778,2762.556941433078,522.0629627021272
datamining,300,64,Resource Calendar 5793,2329.4144955802844,480.30729343160056
datamining,300,64,Resource Calendar 5802,2610.5638544629846,665.0041442801573
datamining,300,64,Resource Calendar 5858,2566.8663972612485,534.0298605730095
datamining,300,64,Resource Calendar 5883,2230.3440369953987,445.7549308784633
datamining,300,64,Resource Calendar 5972,2789.143641267881,419.9126159283075
datamining,300,64,Resource Calendar 6004,2413.2835699090283,482.7053716253651
datamining,300,64,Resource Calendar 6039,2352.617578353561,587.688827617503
datamining,300,64,Resource Calendar 6101,2403.761524233509,410.56735572519887
datamining,300,64,Resource Calendar 6107,2166.0079623847546,473.54395834599393
datamining,300,64,Resource Calendar 6159,2291.8357728713436,419.9655145791757
datamining,300,64,Resource Calendar 6186,2470.6957144888406,500.26219681422737
datamining,300,64,Resource Calendar 6204,2365.727248326869,499.0387065568286
datamining,300,64,Resource Calendar 6229,2154.8270294196204,384.47576069848867
datamining,300,64,Resource Calendar 6231,2563.444726543221,421.5833409679027
datamining,300,64,Resource Calendar 6260,2573.0183583338544,469.5406068736787
datamining,300,64,Resource Calendar 6369,2481.0617092301,369.45030719375404
datamining,300,64,Resource Calendar 6400,2665.4043704400483,508.18396513960687
datamining,300,64,Resource Calendar 6410,2287.0704507823,492.3491530608944
datamining,300,64,Resource Calendar 6426,2374.001853888015,537.117144924376
datamining,300,64,Resource Calendar 6437,2325.1631702442796,523.0364666475475
datamining,300,64,Resource Calendar 6469,2240.71619040264,515.1170639929385
datamining,300,64,Resource Calendar 6497,2801.933505269959,599.9762055331461
datamining,300,64,Resource Calendar 6520,2886.999941603823,491.6396787196643
datamining,300,64,Resource Calendar 6551,2575.391930119126,380.49898234745024
datamining,300,64,Resource Calendar 6572,2827.10103700559,451.9965887927899
datamining,300,64,Resource Calendar 659,2532.924045795724,477.61083506510136
datamining,300,64,Resource Calendar 6598,2672.0068865105613,562.3489314066766
datamining,300,64,Resource Calendar 6625,2534.565198552203,417.11652542420705
datamining,300,64,Resource Calendar 6629,2888.3585497989543,537.053184782813
datamining,300,64,Resource Calendar 6639,2125.658691508427,413.7507065564474
datamining,300,64,Resource Calendar 669,2869.1234635874257,507.5986027385124
datamining,300,64,Resource Calendar 6694,2212.5081203903665,477.5693940857121
datamining,300,64,Resource Calendar 6723,2552.7185476527025,472.83628126288335
datamining,300,64,Resource Calendar 6767,2714.1010973131024,486.88354549173744
datamining,300,64,Resource Calendar 677,2789.839673710141,671.5882921947044
datamining,300,64,Resource Calendar 6799,2666.6569223067863,640.8056191290668
datamining,300,64,Resource Calendar 6844,2679.8796019811257,546.0780337646025
datamining,300,64,Resource Calendar 6851,2422.6418329463045,442.848919642273
datamining,300,64,Resource Calendar 6872,2742.3621800330084,439.1824897575398
datamining,300,64,Resource Calendar 6876,2545.8074852196246,474.7980813531155
datamining,300,64,Resource Calendar 6889,2508.351670098798,499.70645617673483
datamining,300,64,Resource Calendar 6894,2619.3951798148,444.2585410601639
datamining,300,64,Resource Calendar 695,2170.661331204871,435.1657606096287
datamining,300,64,Resource Calendar 6952,2897.950797533606,589.6983970555157
datamining,300,64,Resource Calendar 6954,2477.1915111065155,431.1406611902848
datamining,300,64,Resource Calendar 6958,2663.1078304313,504.98694008948365
datamining,300,64,Resource Calendar 6971,2453.2957292787037,400.69354230928536
datamining,300,64,Resource Calendar 6979,2931.265189777518,461.78121545474835
datamining,300,64,Resource Calendar 6985,2397.7079884922296,499.0984791653355
datamining,300,64,Resource Calendar 6987,2331.9606305869606,453.8280306153574
datamining,300,64,Resource Calendar 6990,2672.7923825549924,434.21207214277786
datamining,300,64,Resource Calendar 6995,2688.3435512400088,418.5635107356541
datamining,300,64,Resource Calendar 7007,2237.5373566289645,387.79207512721644
datamining,300,64,Resource Calendar 7010,2508.650709552762,465.4716113412992
datamining,300,64,Resource Calendar 7019,3042.8271071116114,509.15224234417667
datamining,300,64,Resource Calendar 7039,2600.7316404962894,448.1559745352193
datamining,300,64,Resource Calendar 7071,1981.3976662613509,446.4970887759506
datamining,300,64,Resource Calendar 7080,3046.7183439298674,617.1805907727971
datamining,300,64,Resource Calendar 7088,2618.5172466809795,457.9039128191905
datamining,300,64,Resource Calendar 7091,2591.389842638583,516.9831559109538
datamining,300,64,Resource Calendar 7137,2752.0397594285487,620.0158488467196
datamining,300,64,Resource Calendar 7143,2699.8205340792647,556.6478801053705
datamining,300,64,Resource Calendar 7144,3007.298115555689,588.0767682705043
datamining,300,64,Resource Calendar 7147,2056.7369998782146,402.01204773550467
datamining,300,64,Resource Calendar 716,2583.2795809180298,578.6488290987144
datamining,300,64,Resource Calendar 7177,2753.077381227815,453.18419845760604
datamining,300,64,Resource Calendar 7186,2730.509580507381,485.1438593708492
datamining,300,64,Resource Calendar 7297,2952.605195246109,568.7131721898842
datamining,300,64,Resource Calendar 7299,2449.214438135633,356.0260545088503
datamining,300,64,Resource Calendar 7304,2234.81820504501,460.7627216743547
datamining,300,64,Resource Calendar 7311,2763.990673319556,513.0984912403343
datamining,300,64,Resource Calendar 7314,2617.4628846895753,442.04708357860795
datamining,300,64,Resource Calendar 7316,1880.0887335448062,340.17168281429275
datamining,300,64,Resource Calendar 7320,2958.2337941277538,497.27064110597814
datamining,300,64,Resource Calendar 7323,2740.305834761637,509.04172767966094
datamining,300,64,Resource Calendar 7324,2503.407785325342,430.7967091621119
datamining,300,64,Resource Calendar 7331,2325.882620031264,380.1776455329494
datamining,300,64,Resource Calendar 7355,2430.8093786332633,426.57751038176593
datamining,300,64,Resource Calendar 7369,2715.354717773477,496.9068591685057
datamining,300,64,Resource Calendar 7374,2528.68902220864,512.6884721917577
datamining,300,64,Resource Calendar 7387,2364.4417673830785,481.22910223212
datamining,300,64,Resource Calendar 7389,2127.344978532813,401.5421012280252
datamining,300,64,Resource Calendar 7394,2658.904969265402,516.3340928685933
datamining,300,64,Resource Calendar 7423,2628.7275453131433,446.7989835058553
datamining,300,64,Resource Calendar 7490,2608.4794099067367,419.47684427444705
datamining,300,64,Resource Calendar 7492,2321.265851903954,466.2149868507231
datamining,300,64,Resource Calendar 7518,2702.0538682900974,535.9244849731664
datamining,300,64,Resource Calendar 754,2478.0554861380206,569.9997699304962
datamining,300,64,Resource Calendar 7573,2374.15236205355,465.96512092409995
datamining,300,64,Resource Calendar 7574,2411.1353236009973,550.8511759654662
datamining,300,64,Resource Calendar 7592,2856.2664514070907,554.3136796130657
datamining,300,64,Resource Calendar 7599,2765.1281104096765,472.9227419477182
datamining,300,64,Resource Calendar 7611,2653.537630566798,428.9065796089261
datamining,300,64,Resource Calendar 7628,2690.6400014289134,447.51603035448187
datamining,300,64,Resource Calendar 7638,2828.987988404592,566.1939686864316
datamining,300,64,Resource Calendar 7641,2711.9526893564744,569.5523773349013
datamining,300,64,Resource Calendar 7650,2462.702682454779,573.8163940006671
datamining,300,64,Resource Calendar 7660,2740.7666345985804,442.2357454351259
datamining,300,64,Resource Calendar 7664,3469.9051829444666,482.2994137432558
datamining,300,64,Resource Calendar 7682,2928.175408556125,509.98322355160104
datamining,300,64,Resource Calendar 7717,2020.3482212228432,350.02899559934764
datamining,300,64,Resource Calendar 7736,2902.835238415913,542.3580530653572
datamining,300,64,Resource Calendar 7763,2705.9427087511776,484.93598132929463
datamining,300,64,Resource Calendar 7770,2279.3918535440084,457.8153741061089
datamining,300,64,Resource Calendar 7775,3195.728628356943,599.0063612293043
datamining,300,64,Resource Calendar 7781,2456.729613645979,419.9469834277562
datamining,300,64,Resource Calendar 7783,2648.642000236327,452.8735994529614
datamining,300,64,Resource Calendar 7819,2826.951368692925,443.488793036553
datamining,300,64,Resource Calendar 7820,2504.58148732076,433.682537198741
datamining,300,64,Resource Calendar 7824,2769.9772792341937,411.0833722366022
datamining,300,64,Resource Calendar 7836,2548.406635668737,428.15223470104905
datamining,300,64,Resource Calendar 7854,2755.7950679530445,426.7836285399216
datamining,300,64,Resource Calendar 7862,2628.4654843768544,478.9387123601806
datamining,300,64,Resource Calendar 7897,2096.2566174777485,424.7366467300493
datamining,300,64,Resource Calendar 7963,2426.1354728374163,440.53195256275285
datamining,300,64,Resource Calendar 8022,2658.925542457129,484.7544402823145
datamining,300,64,Resource Calendar 8032,2412.6516681905077,523.0994709852936
datamining,300,64,Resource Calendar 8033,2700.7529035124185,453.89117855979185
datamining,300,64,Resource Calendar 8064,2333.54027402615,540.41419127303
datamining,300,64,Resource Calendar 8065,2607.1701298411695,469.89425785585587
datamining,300,64,Resource Calendar 8112,2854.433951411053,516.7592561360804
datamining,300,64,Resource Calendar 8121,2610.4082113103846,573.3134369481055
datamining,300,64,Resource Calendar 8139,2448.886175901927,414.21530366008585
datamining,300,64,Resource Calendar 8142,3013.915533896833,573.1612585374692
datamining,300,64,Resource Calendar 8147,2511.4048783437765,403.75948801353417
datamining,300,64,Resource Calendar 8160,2319.0722990674512,448.73206092466836
datamining,300,64,Resource Calendar 8164,2392.8335560204764,401.18762046779324
datamining,300,64,Resource Calendar 8177,2080.3400825449535,371.8907854901582
datamining,300,64,Resource Calendar 8186,2969.540493762929,491.3132465844891
datamining,300,64,Resource Calendar 8188,2181.080338031368,458.8398482699213
datamining,300,64,Resource Calendar 8203,2602.776295339237,527.9331414692862
datamining,300,64,Resource Calendar 8213,3141.8396704488405,536.9428647719636
datamining,300,64,Resource Calendar 8223,2549.643802800635,497.2061303374547
datamining,300,64,Resource Calendar 8225,2119.6292664333855,430.2467882443278
datamining,300,64,Resource Calendar 8248,2822.2318031023624,536.9802863106373
datamining,300,64,Resource Calendar 8263,2717.6708082877703,450.61723007436865
datamining,300,64,Resource Calendar 8268,2464.160105197167,497.8185647094522
datamining,300,64,Resource Calendar 8365,2507.0121463075875,405.56357337413476
datamining,300,64,Resource Calendar 8371,2083.844257739057,415.03005091366543
datamining,300,64,Resource Calendar 8382,2568.244495770048,483.60244863185807
datamining,300,64,Resource Calendar 8416,2025.7519300032263,485.91983854817033
datamining,300,64,Resource Calendar 8428,2184.3183717606285,387.4195608547865
datamining,300,64,Resource Calendar 8443,2580.8244149675243,423.7326700374359
datamining,300,64,Resource Calendar 8450,2359.6935973472055,486.78732405594826
datamining,300,64,Resource Calendar 8455,2698.829731428375,532.2272656096129
datamining,300,64,Resource Calendar 8461,2736.4714136286907,522.7772705923696
datamining,300,64,Resource Calendar 8475,2510.0985253041117,445.2656570369879
datamining,300,64,Resource Calendar 8486,2606.063032687427,440.770487074997
datamining,300,64,Resource Calendar 8491,2596.1910953636575,588.2184995741604
datamining,300,64,Resource Calendar 8498,2623.2995153340376,473.73403276730846
datamining,300,64,Resource Calendar 8525,2404.910278877262,404.39727395106763
datamining,300,64,Resource Calendar 8528,2379.780923813798,374.8939247635102
datamining,300,64,Resource Calendar 8532,2632.5015480717475,487.9866718069569
datamining,300,64,Resource Calendar 8536,2563.8310297736275,439.246665395923
datamining,300,64,Resource Calendar 8556,2340.7097149967813,373.6934143884011
datamining,300,64,Resource Calendar 8572,2480.59583916366,457.81138164860704
datamining,300,64,Resource Calendar 8587,2386.6892343144586,402.5718072941213
datamining,300,64,Resource Calendar 8588,2471.8970234249778,558.7898290264004
datamining,300,64,Resource Calendar 8614,2745.1595787199694,463.0665625870235
datamining,300,64,Resource Calendar 8651,2390.321141254255,466.96616084179874
datamining,300,64,Resource Calendar 8655,2770.8618994684125,558.9826463836189
datamining,300,64,Resource Calendar 8661,2312.9294337122706,492.00689429687736
datamining,300,64,Resource Calendar 8688,2891.5347423842295,470.40498237431194
datamining,300,64,Resource Calendar 8708,2662.7097405943364,484.4251087911375
datamining,300,64,Resource Calendar 8727,2367.1337406188554,394.92231503165783
datamining,300,64,Resource Calendar 8736,2588.680733184914,456.83957084883264
datamining,300,64,Resource Calendar 8744,3072.0444027195117,483.0983200366346
datamining,300,64,Resource Calendar 8749,2387.850025264948,495.48919408031145
datamining,300,64,Resource Calendar 8772,2522.1877563769244,580.9275656735806
datamining,300,64,Resource Calendar 8774,2248.1621682240307,439.93608728978165
datamining,300,64,Resource Calendar 8786,2009.176088426462,405.8396793515643
datamining,300,64,Resource Calendar 8797,2505.3574749361705,427.1995019380879
datamining,300,64,Resource Calendar 8813,2230.7944115689743,497.99819668938113
datamining,300,64,Resource Calendar 8819,2294.3297817384096,543.328088387695
datamining,300,64,Resource Calendar 8824,3001.5024938016218,560.6303060977257
datamining,300,64,Resource Calendar 8854,2424.9232947328805,542.8882774138854
datamining,300,64,Resource Calendar 8856,2457.889855431952,421.97620795921785
datamining,300,64,Resource Calendar 8882,2678.02996250188,483.1327422737563
datamining,300,64,Resource Calendar 8916,2045.8745446494158,416.5578942603535
datamining,300,64,Resource Calendar 8955,2516.6777513805314,488.71609996716376
datamining,300,64,Resource Calendar 8973,2725.9910122229526,550.4675415418054
datamining,300,64,Resource Calendar 8995,2212.100509475965,442.6777739632492
datamining,300,64,Resource Calendar 8997,2351.3095137881874,453.7038937224591
datamining,300,64,Resource Calendar 9146,2942.6666751823786,611.8199659016764
datamining,300,64,Resource Calendar 9154,2150.4430080619754,394.27238359393124
datamining,300,64,Resource Calendar 9184,2729.3575554221984,411.7201397477516
datamining,300,64,Resource Calendar 9187,2160.2091959098275,416.5329117840202
datamining,300,64,Resource Calendar 920,2719.82695452383,550.971553471919
datamining,300,64,Resource Calendar 9249,2633.075377190486,522.1710441638062
datamining,300,64,Resource Calendar 9298,2370.242316309723,449.2150857443359
datamining,300,64,Resource Calendar 9332,2660.6911964102687,450.66854661029373
datamining,300,64,Resource Calendar 9335,2246.308599550081,395.73742280137907
datamining,300,64,Resource Calendar 9336,2391.917181777614,593.1675131169194
datamining,300,64,Resource Calendar 9348,2833.4523143380557,473.3790975861744
datamining,300,64,Resource Calendar 9379,2553.923158350275,442.45440568521565
datamining,300,64,Resource Calendar 9384,2369.0587503494526,523.4609928256091
datamining,300,64,Resource Calendar 9404,2598.3965161445026,516.1434536269646
datamining,300,64,Resource Calendar 9420,2879.6619541187356,579.2448798284794
datamining,300,64,Resource Calendar 9427,2395.25619110011,420.7039336928683
datamining,300,64,Resource Calendar 943,2426.923291189302,429.6231116737508
datamining,300,64,Resource Calendar 9433,2582.834985259287,419.0162711566056
datamining,300,64,Resource Calendar 9437,2658.71523149694,476.1763455272311
datamining,300,64,Resource Calendar 9445,2585.225194448445,516.0092242004162
datamining,300,64,Resource Calendar 9449,2368.8627903334727,467.54418144906737
datamining,300,64,Resource Calendar 9451,2422.0919611513646,426.845300965555
datamining,300,64,Resource Calendar 9452,2586.2515153111067,539.7582352441681
datamining,300,64,Resource Calendar 9477,2253.4107079786936,377.8827437333761
datamining,300,64,Resource Calendar 9483,2370.3693293264005,466.47958580667506
datamining,300,64,Resource Calendar 9484,2664.4364523117633,591.3189837720992
datamining,300,64,Resource Calendar 9489,2435.8011680386408,427.48017158328054
datamining,300,64,Resource Calendar 9509,2644.6206908606932,540.7987304721403
datamining,300,64,Resource Calendar 9519,2325.959069280271,405.53894565156793
datamining,300,64,Resource Calendar 9531,2312.574141677853,443.67529633099383
datamining,300,64,Resource Calendar 955,2433.811768889288,526.6072976091983
datamining,300,64,Resource Calendar 957,2827.86069443631,592.2506212230896
datamining,300,64,Resource Calendar 9711,2733.1630039940865,497.9924459392878
datamining,300,64,Resource Calendar 9761,2400.647239947749,572.2404916739298
datamining,300,64,Resource Calendar 9872,2646.131359150559,611.6502654533176
datamining,300,64,Resource Calendar 9886,2397.101760259026,455.89831937749346
datamining,300,64,Resource Calendar 9890,2714.427635594891,588.3109656885406
datamining,300,64,Resource Calendar 9987,2697.7155594682768,417.1448739110388
datamining,300,64,Resource Calendar End,29901.42651475574,9814.77510391487
datamining,300,64,Resource Calendar Start,32973.759611213296,10198.255760048258
