dataset,seed,n_samples,name,mu_star,mu_star_conf
datamining,100,16,Resource Calendar 1,3123.602124351795,1436.9859877974325
datamining,100,16,Resource Calendar 1007,4478.508778118979,996.1903523920902
datamining,100,16,Resource Calendar 10168,3024.5606035272945,1054.2093834423758
datamining,100,16,Resource Calendar 10176,2719.746908358266,989.8626125605127
datamining,100,16,Resource Calendar 10183,2893.237241013412,1305.7180696035416
datamining,100,16,Resource Calendar 10228,2683.8182152983336,951.1305892346364
datamining,100,16,Resource Calendar 10280,3053.4521653682623,1242.7212369929666
datamining,100,16,Resource Calendar 10296,3150.078091892905,1045.9846607415927
datamining,100,16,Resource Calendar 10348,2185.7201092617534,878.3257630504617
datamining,100,16,Resource Calendar 10665,1909.6975869094424,770.7162129438649
datamining,100,16,Resource Calendar 10716,2846.5690553218856,858.078094539356
datamining,100,16,Resource Calendar 10726,2757.446565235759,1060.3845638700907
datamining,100,16,Resource Calendar 10742,3094.3646817848,1162.4726148778495
datamining,100,16,Resource Calendar 10923,2962.4593059262716,829.085113513266
datamining,100,16,Resource Calendar 10962,2258.291920286144,712.1654376377995
datamining,100,16,Resource Calendar 10995,2298.6545452813793,685.3679015532482
datamining,100,16,Resource Calendar 11041,2778.724672840456,738.3443901458743
datamining,100,16,Resource Calendar 1113,2311.1625757471757,817.5256362614481
datamining,100,16,Resource Calendar 11150,2561.66186999318,897.6094130791026
datamining,100,16,Resource Calendar 11159,2900.8755915732254,1133.0632124380834
datamining,100,16,Resource Calendar 11174,1918.2738965040123,852.465656191286
datamining,100,16,Resource Calendar 11175,2663.3377063270564,1224.5743649466528
datamining,100,16,Resource Calendar 11181,3229.223739512033,978.0609335652643
datamining,100,16,Resource Calendar 11197,4083.369798191183,1128.7960776363575
datamining,100,16,Resource Calendar 11204,2167.928684624579,601.8766392971012
datamining,100,16,Resource Calendar 11218,2707.3219955531476,844.4007811207266
datamining,100,16,Resource Calendar 11302,1992.278697512117,729.0404830750296
datamining,100,16,Resource Calendar 11314,2868.369053352866,1302.1835870480795
datamining,100,16,Resource Calendar 11327,2797.9945988607383,1036.81416069634
datamining,100,16,Resource Calendar 1134,2749.459068926044,1023.841268682879
datamining,100,16,Resource Calendar 11342,2556.9118740763683,1016.6696031001329
datamining,100,16,Resource Calendar 11349,4028.4121602886053,1243.5485014027477
datamining,100,16,Resource Calendar 11353,3194.7793454566545,1360.4005686666192
datamining,100,16,Resource Calendar 11387,3117.3619240880207,1177.8158827686962
datamining,100,16,Resource Calendar 11393,3506.1039201783024,1259.9783089913294
datamining,100,16,Resource Calendar 11395,2896.035936336484,1590.9447624898485
datamining,100,16,Resource Calendar 11415,4518.885030379009,1073.6798630339667
datamining,100,16,Resource Calendar 11469,3023.4601215987764,1002.6028229417824
datamining,100,16,Resource Calendar 11509,2692.768180778636,1081.8506136878882
datamining,100,16,Resource Calendar 11515,2368.072745168693,723.4468237437352
datamining,100,16,Resource Calendar 11548,2860.3412844606078,941.4248283441556
datamining,100,16,Resource Calendar 11557,2733.924266231052,965.8146408601306
datamining,100,16,Resource Calendar 11568,3375.2046838211754,1448.9227611432882
datamining,100,16,Resource Calendar 11571,2028.1215418870486,707.1769515529269
datamining,100,16,Resource Calendar 11583,2867.3403191379994,1008.8227907895957
datamining,100,16,Resource Calendar 11611,3190.7159439222896,777.0322882798545
datamining,100,16,Resource Calendar 11613,3486.958043113624,1066.4723253064053
datamining,100,16,Resource Calendar 11614,2573.5543956869337,1041.9520315079476
datamining,100,16,Resource Calendar 11653,2377.562237366638,822.6887548227951
datamining,100,16,Resource Calendar 11678,2833.5314541426096,837.9138395811685
datamining,100,16,Resource Calendar 11692,2225.699551687045,973.4441311591369
datamining,100,16,Resource Calendar 117,3942.7913095480535,1001.4784357886092
datamining,100,16,Resource Calendar 11706,2190.7951186588402,1054.384429377734
datamining,100,16,Resource Calendar 11759,3906.334405126181,891.200141781991
datamining,100,16,Resource Calendar 11760,2150.7690945678464,589.4108477246149
datamining,100,16,Resource Calendar 11772,2991.1378205469164,840.8151168331185
datamining,100,16,Resource Calendar 11775,3164.923598748925,1379.8139298150502
datamining,100,16,Resource Calendar 11799,2035.5605758697857,962.4337210680254
datamining,100,16,Resource Calendar 11805,2869.822932845318,740.0338519756867
datamining,100,16,Resource Calendar 11811,2348.1821714934026,846.7676481016227
datamining,100,16,Resource Calendar 11829,2237.1476949050184,1189.88889870818
datamining,100,16,Resource Calendar 11854,3908.5402704290577,1403.048012290955
datamining,100,16,Resource Calendar 11858,3540.326599727135,1351.1889261692295
datamining,100,16,Resource Calendar 11861,2992.8496302721305,1544.3780056727844
datamining,100,16,Resource Calendar 11959,3157.567336241967,1507.2645803643707
datamining,100,16,Resource Calendar 11961,2458.710215639624,854.2843537155397
datamining,100,16,Resource Calendar 11973,3551.9422804158244,851.9646079093857
datamining,100,16,Resource Calendar 11993,2413.5319651482955,736.1148081050193
datamining,100,16,Resource Calendar 12006,3217.7443718964364,1034.3792266841062
datamining,100,16,Resource Calendar 12062,3419.897340987876,1182.6974643950844
datamining,100,16,Resource Calendar 12093,3419.703080378883,1013.7198731465919
datamining,100,16,Resource Calendar 12129,2293.8196152,878.9321276555565
datamining,100,16,Resource Calendar 12175,2944.7532449356377,986.1153405202361
datamining,100,16,Resource Calendar 12196,3021.9961136258735,1258.3346365091095
datamining,100,16,Resource Calendar 12452,2705.3914437257695,1093.5885737300644
datamining,100,16,Resource Calendar 12459,2470.707884257205,740.6768983818974
datamining,100,16,Resource Calendar 12521,2773.18817665015,590.2067470899847
datamining,100,16,Resource Calendar 12532,3011.1139707951343,1531.4997731200135
datamining,100,16,Resource Calendar 12535,2025.9036192715425,826.0154328060146
datamining,100,16,Resource Calendar 12548,2405.5724379298535,872.7498280175895
datamining,100,16,Resource Calendar 12814,2990.5661397730064,782.0867436716297
datamining,100,16,Resource Calendar 12836,3113.583827732746,976.3780948662097
datamining,100,16,Resource Calendar 12915,1981.4512454236074,671.770315593988
datamining,100,16,Resource Calendar 12935,2247.2459410228475,828.9241925500448
datamining,100,16,Resource Calendar 1295,1894.5375992889906,929.3993324268556
datamining,100,16,Resource Calendar 13014,2301.080451857588,933.2943113859783
datamining,100,16,Resource Calendar 1314,2733.5151056866926,832.7368658499234
datamining,100,16,Resource Calendar 1343,3051.819269050502,1004.6735610200254
datamining,100,16,Resource Calendar 13544,2233.475742135351,1014.5556897296194
datamining,100,16,Resource Calendar 13559,2386.5697019857453,959.1172520128963
datamining,100,16,Resource Calendar 13733,2839.6592036079264,1254.3328460233897
datamining,100,16,Resource Calendar 1378,2528.1104586939573,782.4078366204512
datamining,100,16,Resource Calendar 13803,3051.376951525402,1012.4381551336484
datamining,100,16,Resource Calendar 14126,1870.136481528031,532.1150289749232
datamining,100,16,Resource Calendar 14128,3952.1384876016486,1361.8323437518886
datamining,100,16,Resource Calendar 1422,2200.4017645543267,749.5660730538356
datamining,100,16,Resource Calendar 14440,3055.22744584048,1525.8284097293604
datamining,100,16,Resource Calendar 1471,2715.518178739136,819.1324999528579
datamining,100,16,Resource Calendar 15057,3246.4387691669403,847.2402935088538
datamining,100,16,Resource Calendar 1515,2527.685390302798,1158.6905849102634
datamining,100,16,Resource Calendar 1524,2580.51587866906,952.0985965131898
datamining,100,16,Resource Calendar 15315,2586.6643762032045,839.3035085957216
datamining,100,16,Resource Calendar 15323,2831.134084555531,866.2741303655298
datamining,100,16,Resource Calendar 15345,2284.9194062699466,523.6783846675273
datamining,100,16,Resource Calendar 15352,2025.8233395934076,575.8682427560741
datamining,100,16,Resource Calendar 15356,2561.335865630084,1033.5468380248599
datamining,100,16,Resource Calendar 15370,2654.322181812009,1003.6627894842992
datamining,100,16,Resource Calendar 15547,3273.357046220948,1266.01391426995
datamining,100,16,Resource Calendar 15612,2591.0535586417914,919.1735449337826
datamining,100,16,Resource Calendar 157,2588.7453109948915,1025.4578534856207
datamining,100,16,Resource Calendar 15862,2574.024254683188,895.7375256850829
datamining,100,16,Resource Calendar 15884,2229.5228982756057,846.6909269054062
datamining,100,16,Resource Calendar 15930,3968.8655838471,1459.4319846421122
datamining,100,16,Resource Calendar 15957,2649.43183415721,1045.3961377067415
datamining,100,16,Resource Calendar 16273,2014.520835353327,757.8009323579046
datamining,100,16,Resource Calendar 163,2875.916156651337,843.7956483595643
datamining,100,16,Resource Calendar 1646,2712.452686307619,1179.5411078000084
datamining,100,16,Resource Calendar 16695,2815.3310777780366,1097.0956648751335
datamining,100,16,Resource Calendar 1684,2602.9617176648817,1213.569594281397
datamining,100,16,Resource Calendar 1707,2803.210916996501,986.6905090656999
datamining,100,16,Resource Calendar 17296,2728.7053716924156,1084.8282549468868
datamining,100,16,Resource Calendar 17379,3209.396760843638,1023.262220997752
datamining,100,16,Resource Calendar 17525,1432.0867324431006,642.0726290981098
datamining,100,16,Resource Calendar 17625,2312.3361106230577,609.4197583036774
datamining,100,16,Resource Calendar 17642,3360.4839433609172,799.5092139390414
datamining,100,16,Resource Calendar 17769,2227.752466677663,617.4127139826779
datamining,100,16,Resource Calendar 17807,2215.587863390331,779.3972262974531
datamining,100,16,Resource Calendar 17872,1800.8642150436299,652.2376704355199
datamining,100,16,Resource Calendar 1792,2153.77933044341,737.6248997003877
datamining,100,16,Resource Calendar 1795,2748.917047917806,948.8087402322714
datamining,100,16,Resource Calendar 17965,2903.146802529266,1701.4244388392387
datamining,100,16,Resource Calendar 18289,3677.8683238744547,1002.235084452208
datamining,100,16,Resource Calendar 18317,2843.1629328714494,1121.3024629776025
datamining,100,16,Resource Calendar 18501,2454.8140898973056,583.1557561142492
datamining,100,16,Resource Calendar 186,2901.3329010725192,1130.592624444921
datamining,100,16,Resource Calendar 1860,2964.709809890329,1114.1921523608423
datamining,100,16,Resource Calendar 18760,2647.8508700112952,1026.930763147698
datamining,100,16,Resource Calendar 18929,2871.634409796359,1006.2162261152058
datamining,100,16,Resource Calendar 18942,3722.0564074766876,1190.018608334699
datamining,100,16,Resource Calendar 19019,3298.6670234482403,1660.5548565159058
datamining,100,16,Resource Calendar 1910,2608.8470134829554,743.5054853103113
datamining,100,16,Resource Calendar 19214,3120.7748735678047,886.9886862783071
datamining,100,16,Resource Calendar 19295,3091.090649975128,1269.5121223700642
datamining,100,16,Resource Calendar 19296,2983.6978219108123,724.1386899828287
datamining,100,16,Resource Calendar 1934,2325.519905485492,695.4127059982463
datamining,100,16,Resource Calendar 19422,3123.1441273521373,1039.2040114978965
datamining,100,16,Resource Calendar 19531,2776.468270296534,711.0505496038985
datamining,100,16,Resource Calendar 19572,3291.5961282116255,1247.0132266677695
datamining,100,16,Resource Calendar 19582,3054.286131765121,965.7425546037631
datamining,100,16,Resource Calendar 1959,1873.7093468747396,658.2391115103194
datamining,100,16,Resource Calendar 19591,3110.05428518533,1023.539616857283
datamining,100,16,Resource Calendar 19692,2751.2066378976338,886.5219378301686
datamining,100,16,Resource Calendar 19746,2460.3192073339055,800.1446271273595
datamining,100,16,Resource Calendar 19811,2389.8963688897134,838.4307927144549
datamining,100,16,Resource Calendar 19916,2381.845116967809,938.1162700873922
datamining,100,16,Resource Calendar 1995,3117.587599454264,1231.481690390132
datamining,100,16,Resource Calendar 20194,3046.9634052291917,975.6936937968554
datamining,100,16,Resource Calendar 2045,1932.744347580562,719.9681247289174
datamining,100,16,Resource Calendar 2091,1737.6587768701727,632.5619894355641
datamining,100,16,Resource Calendar 21188,2955.8326671568675,798.6734397353625
datamining,100,16,Resource Calendar 2133,2625.2011510336283,997.7668661705703
datamining,100,16,Resource Calendar 2144,1648.7320193935195,652.8585445344241
datamining,100,16,Resource Calendar 2150,2711.3273427391573,771.7005949073464
datamining,100,16,Resource Calendar 2154,2870.204880590527,1226.8851991971746
datamining,100,16,Resource Calendar 21562,2344.427490978946,972.5200296604356
datamining,100,16,Resource Calendar 22074,2999.568310449355,1272.8390186357192
datamining,100,16,Resource Calendar 22377,3128.9762555185284,1617.325220920679
datamining,100,16,Resource Calendar 22404,3106.899125272709,1254.85919966466
datamining,100,16,Resource Calendar 22437,2971.500349244595,873.0215284733167
datamining,100,16,Resource Calendar 22438,2910.67046449422,1149.9139771801663
datamining,100,16,Resource Calendar 22439,2730.9729315442078,862.134761811224
datamining,100,16,Resource Calendar 22475,2433.18342490634,1183.825344132248
datamining,100,16,Resource Calendar 22476,2625.686710582849,928.109950988916
datamining,100,16,Resource Calendar 22478,2494.396817635816,777.9748204613893
datamining,100,16,Resource Calendar 22485,3595.2714529552845,1281.6681483921195
datamining,100,16,Resource Calendar 22490,2192.9396260661274,902.3917982854474
datamining,100,16,Resource Calendar 22491,2688.595085808611,965.4549973816297
datamining,100,16,Resource Calendar 22496,3020.31441428551,966.2438910571087
datamining,100,16,Resource Calendar 22529,2488.613266374581,916.989224004782
datamining,100,16,Resource Calendar 22533,3080.87232608601,820.8306605946005
datamining,100,16,Resource Calendar 22534,2923.1044716038773,1199.2286103319634
datamining,100,16,Resource Calendar 22543,2101.681632122142,556.9995285619414
datamining,100,16,Resource Calendar 22560,2453.946577927779,801.8187584381662
datamining,100,16,Resource Calendar 22592,2230.083901553238,739.0635798904664
datamining,100,16,Resource Calendar 22624,2474.3998505591726,775.1018911808006
datamining,100,16,Resource Calendar 22736,2068.6533299335406,778.3445952221018
datamining,100,16,Resource Calendar 2274,3106.530831432872,1274.7020351010433
datamining,100,16,Resource Calendar 22785,3294.2656505298573,1232.5836194264455
datamining,100,16,Resource Calendar 22795,3138.1252165244077,1135.9582039795257
datamining,100,16,Resource Calendar 22829,2655.3917770104454,1303.5039449279363
datamining,100,16,Resource Calendar 2292,3811.493186838958,1754.4864696872335
datamining,100,16,Resource Calendar 22940,2207.1384369110424,812.7213176717399
datamining,100,16,Resource Calendar 22950,2490.899935783591,750.9280406889999
datamining,100,16,Resource Calendar 22962,2157.7304137169326,762.5264987276211
datamining,100,16,Resource Calendar 23335,2900.7707277138584,1396.5717427003824
datamining,100,16,Resource Calendar 23530,3386.907474242326,1307.5972617360967
datamining,100,16,Resource Calendar 23842,2634.488310092569,1081.8393468555182
datamining,100,16,Resource Calendar 2391,2858.5336036904027,1100.1033184512094
datamining,100,16,Resource Calendar 23934,2167.3430555126956,844.527002608078
datamining,100,16,Resource Calendar 23978,2659.004581181459,1067.1701412480938
datamining,100,16,Resource Calendar 2408,2367.9571804545744,1038.0382851136665
datamining,100,16,Resource Calendar 241,3020.6375788788323,1198.3264441159456
datamining,100,16,Resource Calendar 2440,2484.5656732093507,644.241300084836
datamining,100,16,Resource Calendar 24517,3305.9176798360786,896.2672073643012
datamining,100,16,Resource Calendar 24519,2436.783308217803,769.7144926809917
datamining,100,16,Resource Calendar 2453,3279.4606333043707,1225.7365846637576
datamining,100,16,Resource Calendar 24536,3462.481433689272,956.2907579746133
datamining,100,16,Resource Calendar 24544,2673.3430747728717,1133.388605226056
datamining,100,16,Resource Calendar 2463,3326.1141732107417,1492.1454699249712
datamining,100,16,Resource Calendar 2465,2824.318733490751,945.4323278460516
datamining,100,16,Resource Calendar 2506,2196.4964740496966,854.2047215688016
datamining,100,16,Resource Calendar 2512,3021.4519898593885,1177.5671875949902
datamining,100,16,Resource Calendar 25141,3174.8456582202502,931.7071398892584
datamining,100,16,Resource Calendar 2541,2795.520841201918,774.4416922420947
datamining,100,16,Resource Calendar 261,3321.647575885824,1153.8983098188014
datamining,100,16,Resource Calendar 26147,2229.4590818335837,628.2169750168425
datamining,100,16,Resource Calendar 26248,3127.6859867743833,1009.487296380362
datamining,100,16,Resource Calendar 26259,2550.6294938652413,1212.4727223149587
datamining,100,16,Resource Calendar 26271,3968.489693741443,1329.2615759625874
datamining,100,16,Resource Calendar 26298,2088.4909993495935,1220.330697729538
datamining,100,16,Resource Calendar 26321,2750.893517316023,591.2955313477931
datamining,100,16,Resource Calendar 26344,1480.615162948267,676.0185825508069
datamining,100,16,Resource Calendar 26348,3008.5677915469846,953.4860609325862
datamining,100,16,Resource Calendar 26359,2664.6118304797014,837.2786339922362
datamining,100,16,Resource Calendar 2649,3423.4744675428046,1248.1121193220133
datamining,100,16,Resource Calendar 26756,2598.5610380195794,1188.2577790384548
datamining,100,16,Resource Calendar 26757,3513.75147128857,1220.610136506666
datamining,100,16,Resource Calendar 26758,2748.759865517223,1564.672911204865
datamining,100,16,Resource Calendar 26759,3144.2822616042763,1499.2410697786675
datamining,100,16,Resource Calendar 26762,2162.2941546180236,1014.6966498872104
datamining,100,16,Resource Calendar 26763,1914.3379690691775,625.2849251714039
datamining,100,16,Resource Calendar 26767,3285.7050695116604,1022.2209060801503
datamining,100,16,Resource Calendar 26772,2684.831054893588,1351.5410926438783
datamining,100,16,Resource Calendar 26780,2570.165537831644,987.7648982061804
datamining,100,16,Resource Calendar 26788,2855.220502476023,959.4030736561891
datamining,100,16,Resource Calendar 26789,3230.460196573625,1168.6458898419276
datamining,100,16,Resource Calendar 26793,2399.4766661714434,903.1938195015999
datamining,100,16,Resource Calendar 26796,2572.7637101120918,720.7950782181531
datamining,100,16,Resource Calendar 27293,2689.235930709692,1003.3785354074669
datamining,100,16,Resource Calendar 2735,2515.849374970455,997.9382428472793
datamining,100,16,Resource Calendar 2740,1879.13508507448,600.9102012103823
datamining,100,16,Resource Calendar 2804,3358.865341889047,1138.2191395232119
datamining,100,16,Resource Calendar 2834,2313.9427730418874,738.0116150407238
datamining,100,16,Resource Calendar 28881,4005.6136578720516,1648.3140055946315
datamining,100,16,Resource Calendar 2925,2893.546683542545,792.6854004179031
datamining,100,16,Resource Calendar 29274,2899.2752614087112,1141.2569250359622
datamining,100,16,Resource Calendar 29276,2926.310347303821,1451.2369700006861
datamining,100,16,Resource Calendar 29277,3302.6067239130616,926.0371808432228
datamining,100,16,Resource Calendar 29280,2935.422724690003,835.462911655437
datamining,100,16,Resource Calendar 29281,3081.286390215576,1079.7802558793442
datamining,100,16,Resource Calendar 294,2614.8649172643254,1051.7841912961653
datamining,100,16,Resource Calendar 29577,1814.5006290573292,760.1839715768333
datamining,100,16,Resource Calendar 29578,2038.643273210613,772.2736024131308
datamining,100,16,Resource Calendar 29579,3024.0864376637664,1499.0486126012247
datamining,100,16,Resource Calendar 2970,2275.024660847767,889.8661500793391
datamining,100,16,Resource Calendar 29704,3086.472374861584,1079.3630321243668
datamining,100,16,Resource Calendar 2981,3074.9074133899617,1091.1920525128046
datamining,100,16,Resource Calendar 3003,2257.1432991540437,877.0943106371136
datamining,100,16,Resource Calendar 3019,3176.160300726506,1004.5897243133448
datamining,100,16,Resource Calendar 305,4012.8660367356715,1403.1103243334562
datamining,100,16,Resource Calendar 3057,2497.164760128896,1119.5044775547435
datamining,100,16,Resource Calendar 308,2810.1110711417673,1041.9925833389382
datamining,100,16,Resource Calendar 3108,2352.9874401715465,686.1605177592456
datamining,100,16,Resource Calendar 3113,3012.259386630855,1251.4944179060524
datamining,100,16,Resource Calendar 3149,2483.1119509168275,1088.5779335281961
datamining,100,16,Resource Calendar 3296,2969.574004605517,923.3126292336805
datamining,100,16,Resource Calendar 3409,2302.376671962372,623.1009677388223
datamining,100,16,Resource Calendar 341,2325.7751396178573,687.3724481876758
datamining,100,16,Resource Calendar 3421,2876.1508466901014,821.2785333023689
datamining,100,16,Resource Calendar 3445,5079.4146900257,1397.377323465747
datamining,100,16,Resource Calendar 3480,2536.930039883813,712.0921637796654
datamining,100,16,Resource Calendar 3502,2745.698278219773,1112.9216220912567
datamining,100,16,Resource Calendar 3510,2133.0671398045283,971.0510157491593
datamining,100,16,Resource Calendar 3603,2615.5361539497635,1036.2403500580467
datamining,100,16,Resource Calendar 3656,2405.301008301322,987.533614917901
datamining,100,16,Resource Calendar 369,2191.83125783063,669.5500400440799
datamining,100,16,Resource Calendar 3695,3097.055198229133,888.7013632183912
datamining,100,16,Resource Calendar 3703,2239.0279820788264,709.7173377924285
datamining,100,16,Resource Calendar 3729,2195.0850773227435,683.6473563085302
datamining,100,16,Resource Calendar 3747,3581.6896750634105,1400.9522547058077
datamining,100,16,Resource Calendar 3796,3045.8410678608434,593.5616657060458
datamining,100,16,Resource Calendar 3815,2693.347628848448,1024.4319867454712
datamining,100,16,Resource Calendar 387,2266.4373449612385,1185.9024817328132
datamining,100,16,Resource Calendar 3917,2961.3909163752974,885.9152929653358
datamining,100,16,Resource Calendar 3926,3238.7048563541975,727.8693108421029
datamining,100,16,Resource Calendar 397,2385.6315910176545,867.0967255593639
datamining,100,16,Resource Calendar 4032,3348.313226643719,1159.6238993960867
datamining,100,16,Resource Calendar 4067,2609.306826139318,1092.4578046279655
datamining,100,16,Resource Calendar 410,2833.1550187597386,812.4043376486311
datamining,100,16,Resource Calendar 4126,2236.2130475369513,904.9726451089414
datamining,100,16,Resource Calendar 4130,3082.5144377131287,1229.6400301458823
datamining,100,16,Resource Calendar 4148,3491.2146265984243,1132.5479960137654
datamining,100,16,Resource Calendar 436,2986.4026807616788,849.3832239890756
datamining,100,16,Resource Calendar 4441,2968.5837047496566,809.7020022809614
datamining,100,16,Resource Calendar 4457,3380.236318225028,747.7434941431175
datamining,100,16,Resource Calendar 448,2862.8731465142932,989.94867244554
datamining,100,16,Resource Calendar 4560,2597.572503362032,1020.3711339118025
datamining,100,16,Resource Calendar 4701,3193.7096841644325,1067.6384754029398
datamining,100,16,Resource Calendar 4708,3117.914085933765,967.2671124383012
datamining,100,16,Resource Calendar 4745,3165.042138405731,1347.8950697289895
datamining,100,16,Resource Calendar 4765,3574.9738818756728,1424.8707971033155
datamining,100,16,Resource Calendar 4834,2223.7221400156404,804.3486805181531
datamining,100,16,Resource Calendar 4840,2151.390099827774,673.0392342838801
datamining,100,16,Resource Calendar 4867,2801.834411694508,1017.9160424158282
datamining,100,16,Resource Calendar 49,2509.8032300353766,1242.1445638290925
datamining,100,16,Resource Calendar 4905,3672.60071061977,1064.499364649517
datamining,100,16,Resource Calendar 4912,3154.0213024281884,678.4323796704653
datamining,100,16,Resource Calendar 4913,2797.131864949139,936.6178964490994
datamining,100,16,Resource Calendar 4918,2614.988574577798,996.7885056292375
datamining,100,16,Resource Calendar 4924,2948.7456761873123,798.7686369060091
datamining,100,16,Resource Calendar 5020,2938.511195234642,1087.2712955128968
datamining,100,16,Resource Calendar 5028,3725.576632027833,1185.5719412337567
datamining,100,16,Resource Calendar 5064,2571.3377403597647,984.8523536925233
datamining,100,16,Resource Calendar 5151,2964.560089618175,1077.7023865078263
datamining,100,16,Resource Calendar 5154,2713.096781901447,1362.360341891191
datamining,100,16,Resource Calendar 5183,2670.317321879372,1238.9384040611462
datamining,100,16,Resource Calendar 5189,2784.854216376237,1007.5487823577686
datamining,100,16,Resource Calendar 5221,2940.9510255774,960.9445735026501
datamining,100,16,Resource Calendar 5275,1870.3553416666637,1046.574054453001
datamining,100,16,Resource Calendar 528,2714.3461607281192,998.0050839250298
datamining,100,16,Resource Calendar 5290,2253.4373139638346,932.437172205375
datamining,100,16,Resource Calendar 5292,3361.3369420204526,1353.1356049900023
datamining,100,16,Resource Calendar 5330,3469.8102482062222,913.1549872223736
datamining,100,16,Resource Calendar 5396,3358.1156148329533,1153.7475678578235
datamining,100,16,Resource Calendar 5488,3095.267082137692,1048.1622319860078
datamining,100,16,Resource Calendar 5506,2912.4474251393294,1224.3889226529693
datamining,100,16,Resource Calendar 5571,3241.2127664849745,1186.6523217696192
datamining,100,16,Resource Calendar 5573,2739.7158676309973,722.4947852810456
datamining,100,16,Resource Calendar 5588,1892.0530439919396,579.6580034365907
datamining,100,16,Resource Calendar 559,3794.4982206167333,973.4660623479948
datamining,100,16,Resource Calendar 5593,2718.229654864208,969.0644750299124
datamining,100,16,Resource Calendar 5613,2657.901583414823,998.380489869177
datamining,100,16,Resource Calendar 5641,3714.638377801715,959.5265452219408
datamining,100,16,Resource Calendar 566,3157.1776700925916,1015.6008664983208
datamining,100,16,Resource Calendar 5667,2400.646576472597,677.6119232969561
datamining,100,16,Resource Calendar 5668,2212.0686581155464,1027.898309253064
datamining,100,16,Resource Calendar 5714,2208.027016530996,685.5510864177443
datamining,100,16,Resource Calendar 5778,2350.10087408444,841.9436839237435
datamining,100,16,Resource Calendar 5793,2947.2864927342744,849.0216788713631
datamining,100,16,Resource Calendar 5802,3669.3193261589445,896.725169209402
datamining,100,16,Resource Calendar 5858,2515.958940262893,977.4395779394347
datamining,100,16,Resource Calendar 5883,2558.7164666637727,970.3385813539591
datamining,100,16,Resource Calendar 5972,3256.722547956961,920.5811098389479
datamining,100,16,Resource Calendar 6004,2682.107431188739,1143.507795112355
datamining,100,16,Resource Calendar 6039,2541.340338036237,594.2587936381981
datamining,100,16,Resource Calendar 6101,2865.1627852701504,745.5531621269363
datamining,100,16,Resource Calendar 6107,3475.0310024066985,999.9834269633154
datamining,100,16,Resource Calendar 6159,2092.2921254863077,1052.6901324258206
datamining,100,16,Resource Calendar 6186,1920.869494699291,579.4313023155211
datamining,100,16,Resource Calendar 6204,2331.977185459491,483.852508511383
datamining,100,16,Resource Calendar 6229,2649.46804833971,740.339969945946
datamining,100,16,Resource Calendar 6231,3078.4635005054556,1010.2363662795256
datamining,100,16,Resource Calendar 6260,2906.816844422013,966.4389665618276
datamining,100,16,Resource Calendar 6369,3517.391682743058,799.2681677728149
datamining,100,16,Resource Calendar 6400,2907.3216584613842,897.809168834469
datamining,100,16,Resource Calendar 6410,3040.8991377942134,1564.2047331121703
datamining,100,16,Resource Calendar 6426,2097.843554626758,1067.2062948914404
datamining,100,16,Resource Calendar 6437,3707.9365604902123,822.1643196538271
datamining,100,16,Resource Calendar 6469,2478.3939529241948,934.4528331269499
datamining,100,16,Resource Calendar 6497,2577.824072173156,883.8665798560344
datamining,100,16,Resource Calendar 6520,3702.967270239982,1402.8740066883315
datamining,100,16,Resource Calendar 6551,2585.990256945655,595.7095422871089
datamining,100,16,Resource Calendar 6572,3580.006142006757,1073.6337916730065
datamining,100,16,Resource Calendar 659,3238.7281657419826,1064.056363874201
datamining,100,16,Resource Calendar 6598,2829.445360833788,1119.231688335741
datamining,100,16,Resource Calendar 6625,3129.9708296768163,875.614389571242
datamining,100,16,Resource Calendar 6629,3425.680862443023,1048.7382173208657
datamining,100,16,Resource Calendar 6639,2537.794753303527,928.981183674633
datamining,100,16,Resource Calendar 669,2676.2656120835627,1176.9546358551856
datamining,100,16,Resource Calendar 6694,1797.7252503984075,866.6897496296768
datamining,100,16,Resource Calendar 6723,2195.1865761579274,716.1412609165092
datamining,100,16,Resource Calendar 6767,2899.3534100673187,1008.1293289521748
datamining,100,16,Resource Calendar 677,4065.4147125214668,1248.918251130276
datamining,100,16,Resource Calendar 6799,2234.4313269052327,1079.135383102503
datamining,100,16,Resource Calendar 6844,3892.2886742181377,1173.6027033873397
datamining,100,16,Resource Calendar 6851,3337.415355259748,1019.5333056387005
datamining,100,16,Resource Calendar 6872,2285.0420743336203,836.6200124035773
datamining,100,16,Resource Calendar 6876,3622.0934238231353,1468.0551743622914
datamining,100,16,Resource Calendar 6889,3317.4867512702376,788.1274331448686
datamining,100,16,Resource Calendar 6894,3280.1050361421044,1032.5172197064346
datamining,100,16,Resource Calendar 695,1928.1873686812166,528.6071236353037
datamining,100,16,Resource Calendar 6952,3685.220871439703,1213.0173009872503
datamining,100,16,Resource Calendar 6954,3206.3568234342165,942.4843128933793
datamining,100,16,Resource Calendar 6958,2666.122253081227,1028.6034935716082
datamining,100,16,Resource Calendar 6971,2720.405643417404,945.0823999295451
datamining,100,16,Resource Calendar 6979,3038.3008020490342,1180.894305783843
datamining,100,16,Resource Calendar 6985,2326.593595543615,745.6971145057977
datamining,100,16,Resource Calendar 6987,3002.223912032005,880.9762207086538
datamining,100,16,Resource Calendar 6990,2668.1840293458304,867.1066945083311
datamining,100,16,Resource Calendar 6995,2055.502583570321,880.9976320381202
datamining,100,16,Resource Calendar 7007,1643.7308205132892,618.341099189415
datamining,100,16,Resource Calendar 7010,2374.0696759575076,999.6200532990684
datamining,100,16,Resource Calendar 7019,4057.807655141963,1143.2982158169139
datamining,100,16,Resource Calendar 7039,1616.8953964626116,587.2865236364946
datamining,100,16,Resource Calendar 7071,2983.0220529541025,683.1833038606825
datamining,100,16,Resource Calendar 7080,2609.612550755419,1013.5697344875903
datamining,100,16,Resource Calendar 7088,2337.9759664151607,855.4115327674219
datamining,100,16,Resource Calendar 7091,2662.4155709054658,721.1990806056295
datamining,100,16,Resource Calendar 7137,3522.7028943700625,1329.53088946587
datamining,100,16,Resource Calendar 7143,2668.1128296456136,582.5125419755352
datamining,100,16,Resource Calendar 7144,2641.7927959420776,742.9123476038758
datamining,100,16,Resource Calendar 7147,2806.360441568486,772.0239138905262
datamining,100,16,Resource Calendar 716,2927.3326611026737,1061.5268464848327
datamining,100,16,Resource Calendar 7177,2489.057069341246,946.6484292050396
datamining,100,16,Resource Calendar 7186,4334.3587232807995,1212.4775098733044
datamining,100,16,Resource Calendar 7297,3110.404459806859,887.0964102204812
datamining,100,16,Resource Calendar 7299,2828.1653529528717,1303.270275153193
datamining,100,16,Resource Calendar 7304,2639.348941580326,746.7049383806893
datamining,100,16,Resource Calendar 7311,2567.4216000352408,921.4933063736448
datamining,100,16,Resource Calendar 7314,2590.4421806076757,1044.6086867561075
datamining,100,16,Resource Calendar 7316,2564.7831220880016,953.2981485756527
datamining,100,16,Resource Calendar 7320,2982.8612049670364,1063.6725053880284
datamining,100,16,Resource Calendar 7323,3003.2333545693505,954.6106033243485
datamining,100,16,Resource Calendar 7324,3355.5625640436306,1531.4028139562229
datamining,100,16,Resource Calendar 7331,2505.7597361590165,991.5656451623812
datamining,100,16,Resource Calendar 7355,3199.961604039002,1335.836044267459
datamining,100,16,Resource Calendar 7369,3295.547499576757,1058.7562759281982
datamining,100,16,Resource Calendar 7374,3591.845465043186,1243.504902089622
datamining,100,16,Resource Calendar 7387,2852.4694870974845,1005.0632077674484
datamining,100,16,Resource Calendar 7389,1847.355234140214,980.0584415918721
datamining,100,16,Resource Calendar 7394,2951.6598596445783,1035.014158991265
datamining,100,16,Resource Calendar 7423,3268.8532272702532,1034.0827030496625
datamining,100,16,Resource Calendar 7490,2335.6787336441876,887.9698840563502
datamining,100,16,Resource Calendar 7492,2806.908480256289,760.3754414740682
datamining,100,16,Resource Calendar 7518,2922.0744356188575,742.2708528825164
datamining,100,16,Resource Calendar 754,3002.9979390789777,1222.1574692864301
datamining,100,16,Resource Calendar 7573,2352.4061667485907,839.9835522409816
datamining,100,16,Resource Calendar 7574,3171.269909888758,1059.625125786552
datamining,100,16,Resource Calendar 7592,1924.925382880738,991.1318747633838
datamining,100,16,Resource Calendar 7599,2492.2762631516616,883.1638256678226
datamining,100,16,Resource Calendar 7611,3000.960136176879,987.6901320462356
datamining,100,16,Resource Calendar 7628,2535.5026515428044,886.6201614691622
datamining,100,16,Resource Calendar 7638,3059.8201207454135,1058.33894081333
datamining,100,16,Resource Calendar 7641,2222.5956885626697,1014.6840701325979
datamining,100,16,Resource Calendar 7650,2429.6610471312456,781.0843360749359
datamining,100,16,Resource Calendar 7660,3947.6158392549614,909.2318906484536
datamining,100,16,Resource Calendar 7664,2039.7262900202472,925.8771602636502
datamining,100,16,Resource Calendar 7682,3279.4632743335937,1122.1090153494558
datamining,100,16,Resource Calendar 7717,2785.344480529763,1131.0025655953837
datamining,100,16,Resource Calendar 7736,2655.1875256533303,1154.5020779056124
datamining,100,16,Resource Calendar 7763,2890.3252068911024,1277.1593689088857
datamining,100,16,Resource Calendar 7770,3061.1142837736347,1070.9294805221862
datamining,100,16,Resource Calendar 7775,3352.036239460079,1150.5883982300113
datamining,100,16,Resource Calendar 7781,3166.78470236085,839.6721748428672
datamining,100,16,Resource Calendar 7783,4642.247216225135,969.8050426824157
datamining,100,16,Resource Calendar 7819,3125.1794830887497,819.9329567950887
datamining,100,16,Resource Calendar 7820,2160.7796681170994,728.0854869254024
datamining,100,16,Resource Calendar 7824,3860.00247023789,915.4082382824116
datamining,100,16,Resource Calendar 7836,2797.233114640779,1220.6512083815323
datamining,100,16,Resource Calendar 7854,3172.578023029358,964.7749945743556
datamining,100,16,Resource Calendar 7862,2907.752403358894,1065.8170153705782
datamining,100,16,Resource Calendar 7897,3214.7183922472054,1449.507292745665
datamining,100,16,Resource Calendar 7963,4038.826522282916,1440.9890421767843
datamining,100,16,Resource Calendar 8022,2696.225134718734,864.847200102273
datamining,100,16,Resource Calendar 8032,2240.949765982211,913.1454126427564
datamining,100,16,Resource Calendar 8033,3260.554281375587,1108.1403568972112
datamining,100,16,Resource Calendar 8064,3138.0788646502215,1299.1986630688352
datamining,100,16,Resource Calendar 8065,2800.8008490951793,1140.3212788555907
datamining,100,16,Resource Calendar 8112,3264.4857514097716,1160.1545419105414
datamining,100,16,Resource Calendar 8121,3080.654710936454,1397.6024399713474
datamining,100,16,Resource Calendar 8139,3676.762232075941,1259.9403331284743
datamining,100,16,Resource Calendar 8142,2659.28193482356,702.3340163361178
datamining,100,16,Resource Calendar 8147,2413.371257654583,711.0593553407735
datamining,100,16,Resource Calendar 8160,2673.483240002776,1030.2525452547127
datamining,100,16,Resource Calendar 8164,2737.274586864102,774.7874592800207
datamining,100,16,Resource Calendar 8177,2846.1308658252447,589.6246304662886
datamining,100,16,Resource Calendar 8186,3316.5406813036866,1054.7355744701351
datamining,100,16,Resource Calendar 8188,2764.87015065316,835.3090273696549
datamining,100,16,Resource Calendar 8203,2414.29533268734,1006.0022537180561
datamining,100,16,Resource Calendar 8213,3002.6724252502027,765.6342991171495
datamining,100,16,Resource Calendar 8223,3386.992364193908,1515.0771100320546
datamining,100,16,Resource Calendar 8225,2129.1436923557403,731.5349722749303
datamining,100,16,Resource Calendar 8248,3213.8285620098095,1234.5915269284287
datamining,100,16,Resource Calendar 8263,2646.6884929845705,628.8243501342388
datamining,100,16,Resource Calendar 8268,2936.0157230282675,994.9198375223518
datamining,100,16,Resource Calendar 8365,2580.1380860036056,823.6664064815087
datamining,100,16,Resource Calendar 8371,3870.807744920052,1310.9520714955995
datamining,100,16,Resource Calendar 8382,2491.2096977015426,1197.7885484283597
datamining,100,16,Resource Calendar 8416,2853.9560062235737,623.9358372039434
datamining,100,16,Resource Calendar 8428,2443.590876496146,1078.8815704204244
datamining,100,16,Resource Calendar 8443,3407.7861173983606,1065.2927436108348
datamining,100,16,Resource Calendar 8450,3233.514701089307,1058.6747294878876
datamining,100,16,Resource Calendar 8455,3285.2524593457297,1425.2900785672043
datamining,100,16,Resource Calendar 8461,3027.7269235924637,834.0789692813071
datamining,100,16,Resource Calendar 8475,2111.147477074416,942.55727165239
datamining,100,16,Resource Calendar 8486,2065.1248970799465,934.5103527924691
datamining,100,16,Resource Calendar 8491,3421.014509449251,1375.0996999421372
datamining,100,16,Resource Calendar 8498,3126.308601877648,879.4055212239484
datamining,100,16,Resource Calendar 8525,1849.602595987781,687.6552939807586
datamining,100,16,Resource Calendar 8528,3047.4527870680504,1043.4940903042252
datamining,100,16,Resource Calendar 8532,3085.7878600237354,846.0876606523332
datamining,100,16,Resource Calendar 8536,2975.4980251958723,1194.225413452097
datamining,100,16,Resource Calendar 8556,2658.094540108714,597.9756178793821
datamining,100,16,Resource Calendar 8572,2882.637886060878,577.2649500759243
datamining,100,16,Resource Calendar 8587,2791.6702258351634,843.3795164094817
datamining,100,16,Resource Calendar 8588,3332.968806132968,1130.9572968188668
datamining,100,16,Resource Calendar 8614,2282.658036853621,798.4298648133645
datamining,100,16,Resource Calendar 8651,2143.3050152839833,1125.7747462395366
datamining,100,16,Resource Calendar 8655,2869.0702025050027,962.7958904388994
datamining,100,16,Resource Calendar 8661,2864.150525749356,964.9132210273484
datamining,100,16,Resource Calendar 8688,2997.1348069259566,1416.7662763442374
datamining,100,16,Resource Calendar 8708,2689.4799340153204,1111.801946921074
datamining,100,16,Resource Calendar 8727,2143.7721732766604,783.7681698146041
datamining,100,16,Resource Calendar 8736,2599.242810717597,939.1326994670327
datamining,100,16,Resource Calendar 8744,2531.5131660037846,907.4202652552217
datamining,100,16,Resource Calendar 8749,2658.5822514062334,1029.7152890014745
datamining,100,16,Resource Calendar 8772,2605.5150356295726,894.1602974405819
datamining,100,16,Resource Calendar 8774,2886.2859632355985,1127.1509237755895
datamining,100,16,Resource Calendar 8786,2301.940372908827,978.1148444309955
datamining,100,16,Resource Calendar 8797,3367.5247794926113,1119.0323627490225
datamining,100,16,Resource Calendar 8813,2557.280694044388,1033.0391823420682
datamining,100,16,Resource Calendar 8819,2439.9296522081263,912.2682598661158
datamining,100,16,Resource Calendar 8824,3034.8850225419997,956.6297282547081
datamining,100,16,Resource Calendar 8854,3719.5974725329716,1353.3712907674312
datamining,100,16,Resource Calendar 8856,2900.2183439793466,824.0902559676515
datamining,100,16,Resource Calendar 8882,3041.0641513377504,1093.1232199296946
datamining,100,16,Resource Calendar 8916,2793.833419896571,1018.0420716085908
datamining,100,16,Resource Calendar 8955,2037.4839468980706,794.5570866196698
datamining,100,16,Resource Calendar 8973,3085.7037367891558,1010.3379863254422
datamining,100,16,Resource Calendar 8995,2616.1595836054526,656.537478805295
datamining,100,16,Resource Calendar 8997,2695.3904532801484,989.1857810453755
datamining,100,16,Resource Calendar 9146,3036.6218240115145,1189.4561869539466
datamining,100,16,Resource Calendar 9154,2865.8060405917636,1104.8962706958437
datamining,100,16,Resource Calendar 9184,3733.312958100032,1048.7172840346948
datamining,100,16,Resource Calendar 9187,2774.845307400923,943.9825370927315
datamining,100,16,Resource Calendar 920,2801.5419773377994,1411.0464116593623
datamining,100,16,Resource Calendar 9249,2823.8496535612526,978.3077977027959
datamining,100,16,Resource Calendar 9298,3002.6950706544935,1127.1626136081543
datamining,100,16,Resource Calendar 9332,3540.1888089465956,839.9448598062198
datamining,100,16,Resource Calendar 9335,2084.6445954186916,992.713022580904
datamining,100,16,Resource Calendar 9336,2480.849519513804,1142.250740846617
datamining,100,16,Resource Calendar 9348,2127.761080256032,647.8854150860476
datamining,100,16,Resource Calendar 9379,2155.2198713760513,962.801966740313
datamining,100,16,Resource Calendar 9384,3201.750203098909,795.3651344094706
datamining,100,16,Resource Calendar 9404,3377.507164102881,1239.2197587940352
datamining,100,16,Resource Calendar 9420,3416.72190691339,1244.9540549402975
datamining,100,16,Resource Calendar 9427,2972.5755050893076,930.161228342312
datamining,100,16,Resource Calendar 943,2895.5008767140343,893.3944627518783
datamining,100,16,Resource Calendar 9433,2106.420394638081,1240.4291604964665
datamining,100,16,Resource Calendar 9437,3373.7116406020045,928.2125021139146
datamining,100,16,Resource Calendar 9445,3588.754460876177,977.1501287960597
datamining,100,16,Resource Calendar 9449,1589.4623023454885,616.884465502886
datamining,100,16,Resource Calendar 9451,2441.7612821740786,994.3379892076139
datamining,100,16,Resource Calendar 9452,2370.991137791728,852.1022826695527
datamining,100,16,Resource Calendar 9477,2758.3513432939776,1012.8010312619682
datamining,100,16,Resource Calendar 9483,3383.8437183435167,1022.5159251898178
datamining,100,16,Resource Calendar 9484,2689.789769593505,1106.0999706603013
datamining,100,16,Resource Calendar 9489,4169.895531958846,1221.4588844485518
datamining,100,16,Resource Calendar 9509,3705.777611946423,1379.5601627870428
datamining,100,16,Resource Calendar 9519,3084.3180852075184,969.302323022182
datamining,100,16,Resource Calendar 9531,3318.7077247013253,1195.836004216326
datamining,100,16,Resource Calendar 955,2324.483779624543,799.9681914675072
datamining,100,16,Resource Calendar 957,3771.568301792179,1106.1763146656722
datamining,100,16,Resource Calendar 9711,2836.37276063196,1267.3165809658574
datamining,100,16,Resource Calendar 9761,2625.389918909332,643.8748496888936
datamining,100,16,Resource Calendar 9872,3101.4928859328365,1027.5223049516562
datamining,100,16,Resource Calendar 9886,2638.298900290635,1237.5042136081797
datamining,100,16,Resource Calendar 9890,2634.6775915369803,735.4143013678213
datamining,100,16,Resource Calendar 9987,2942.2677832077597,927.1906667454483
datamining,100,16,Resource Calendar End,37407.07137480263,20403.521591867575
datamining,100,16,Resource Calendar Start,32147.113973972446,13463.654204608645
datamining,200,16,Resource Calendar 1,2388.4160117905685,850.1815959608743
datamining,200,16,Resource Calendar 1007,3976.682474617668,1055.935248306314
datamining,200,16,Resource Calendar 10168,2813.850656363399,840.0875493134058
datamining,200,16,Resource Calendar 10176,3618.516177574426,894.8549865640069
datamining,200,16,Resource Calendar 10183,3103.1108153279733,973.8962049922703
datamining,200,16,Resource Calendar 10228,3060.7792016897083,698.0871825678512
datamining,200,16,Resource Calendar 10280,2529.7519965959605,904.7614620016831
datamining,200,16,Resource Calendar 10296,2714.533045432647,936.8807774483909
datamining,200,16,Resource Calendar 10348,2631.3020263202548,1062.2919749687244
datamining,200,16,Resource Calendar 10665,2100.266766000984,967.851425072329
datamining,200,16,Resource Calendar 10716,2081.9923801774867,642.4884367449489
datamining,200,16,Resource Calendar 10726,3572.6568649620212,1064.1878893484673
datamining,200,16,Resource Calendar 10742,2895.6436077082917,1176.7457925905023
datamining,200,16,Resource Calendar 10923,3079.2202962046154,839.7027080589447
datamining,200,16,Resource Calendar 10962,2964.1789242591344,799.5012450750911
datamining,200,16,Resource Calendar 10995,2383.7912796328023,1012.2288697213212
datamining,200,16,Resource Calendar 11041,3541.0451890606714,858.3505053518226
datamining,200,16,Resource Calendar 1113,2065.913979656483,681.2559900474067
datamining,200,16,Resource Calendar 11150,2728.8586516006944,894.645169448859
datamining,200,16,Resource Calendar 11159,3153.731586569038,1236.86483151688
datamining,200,16,Resource Calendar 11174,3540.477176521636,967.2754293272294
datamining,200,16,Resource Calendar 11175,2988.0319379250027,1055.7308514674428
datamining,200,16,Resource Calendar 11181,2365.112242198854,985.275552321494
datamining,200,16,Resource Calendar 11197,2035.6047053493726,736.7436250962761
datamining,200,16,Resource Calendar 11204,2826.3603957467026,1000.6978271067384
datamining,200,16,Resource Calendar 11218,3085.0438165843243,980.4907047535643
datamining,200,16,Resource Calendar 11302,2179.2391078023957,851.83732778436
datamining,200,16,Resource Calendar 11314,2934.0263030600786,769.9325007208091
datamining,200,16,Resource Calendar 11327,3386.431047861718,1339.4042315184895
datamining,200,16,Resource Calendar 1134,2847.8424094132642,1364.7467510966765
datamining,200,16,Resource Calendar 11342,3532.2705741418004,973.2005326851422
datamining,200,16,Resource Calendar 11349,3263.524210408572,999.4716656045957
datamining,200,16,Resource Calendar 11353,3324.8703696252023,1436.7523807723571
datamining,200,16,Resource Calendar 11387,2455.987933900918,823.1818346717027
datamining,200,16,Resource Calendar 11393,2286.1879154823146,700.8454398876017
datamining,200,16,Resource Calendar 11395,2819.725678949071,885.939299627746
datamining,200,16,Resource Calendar 11415,3441.987073733077,1204.990447963498
datamining,200,16,Resource Calendar 11469,3324.962269888574,1309.6731695519275
datamining,200,16,Resource Calendar 11509,2963.912737523597,1120.6698502925829
datamining,200,16,Resource Calendar 11515,2716.1456510996904,908.9992242306653
datamining,200,16,Resource Calendar 11548,1780.592792169888,772.0475798987062
datamining,200,16,Resource Calendar 11557,2700.4761278308006,815.7900824714715
datamining,200,16,Resource Calendar 11568,2852.8742127117434,1072.0365859752321
datamining,200,16,Resource Calendar 11571,2563.5941074851844,810.1242354241996
datamining,200,16,Resource Calendar 11583,1922.1096520600895,661.1967037200204
datamining,200,16,Resource Calendar 11611,2890.0283973991072,1042.887355019905
datamining,200,16,Resource Calendar 11613,2029.6339529761067,992.1846450886404
datamining,200,16,Resource Calendar 11614,2311.375541786162,902.5903789313137
datamining,200,16,Resource Calendar 11653,2663.76469893026,640.8531598985701
datamining,200,16,Resource Calendar 11678,2356.31694314788,686.7921254622619
datamining,200,16,Resource Calendar 11692,1870.2668070983816,479.69627623736517
datamining,200,16,Resource Calendar 117,2949.8080345937224,1042.2324270204476
datamining,200,16,Resource Calendar 11706,2272.8060729178683,575.8932816774269
datamining,200,16,Resource Calendar 11759,2590.1332852362275,1242.7844921890924
datamining,200,16,Resource Calendar 11760,2715.7588537753813,711.6539536657664
datamining,200,16,Resource Calendar 11772,2944.031083763042,1069.8788287448135
datamining,200,16,Resource Calendar 11775,2072.632399943711,722.3907648156364
datamining,200,16,Resource Calendar 11799,3232.49020554959,824.3785474786858
datamining,200,16,Resource Calendar 11805,2600.613372066543,882.7890912317627
datamining,200,16,Resource Calendar 11811,3445.0712232654005,1331.2038382463593
datamining,200,16,Resource Calendar 11829,2668.862331664823,848.5150289890253
datamining,200,16,Resource Calendar 11854,3479.9105803029424,1262.9485479697041
datamining,200,16,Resource Calendar 11858,2949.3076189630146,1347.0176212204606
datamining,200,16,Resource Calendar 11861,3008.6765297810653,926.2665220576312
datamining,200,16,Resource Calendar 11959,2009.1633858284513,646.6550330008847
datamining,200,16,Resource Calendar 11961,2073.427924573762,756.8420175317312
datamining,200,16,Resource Calendar 11973,2929.654767605631,1215.7744046792832
datamining,200,16,Resource Calendar 11993,2933.961000728863,793.2270585945092
datamining,200,16,Resource Calendar 12006,2203.2886866690874,1056.2287037417645
datamining,200,16,Resource Calendar 12062,2202.6511456088556,1235.009514599369
datamining,200,16,Resource Calendar 12093,2739.7175867268656,1148.9337610323491
datamining,200,16,Resource Calendar 12129,2781.6120381625815,1584.3133216394538
datamining,200,16,Resource Calendar 12175,3117.0942567710813,1347.319888157324
datamining,200,16,Resource Calendar 12196,1897.8320882049777,572.5439833496972
datamining,200,16,Resource Calendar 12452,2819.281428247529,1026.5271577038382
datamining,200,16,Resource Calendar 12459,3149.340155227556,1114.0952357660415
datamining,200,16,Resource Calendar 12521,2686.93656799211,897.3814631781654
datamining,200,16,Resource Calendar 12532,3370.7516341066007,892.4430254099225
datamining,200,16,Resource Calendar 12535,3028.181569997523,1253.1606766717784
datamining,200,16,Resource Calendar 12548,1673.1581050183017,726.2018116346533
datamining,200,16,Resource Calendar 12814,2517.604676619461,946.3743387910623
datamining,200,16,Resource Calendar 12836,3274.3603046073254,1328.3849545282137
datamining,200,16,Resource Calendar 12915,3061.711034457233,1034.307816871512
datamining,200,16,Resource Calendar 12935,3323.940763813723,1155.3112085668142
datamining,200,16,Resource Calendar 1295,2566.8125142068616,1207.411980619576
datamining,200,16,Resource Calendar 13014,2895.077980614312,923.7651815511391
datamining,200,16,Resource Calendar 1314,2435.872858598496,829.0267212957677
datamining,200,16,Resource Calendar 1343,3610.1700339831737,1085.127337551174
datamining,200,16,Resource Calendar 13544,2752.3010165880232,742.2836254366168
datamining,200,16,Resource Calendar 13559,2494.809762475094,866.9159789494237
datamining,200,16,Resource Calendar 13733,2627.415418023114,744.6783958651079
datamining,200,16,Resource Calendar 1378,2150.722961001732,922.9167410010182
datamining,200,16,Resource Calendar 13803,2689.1095691002133,722.0361248442227
datamining,200,16,Resource Calendar 14126,2177.4466151721144,715.8651900279592
datamining,200,16,Resource Calendar 14128,2217.2434226461946,786.0957583479927
datamining,200,16,Resource Calendar 1422,2174.6621624249597,1038.2706102118757
datamining,200,16,Resource Calendar 14440,2463.136044464451,968.2102136218052
datamining,200,16,Resource Calendar 1471,2665.5846880925556,840.4646498341492
datamining,200,16,Resource Calendar 15057,1825.9805583765624,612.1527768767427
datamining,200,16,Resource Calendar 1515,2927.464917763846,977.9870897693714
datamining,200,16,Resource Calendar 1524,2720.3215056050344,786.2539200194751
datamining,200,16,Resource Calendar 15315,1914.5332441831365,689.8707155626802
datamining,200,16,Resource Calendar 15323,4083.2206994511093,1303.4688683113657
datamining,200,16,Resource Calendar 15345,3285.3207881876947,928.7870826452726
datamining,200,16,Resource Calendar 15352,2331.191839936771,830.9303692688985
datamining,200,16,Resource Calendar 15356,3156.6144926295515,927.6568938577776
datamining,200,16,Resource Calendar 15370,3008.2670617781814,1204.195398859723
datamining,200,16,Resource Calendar 15547,2704.0726177993265,973.42311162583
datamining,200,16,Resource Calendar 15612,3639.2797303681136,1008.1076115895954
datamining,200,16,Resource Calendar 157,2240.9195145226295,665.8837981009422
datamining,200,16,Resource Calendar 15862,2696.113992550994,963.2042611068036
datamining,200,16,Resource Calendar 15884,2246.76619490862,642.9491541781623
datamining,200,16,Resource Calendar 15930,3063.3843719213473,895.1882407768592
datamining,200,16,Resource Calendar 15957,1924.6843914453289,706.0433022516336
datamining,200,16,Resource Calendar 16273,2642.3237744656244,905.9133611213132
datamining,200,16,Resource Calendar 163,2622.858990094425,1159.2044468281197
datamining,200,16,Resource Calendar 1646,2418.07932830912,812.6185298981237
datamining,200,16,Resource Calendar 16695,2580.103063378359,847.672451709528
datamining,200,16,Resource Calendar 1684,2285.0535148996155,869.7359971183082
datamining,200,16,Resource Calendar 1707,2946.562636781143,984.8824547467719
datamining,200,16,Resource Calendar 17296,3233.142890478385,906.5719759076526
datamining,200,16,Resource Calendar 17379,3331.376004195563,1161.7311155894708
datamining,200,16,Resource Calendar 17525,1775.084537335585,619.8449634318393
datamining,200,16,Resource Calendar 17625,2534.8822577681894,1036.8337507613098
datamining,200,16,Resource Calendar 17642,2415.3600134703024,1068.1602625674457
datamining,200,16,Resource Calendar 17769,3988.447072735083,1244.2487960961537
datamining,200,16,Resource Calendar 17807,2171.1692483962147,1055.9396954593465
datamining,200,16,Resource Calendar 17872,1965.3069710883697,646.3452863858433
datamining,200,16,Resource Calendar 1792,2114.9033701975013,618.8784874461533
datamining,200,16,Resource Calendar 1795,2876.4807233272763,948.4162505645083
datamining,200,16,Resource Calendar 17965,3081.718958049893,1194.2860527813045
datamining,200,16,Resource Calendar 18289,2009.0350852858808,983.5351948045251
datamining,200,16,Resource Calendar 18317,2729.9811993789963,856.7458481171715
datamining,200,16,Resource Calendar 18501,2334.946338974772,819.9294231635308
datamining,200,16,Resource Calendar 186,2550.5538239502494,824.8608720886389
datamining,200,16,Resource Calendar 1860,2230.980366667676,944.6884168148387
datamining,200,16,Resource Calendar 18760,2491.2908962813494,1085.8460225781073
datamining,200,16,Resource Calendar 18929,2845.089170392663,1029.1823923792574
datamining,200,16,Resource Calendar 18942,1703.6251915535888,631.1512719916443
datamining,200,16,Resource Calendar 19019,3577.659768823208,1072.432878077362
datamining,200,16,Resource Calendar 1910,1747.7183333544842,517.3275920831159
datamining,200,16,Resource Calendar 19214,3554.2375063442946,1162.6315290179484
datamining,200,16,Resource Calendar 19295,3363.0091284632335,985.5840040182259
datamining,200,16,Resource Calendar 19296,2034.996873004284,656.2800558292847
datamining,200,16,Resource Calendar 1934,2083.195198893254,656.4718642765815
datamining,200,16,Resource Calendar 19422,1837.2913863149129,609.5008020671941
datamining,200,16,Resource Calendar 19531,2743.657638704217,882.950165569627
datamining,200,16,Resource Calendar 19572,2436.8609718846624,834.1512969505943
datamining,200,16,Resource Calendar 19582,2209.9735132266355,797.4295212146995
datamining,200,16,Resource Calendar 1959,2869.006322467776,1012.3568856301767
datamining,200,16,Resource Calendar 19591,2476.0669668234427,881.8849108762548
datamining,200,16,Resource Calendar 19692,3623.722357212619,1013.424502401604
datamining,200,16,Resource Calendar 19746,3609.2233984118234,725.4712631323143
datamining,200,16,Resource Calendar 19811,2651.7459171401633,643.4266714899087
datamining,200,16,Resource Calendar 19916,2531.848987563644,838.2628763386092
datamining,200,16,Resource Calendar 1995,2293.4748073026035,835.0886977247518
datamining,200,16,Resource Calendar 20194,2572.294035194433,843.6348037026972
datamining,200,16,Resource Calendar 2045,2722.844944967741,1155.5534650873528
datamining,200,16,Resource Calendar 2091,2881.6069022793,818.0123062785707
datamining,200,16,Resource Calendar 21188,2526.2966804413704,840.2043115218457
datamining,200,16,Resource Calendar 2133,2098.7834577331528,543.6695478112687
datamining,200,16,Resource Calendar 2144,3388.6854730457135,1145.4601615757672
datamining,200,16,Resource Calendar 2150,1653.1343601111594,859.2606824556249
datamining,200,16,Resource Calendar 2154,3097.9332151727767,1362.4435776743633
datamining,200,16,Resource Calendar 21562,3669.038919573389,1347.9512275390982
datamining,200,16,Resource Calendar 22074,2814.740490595571,1102.1051664832096
datamining,200,16,Resource Calendar 22377,3138.312894143713,1059.3895614536393
datamining,200,16,Resource Calendar 22404,3894.041226812797,1224.1570216837285
datamining,200,16,Resource Calendar 22437,3041.5635393156213,1153.4473833683928
datamining,200,16,Resource Calendar 22438,2021.9615495924156,772.4050446131301
datamining,200,16,Resource Calendar 22439,1854.2382163091104,872.3447797048082
datamining,200,16,Resource Calendar 22475,2981.3141310094215,1212.459387274674
datamining,200,16,Resource Calendar 22476,2427.6591127714623,1044.3953298253875
datamining,200,16,Resource Calendar 22478,1798.0342440229924,594.7661281791044
datamining,200,16,Resource Calendar 22485,3081.8674246748137,683.6937692768615
datamining,200,16,Resource Calendar 22490,2746.162277177049,915.0706529251645
datamining,200,16,Resource Calendar 22491,2028.812660273064,639.3848801497821
datamining,200,16,Resource Calendar 22496,3112.4865092325185,945.7144509123764
datamining,200,16,Resource Calendar 22529,2220.313776261831,803.7976210692971
datamining,200,16,Resource Calendar 22533,3613.989125512787,982.5101873230792
datamining,200,16,Resource Calendar 22534,2781.6872667156617,1183.2679097498703
datamining,200,16,Resource Calendar 22543,2750.376695760275,651.0763870506655
datamining,200,16,Resource Calendar 22560,2982.453023863373,1002.911303963506
datamining,200,16,Resource Calendar 22592,2466.2196084423276,1044.9898802694918
datamining,200,16,Resource Calendar 22624,2754.818740808466,993.8956837683692
datamining,200,16,Resource Calendar 22736,2065.725636839652,648.3454736940708
datamining,200,16,Resource Calendar 2274,2437.0499168319266,756.2997900660471
datamining,200,16,Resource Calendar 22785,2860.7741809359777,835.1387304400831
datamining,200,16,Resource Calendar 22795,2920.1104856672673,859.0517217701657
datamining,200,16,Resource Calendar 22829,2394.14543057051,922.3167499699845
datamining,200,16,Resource Calendar 2292,2493.015333450148,803.1947172222265
datamining,200,16,Resource Calendar 22940,2234.1596789115165,1188.8692338266328
datamining,200,16,Resource Calendar 22950,2727.9564382428275,997.051519997526
datamining,200,16,Resource Calendar 22962,2801.4907410234173,1147.4829564442018
datamining,200,16,Resource Calendar 23335,2353.52543451307,807.7720981315472
datamining,200,16,Resource Calendar 23530,3320.603248227581,1221.2677992112158
datamining,200,16,Resource Calendar 23842,2688.5350957260653,789.7907156515819
datamining,200,16,Resource Calendar 2391,1608.7067471979663,731.0117579665442
datamining,200,16,Resource Calendar 23934,2969.382795357378,1241.4477828730849
datamining,200,16,Resource Calendar 23978,2483.8409613304098,715.3985693166939
datamining,200,16,Resource Calendar 2408,3484.095577933251,1346.9835533270782
datamining,200,16,Resource Calendar 241,3067.782881080575,1663.1961283538135
datamining,200,16,Resource Calendar 2440,2541.2459316023283,619.979095805294
datamining,200,16,Resource Calendar 24517,2352.4134460604487,924.698430305127
datamining,200,16,Resource Calendar 24519,3790.015386248078,1106.0193999067824
datamining,200,16,Resource Calendar 2453,2462.706819063769,1439.3267169512524
datamining,200,16,Resource Calendar 24536,1745.1635368194943,719.7381126751939
datamining,200,16,Resource Calendar 24544,2412.6617739725225,791.673184147354
datamining,200,16,Resource Calendar 2463,2692.2400370783394,1147.4167146748584
datamining,200,16,Resource Calendar 2465,1996.7264831122704,598.6473286908861
datamining,200,16,Resource Calendar 2506,2596.677281780573,791.7542060648188
datamining,200,16,Resource Calendar 2512,2568.243831993535,1273.8932017894458
datamining,200,16,Resource Calendar 25141,2423.2520909397776,962.9990854884276
datamining,200,16,Resource Calendar 2541,2717.536262227456,824.1217918984685
datamining,200,16,Resource Calendar 261,3260.5967721919446,954.5140311693023
datamining,200,16,Resource Calendar 26147,2992.5178455388846,1128.9742743153927
datamining,200,16,Resource Calendar 26248,3561.536781819487,1243.73246002738
datamining,200,16,Resource Calendar 26259,3005.9437858988445,917.8687092730809
datamining,200,16,Resource Calendar 26271,2141.3308916389906,748.7762233534037
datamining,200,16,Resource Calendar 26298,2383.890009552509,1007.8881838667875
datamining,200,16,Resource Calendar 26321,2928.535879443561,1027.7909510119825
datamining,200,16,Resource Calendar 26344,2780.9676964078913,928.3637531058384
datamining,200,16,Resource Calendar 26348,2751.4810772257106,788.5939628590387
datamining,200,16,Resource Calendar 26359,2411.626801044913,907.1363665929666
datamining,200,16,Resource Calendar 2649,3142.790425395639,736.7687313324558
datamining,200,16,Resource Calendar 26756,2985.7796193649215,1024.2027386372472
datamining,200,16,Resource Calendar 26757,2067.9719633006794,1027.0134447695998
datamining,200,16,Resource Calendar 26758,2699.710286252024,983.5786804813495
datamining,200,16,Resource Calendar 26759,3114.4937093752046,990.2435651451048
datamining,200,16,Resource Calendar 26762,2110.707071172007,657.0698653266393
datamining,200,16,Resource Calendar 26763,3361.6312144678827,1158.036529999544
datamining,200,16,Resource Calendar 26767,1696.0297618327331,547.1897060101546
datamining,200,16,Resource Calendar 26772,2123.085117105854,796.2250354548246
datamining,200,16,Resource Calendar 26780,2975.493499102768,1002.8241813818746
datamining,200,16,Resource Calendar 26788,2776.1540745227467,1033.7078865742687
datamining,200,16,Resource Calendar 26789,2727.3708206511737,1038.911224352938
datamining,200,16,Resource Calendar 26793,3644.067796454574,1302.8667756116486
datamining,200,16,Resource Calendar 26796,2760.3005340451728,849.0808339294122
datamining,200,16,Resource Calendar 27293,2945.7786184158404,1113.8358390980547
datamining,200,16,Resource Calendar 2735,3209.009963759703,1023.1613480060325
datamining,200,16,Resource Calendar 2740,1942.8521251193192,566.4290012853177
datamining,200,16,Resource Calendar 2804,2516.524493394706,586.122810280644
datamining,200,16,Resource Calendar 2834,2211.932691410254,1135.9384799575905
datamining,200,16,Resource Calendar 28881,3521.3900198235024,1292.1394558206578
datamining,200,16,Resource Calendar 2925,2624.3145502431767,968.7505644677474
datamining,200,16,Resource Calendar 29274,2358.6421586632846,1130.8530098510716
datamining,200,16,Resource Calendar 29276,2009.652142401977,790.3476976812121
datamining,200,16,Resource Calendar 29277,2778.1536050019563,977.5031181595119
datamining,200,16,Resource Calendar 29280,1894.8981777502952,506.12102794790064
datamining,200,16,Resource Calendar 29281,3372.4088597836367,1158.1417467655433
datamining,200,16,Resource Calendar 294,2609.8776365281146,1277.9597654341565
datamining,200,16,Resource Calendar 29577,2506.0500416647455,1271.2994425753852
datamining,200,16,Resource Calendar 29578,2432.3585553657363,691.0950357159197
datamining,200,16,Resource Calendar 29579,2721.7894722168758,1012.0741828299225
datamining,200,16,Resource Calendar 2970,2282.2047145593747,782.946323242334
datamining,200,16,Resource Calendar 29704,2079.3662843813554,1359.060106790721
datamining,200,16,Resource Calendar 2981,1893.5426735343328,959.7438874015771
datamining,200,16,Resource Calendar 3003,3214.3748038888466,1007.8313207669883
datamining,200,16,Resource Calendar 3019,1843.0456009303514,476.4501954686111
datamining,200,16,Resource Calendar 305,3091.898325825602,1487.1924835808397
datamining,200,16,Resource Calendar 3057,3184.0640845713915,939.6261710687785
datamining,200,16,Resource Calendar 308,2160.383788254121,679.2007662550807
datamining,200,16,Resource Calendar 3108,2554.2639318382467,1283.4243656720175
datamining,200,16,Resource Calendar 3113,3226.6749731011137,1266.78433519587
datamining,200,16,Resource Calendar 3149,2753.591189970357,897.3794963964027
datamining,200,16,Resource Calendar 3296,4203.20342809896,1667.882943698103
datamining,200,16,Resource Calendar 3409,1607.3117105160575,450.18554497587627
datamining,200,16,Resource Calendar 341,2227.206094291899,864.8217114975448
datamining,200,16,Resource Calendar 3421,2823.73844989208,1032.665471231728
datamining,200,16,Resource Calendar 3445,2761.750141573851,867.9067322217165
datamining,200,16,Resource Calendar 3480,2425.344937563505,805.9722890981419
datamining,200,16,Resource Calendar 3502,3518.991690232793,1133.939256805888
datamining,200,16,Resource Calendar 3510,2417.091048339914,851.7539589429852
datamining,200,16,Resource Calendar 3603,2440.0649548577894,873.1549890070038
datamining,200,16,Resource Calendar 3656,1192.0851504598857,487.2122975504497
datamining,200,16,Resource Calendar 369,3507.0336894284,1382.5627266315355
datamining,200,16,Resource Calendar 3695,2573.6617970362295,1350.2785783566899
datamining,200,16,Resource Calendar 3703,2634.5352725501043,1155.1506595028402
datamining,200,16,Resource Calendar 3729,1746.7380230640204,740.5842072339685
datamining,200,16,Resource Calendar 3747,2818.5538871823974,1323.6837590145512
datamining,200,16,Resource Calendar 3796,1792.6361038009845,672.6430535822615
datamining,200,16,Resource Calendar 3815,3687.3735097574568,1182.8407937040856
datamining,200,16,Resource Calendar 387,2536.9374441936666,862.0228865056516
datamining,200,16,Resource Calendar 3917,2622.0332520821958,820.3287230818061
datamining,200,16,Resource Calendar 3926,3540.512638351911,834.7878901615702
datamining,200,16,Resource Calendar 397,2117.013033305493,552.4570085578077
datamining,200,16,Resource Calendar 4032,2343.356388983336,1112.324901855249
datamining,200,16,Resource Calendar 4067,2597.1722597371686,820.064319001332
datamining,200,16,Resource Calendar 410,2909.727589182931,1031.5591322196542
datamining,200,16,Resource Calendar 4126,2156.3725894678737,976.8284152042253
datamining,200,16,Resource Calendar 4130,2912.3305208523348,875.9204390086092
datamining,200,16,Resource Calendar 4148,3526.523565195621,1196.6336920456758
datamining,200,16,Resource Calendar 436,3402.761614959966,975.9011186339453
datamining,200,16,Resource Calendar 4441,3549.824050749706,1198.8702238720628
datamining,200,16,Resource Calendar 4457,2706.950212983302,849.2965165780702
datamining,200,16,Resource Calendar 448,2435.679046445157,1146.2029393594496
datamining,200,16,Resource Calendar 4560,2194.1495063464577,891.366234016475
datamining,200,16,Resource Calendar 4701,2311.3568828600005,625.9758579497602
datamining,200,16,Resource Calendar 4708,2214.6839892549115,940.4010565235825
datamining,200,16,Resource Calendar 4745,2136.3843011112326,1075.6963448940485
datamining,200,16,Resource Calendar 4765,1291.8512350727513,804.2155847117659
datamining,200,16,Resource Calendar 4834,2749.434371257981,1257.5441049113767
datamining,200,16,Resource Calendar 4840,2914.3951902724957,1131.3732677592661
datamining,200,16,Resource Calendar 4867,2664.8590437729554,647.4135539127423
datamining,200,16,Resource Calendar 49,2593.7929994490064,1125.5866285053812
datamining,200,16,Resource Calendar 4905,2962.639071912012,911.9718648272475
datamining,200,16,Resource Calendar 4912,2372.987076712555,669.5558799696931
datamining,200,16,Resource Calendar 4913,2427.857654843819,731.2321421721391
datamining,200,16,Resource Calendar 4918,3009.1085429394393,994.7701763749773
datamining,200,16,Resource Calendar 4924,3099.0347058860334,653.2702863203733
datamining,200,16,Resource Calendar 5020,3958.028222319093,999.1905772151099
datamining,200,16,Resource Calendar 5028,2770.0894751560945,861.6339520722443
datamining,200,16,Resource Calendar 5064,2807.0048673761,1224.6306317817307
datamining,200,16,Resource Calendar 5151,2289.5306302887884,804.5412264344088
datamining,200,16,Resource Calendar 5154,2701.823677270583,921.8871361980927
datamining,200,16,Resource Calendar 5183,3310.6211514824763,1119.891010507015
datamining,200,16,Resource Calendar 5189,2267.042238483015,710.433666279787
datamining,200,16,Resource Calendar 5221,1982.267955505337,985.6811592523114
datamining,200,16,Resource Calendar 5275,3025.0546507091776,1010.5852246970777
datamining,200,16,Resource Calendar 528,2616.4585910597602,1225.4274933969548
datamining,200,16,Resource Calendar 5290,2463.2337266394493,1195.4784134846695
datamining,200,16,Resource Calendar 5292,2518.596887920527,1653.6614494839876
datamining,200,16,Resource Calendar 5330,2711.1419950367026,1144.0429753007604
datamining,200,16,Resource Calendar 5396,2397.116711490447,1500.5811251338994
datamining,200,16,Resource Calendar 5488,2382.458494953362,954.3742000197865
datamining,200,16,Resource Calendar 5506,3579.460108884093,931.7376252896076
datamining,200,16,Resource Calendar 5571,2892.6228128640596,1150.185319811402
datamining,200,16,Resource Calendar 5573,3022.605383930362,1354.4903383059518
datamining,200,16,Resource Calendar 5588,2635.035856513978,986.0889288910361
datamining,200,16,Resource Calendar 559,2958.276023050558,1273.3273503605085
datamining,200,16,Resource Calendar 5593,2720.7548693040826,503.9413586223232
datamining,200,16,Resource Calendar 5613,2075.026488134778,608.8975468505835
datamining,200,16,Resource Calendar 5641,2249.822085715198,785.00546615248
datamining,200,16,Resource Calendar 566,2804.878964432334,751.0988090877984
datamining,200,16,Resource Calendar 5667,2766.4700283608854,1144.763111632475
datamining,200,16,Resource Calendar 5668,2604.688631516177,717.1665830668524
datamining,200,16,Resource Calendar 5714,2538.122968371475,862.0040274404805
datamining,200,16,Resource Calendar 5778,2501.3879322405205,1020.7905732142252
datamining,200,16,Resource Calendar 5793,3604.2543038929975,1315.0101785167396
datamining,200,16,Resource Calendar 5802,2617.3055024129158,1222.2145891380783
datamining,200,16,Resource Calendar 5858,2262.3950118314865,765.2065539161075
datamining,200,16,Resource Calendar 5883,3305.559965057801,1214.3405770767308
datamining,200,16,Resource Calendar 5972,2307.3357671476188,942.8690561937076
datamining,200,16,Resource Calendar 6004,3409.1535866474783,1368.827647781531
datamining,200,16,Resource Calendar 6039,3300.3989527362387,905.3644289744738
datamining,200,16,Resource Calendar 6101,2273.020617169926,1047.5851211113034
datamining,200,16,Resource Calendar 6107,3058.3298618637405,1066.3425908600314
datamining,200,16,Resource Calendar 6159,3070.9967948833246,996.2880525935497
datamining,200,16,Resource Calendar 6186,2719.4846105149586,889.6005434875165
datamining,200,16,Resource Calendar 6204,3401.2325699929143,1240.6944401483609
datamining,200,16,Resource Calendar 6229,2210.4977448564537,834.6832241785223
datamining,200,16,Resource Calendar 6231,3024.3689182678677,1133.7111974910883
datamining,200,16,Resource Calendar 6260,1754.2580637720405,486.3291316208339
datamining,200,16,Resource Calendar 6369,2864.28441455877,1050.3827912886914
datamining,200,16,Resource Calendar 6400,2438.419976546611,826.2940696551341
datamining,200,16,Resource Calendar 6410,3236.4541089812396,1141.6720924479425
datamining,200,16,Resource Calendar 6426,2672.5468294347743,1029.7452814707146
datamining,200,16,Resource Calendar 6437,2480.2761606683,1073.4019822572313
datamining,200,16,Resource Calendar 6469,2511.0144394875992,826.8020493986191
datamining,200,16,Resource Calendar 6497,2462.114527364353,658.2967549718803
datamining,200,16,Resource Calendar 6520,2918.102055584708,1162.6616749561365
datamining,200,16,Resource Calendar 6551,2888.3069713516825,1160.056650464752
datamining,200,16,Resource Calendar 6572,3004.742653495323,1035.978371795804
datamining,200,16,Resource Calendar 659,4023.425283534664,970.8426160246726
datamining,200,16,Resource Calendar 6598,2956.6431699807013,767.0270812480911
datamining,200,16,Resource Calendar 6625,2671.197033474667,788.0438159013065
datamining,200,16,Resource Calendar 6629,2446.3870486393325,815.8763333463637
datamining,200,16,Resource Calendar 6639,2815.6554798811735,876.3079780525288
datamining,200,16,Resource Calendar 669,3200.4815625428755,1064.052246296256
datamining,200,16,Resource Calendar 6694,2928.001371242147,1186.7460658021846
datamining,200,16,Resource Calendar 6723,2670.8258068902674,881.0300941995785
datamining,200,16,Resource Calendar 6767,3163.7918724233928,1189.4923977587794
datamining,200,16,Resource Calendar 677,2765.5953257761,1230.3840394966242
datamining,200,16,Resource Calendar 6799,2695.946603073614,1119.94884136116
datamining,200,16,Resource Calendar 6844,2800.253002544102,1227.7378169504448
datamining,200,16,Resource Calendar 6851,3319.2150079518888,1371.2627502390392
datamining,200,16,Resource Calendar 6872,3289.3660062808094,1257.9730556687864
datamining,200,16,Resource Calendar 6876,1398.7913474285115,860.2286027082201
datamining,200,16,Resource Calendar 6889,2985.8000027210196,1117.4700240548673
datamining,200,16,Resource Calendar 6894,2814.462370510025,1183.556490944971
datamining,200,16,Resource Calendar 695,3432.9979523563607,1409.2524022176603
datamining,200,16,Resource Calendar 6952,2842.1317985984756,597.5215997325771
datamining,200,16,Resource Calendar 6954,2475.3268991982504,698.0814536497705
datamining,200,16,Resource Calendar 6958,2822.0292004038497,821.6924511390812
datamining,200,16,Resource Calendar 6971,2302.9689650135333,803.0260591522396
datamining,200,16,Resource Calendar 6979,2624.428928600661,762.8176916204178
datamining,200,16,Resource Calendar 6985,3275.080356847275,1198.7083822731256
datamining,200,16,Resource Calendar 6987,2204.657913569857,1114.473463279894
datamining,200,16,Resource Calendar 6990,2033.620127774269,783.9962712717801
datamining,200,16,Resource Calendar 6995,2752.160230840794,1148.4483847279282
datamining,200,16,Resource Calendar 7007,2128.123129659507,900.967603993704
datamining,200,16,Resource Calendar 7010,1948.3916231528233,644.5131428005446
datamining,200,16,Resource Calendar 7019,1799.1603304718167,643.7995915928569
datamining,200,16,Resource Calendar 7039,1746.0868602156431,677.8703563008628
datamining,200,16,Resource Calendar 7071,2145.1242824346054,825.9652917035468
datamining,200,16,Resource Calendar 7080,2613.1693148424624,1080.5375929019135
datamining,200,16,Resource Calendar 7088,2434.936078148452,1096.941359130268
datamining,200,16,Resource Calendar 7091,2042.171061609421,879.1834077784868
datamining,200,16,Resource Calendar 7137,3187.889686400649,1048.5155602330515
datamining,200,16,Resource Calendar 7143,3592.9812069182126,1544.5624483715524
datamining,200,16,Resource Calendar 7144,2391.518241063104,938.0195972759876
datamining,200,16,Resource Calendar 7147,1980.0480094718084,576.0081168461102
datamining,200,16,Resource Calendar 716,3224.0893672489287,1112.0530814891424
datamining,200,16,Resource Calendar 7177,2694.360794308468,1140.9557828342952
datamining,200,16,Resource Calendar 7186,2840.6061649544395,937.2938627256935
datamining,200,16,Resource Calendar 7297,2955.687612883148,1475.0595031581956
datamining,200,16,Resource Calendar 7299,3479.748255482755,899.9566834878779
datamining,200,16,Resource Calendar 7304,2099.999388462305,785.8288416725115
datamining,200,16,Resource Calendar 7311,2356.5103572070134,1007.0225142768018
datamining,200,16,Resource Calendar 7314,3899.0276362562963,1192.7834041158947
datamining,200,16,Resource Calendar 7316,3095.0408553568045,805.0095049896178
datamining,200,16,Resource Calendar 7320,2655.766564854227,817.1335919318882
datamining,200,16,Resource Calendar 7323,3282.2591166119887,929.8337136877967
datamining,200,16,Resource Calendar 7324,2866.4700734803473,1235.240374503121
datamining,200,16,Resource Calendar 7331,3047.065597567459,1178.7261455494124
datamining,200,16,Resource Calendar 7355,2187.089117998964,733.2478479066996
datamining,200,16,Resource Calendar 7369,2856.6448205175643,1073.9714430385013
datamining,200,16,Resource Calendar 7374,1478.7325978010267,745.0324172782487
datamining,200,16,Resource Calendar 7387,2954.7832495970692,1212.7676683512436
datamining,200,16,Resource Calendar 7389,3496.7124070022965,898.8622035853037
datamining,200,16,Resource Calendar 7394,2781.2069576740246,1716.9948206221045
datamining,200,16,Resource Calendar 7423,3108.1879149667957,1120.432939254819
datamining,200,16,Resource Calendar 7490,2384.7152931304513,1016.1437275781583
datamining,200,16,Resource Calendar 7492,2321.3437903954036,1074.7414490884662
datamining,200,16,Resource Calendar 7518,1711.8851774688756,690.6908168976017
datamining,200,16,Resource Calendar 754,3643.675771967904,1183.4225085967116
datamining,200,16,Resource Calendar 7573,2798.054267311691,567.2112533025045
datamining,200,16,Resource Calendar 7574,3408.4114741394205,1168.7417906695944
datamining,200,16,Resource Calendar 7592,2443.877567302986,743.4352131271959
datamining,200,16,Resource Calendar 7599,3040.108321479472,1016.1008930157835
datamining,200,16,Resource Calendar 7611,2853.343871929528,857.2992589790957
datamining,200,16,Resource Calendar 7628,2422.33534867309,892.3004774208606
datamining,200,16,Resource Calendar 7638,3081.82832198889,991.6278545170618
datamining,200,16,Resource Calendar 7641,2659.1661960200295,963.1592020990914
datamining,200,16,Resource Calendar 7650,2867.2988828769003,1497.9354786446697
datamining,200,16,Resource Calendar 7660,2515.4088209879806,1019.440931871681
datamining,200,16,Resource Calendar 7664,2896.627257406002,622.0212955065821
datamining,200,16,Resource Calendar 7682,2258.8625797438967,995.4255510937958
datamining,200,16,Resource Calendar 7717,2248.530110844446,852.4755018821871
datamining,200,16,Resource Calendar 7736,2978.5016413812205,998.9205517598648
datamining,200,16,Resource Calendar 7763,2058.837612375149,620.6685728495253
datamining,200,16,Resource Calendar 7770,3085.4038109232324,1209.6506955568234
datamining,200,16,Resource Calendar 7775,2988.2878282889214,715.75042318991
datamining,200,16,Resource Calendar 7781,2057.172857415241,765.908262447449
datamining,200,16,Resource Calendar 7783,2757.7779344298506,978.6651102747916
datamining,200,16,Resource Calendar 7819,2532.5240763321776,853.4933130408698
datamining,200,16,Resource Calendar 7820,3167.416976660635,1248.2929578711546
datamining,200,16,Resource Calendar 7824,2312.495298894846,714.3215662447342
datamining,200,16,Resource Calendar 7836,2733.014725112668,802.2300144590564
datamining,200,16,Resource Calendar 7854,2475.5499946471264,768.7599878999599
datamining,200,16,Resource Calendar 7862,2800.133035093125,627.9135854775003
datamining,200,16,Resource Calendar 7897,2507.0728691489458,1403.670432061031
datamining,200,16,Resource Calendar 7963,3386.798798113914,1063.559214888404
datamining,200,16,Resource Calendar 8022,2177.31443925694,854.5959859205384
datamining,200,16,Resource Calendar 8032,2283.609652139176,764.27956079875
datamining,200,16,Resource Calendar 8033,3760.292890627631,1059.6988565034214
datamining,200,16,Resource Calendar 8064,2282.459347441357,775.6626169627289
datamining,200,16,Resource Calendar 8065,1929.1559584825309,679.6268539471922
datamining,200,16,Resource Calendar 8112,2586.6090810269516,1168.881458074787
datamining,200,16,Resource Calendar 8121,2531.7424829451684,1262.6330445032522
datamining,200,16,Resource Calendar 8139,2706.182064293771,1001.6928544062094
datamining,200,16,Resource Calendar 8142,1949.5669035371798,813.2082650553303
datamining,200,16,Resource Calendar 8147,2194.5275579593276,729.7579754670137
datamining,200,16,Resource Calendar 8160,2520.0173660456585,1223.6114762957145
datamining,200,16,Resource Calendar 8164,2762.150541208245,1007.5685948416782
datamining,200,16,Resource Calendar 8177,2521.196087690338,766.7693474131336
datamining,200,16,Resource Calendar 8186,3281.115563863975,884.7138952112172
datamining,200,16,Resource Calendar 8188,2527.7794119193313,792.0272009967384
datamining,200,16,Resource Calendar 8203,2765.0350621668777,1050.213570404517
datamining,200,16,Resource Calendar 8213,2669.490500763071,810.1690010352083
datamining,200,16,Resource Calendar 8223,3443.090318677823,1494.0606064890262
datamining,200,16,Resource Calendar 8225,1743.6256290699323,607.6681325428659
datamining,200,16,Resource Calendar 8248,2622.107059122621,1071.1874640891683
datamining,200,16,Resource Calendar 8263,3172.2013156430307,1134.4576697205014
datamining,200,16,Resource Calendar 8268,3167.2390912065803,1088.2715962982127
datamining,200,16,Resource Calendar 8365,3068.2512502791274,1332.9804651240474
datamining,200,16,Resource Calendar 8371,2983.598729943563,1218.5577683471934
datamining,200,16,Resource Calendar 8382,2364.0105622588485,703.5419531924567
datamining,200,16,Resource Calendar 8416,2282.1129520158684,918.5060942495197
datamining,200,16,Resource Calendar 8428,3180.116121736432,1275.742731556808
datamining,200,16,Resource Calendar 8443,3062.0893573139865,969.9227024083028
datamining,200,16,Resource Calendar 8450,2391.9327034524185,639.9029156941056
datamining,200,16,Resource Calendar 8455,2071.7279126400113,845.1955600294315
datamining,200,16,Resource Calendar 8461,2745.1012527012,997.2178433233759
datamining,200,16,Resource Calendar 8475,2661.7461962681195,634.6913738999963
datamining,200,16,Resource Calendar 8486,3333.757600342261,1174.1403900541932
datamining,200,16,Resource Calendar 8491,2874.888094427094,714.6600929045617
datamining,200,16,Resource Calendar 8498,2024.1505292455836,773.0892265036803
datamining,200,16,Resource Calendar 8525,2054.2683623586436,1024.1749978223386
datamining,200,16,Resource Calendar 8528,2695.8149560553775,1210.4491441966888
datamining,200,16,Resource Calendar 8532,1730.2290871141151,666.6477059286481
datamining,200,16,Resource Calendar 8536,2304.3276668434314,912.5957565875046
datamining,200,16,Resource Calendar 8556,2524.431611141417,912.3486397997698
datamining,200,16,Resource Calendar 8572,4270.957950452057,1434.599070241016
datamining,200,16,Resource Calendar 8587,2305.8124098633834,775.7784758306243
datamining,200,16,Resource Calendar 8588,2943.1643334015153,900.5321563101866
datamining,200,16,Resource Calendar 8614,2727.797820213379,713.1928446752287
datamining,200,16,Resource Calendar 8651,3441.935655840034,1419.3987738386609
datamining,200,16,Resource Calendar 8655,2724.657398021834,764.435553809147
datamining,200,16,Resource Calendar 8661,2674.2560243084067,903.2917488945412
datamining,200,16,Resource Calendar 8688,3218.75758311925,1353.5368112088395
datamining,200,16,Resource Calendar 8708,2600.366145078997,883.0322471010177
datamining,200,16,Resource Calendar 8727,2723.31935071109,866.2196437570547
datamining,200,16,Resource Calendar 8736,2018.0415740459832,889.8711159179433
datamining,200,16,Resource Calendar 8744,2721.8826089662225,851.4941053013467
datamining,200,16,Resource Calendar 8749,2553.399673826104,1401.3396744778845
datamining,200,16,Resource Calendar 8772,2224.8434535739125,661.4222115350101
datamining,200,16,Resource Calendar 8774,2129.731502794609,1029.8550963957132
datamining,200,16,Resource Calendar 8786,2084.344273812091,716.1466438320432
datamining,200,16,Resource Calendar 8797,3450.8606976564233,1317.4310686374988
datamining,200,16,Resource Calendar 8813,2901.7688054707683,970.3659130711507
datamining,200,16,Resource Calendar 8819,2344.4830932120753,1342.8145225481778
datamining,200,16,Resource Calendar 8824,2588.669650191347,957.5762013707495
datamining,200,16,Resource Calendar 8854,3033.9319696494176,872.6268432802765
datamining,200,16,Resource Calendar 8856,2520.3215053928334,1001.4283879371377
datamining,200,16,Resource Calendar 8882,2771.0941089013163,788.757377850398
datamining,200,16,Resource Calendar 8916,2096.089443026446,600.8815068943653
datamining,200,16,Resource Calendar 8955,2364.1436787478688,920.5727326659766
datamining,200,16,Resource Calendar 8973,2116.720843991583,840.2722015113656
datamining,200,16,Resource Calendar 8995,2875.3906392189583,1216.1118333971108
datamining,200,16,Resource Calendar 8997,2924.7745994808065,904.7573101101681
datamining,200,16,Resource Calendar 9146,3278.5507604178474,865.4489042906278
datamining,200,16,Resource Calendar 9154,2933.8085691850697,881.4947917822396
datamining,200,16,Resource Calendar 9184,2095.7509858274475,991.0066011823847
datamining,200,16,Resource Calendar 9187,2880.6069330139844,655.2884754107899
datamining,200,16,Resource Calendar 920,2412.694973790213,831.1446417170744
datamining,200,16,Resource Calendar 9249,2781.0632868393773,944.5744261512333
datamining,200,16,Resource Calendar 9298,1967.24698226794,591.4459153496146
datamining,200,16,Resource Calendar 9332,2729.3697420116346,882.913825949737
datamining,200,16,Resource Calendar 9335,3118.497018753645,881.6565593832368
datamining,200,16,Resource Calendar 9336,2635.932177560098,1246.1972703536983
datamining,200,16,Resource Calendar 9348,2004.8734224702794,655.4090832980531
datamining,200,16,Resource Calendar 9379,1640.205133140747,549.5284422375214
datamining,200,16,Resource Calendar 9384,3022.873607247324,1284.3757931915457
datamining,200,16,Resource Calendar 9404,1910.384354618376,802.854816566178
datamining,200,16,Resource Calendar 9420,2553.968347490797,836.6329983922432
datamining,200,16,Resource Calendar 9427,2279.29827929994,711.8315091164161
datamining,200,16,Resource Calendar 943,3183.297137777763,1108.4369305490893
datamining,200,16,Resource Calendar 9433,2945.136503355852,1177.4231046612754
datamining,200,16,Resource Calendar 9437,2901.952380869741,1168.6723891217675
datamining,200,16,Resource Calendar 9445,2505.2864547768813,1227.5356719023664
datamining,200,16,Resource Calendar 9449,3204.954921244635,1530.68953502057
datamining,200,16,Resource Calendar 9451,2373.5072536737457,895.1687900848696
datamining,200,16,Resource Calendar 9452,2318.7577799295505,961.8217057998442
datamining,200,16,Resource Calendar 9477,2689.729236786467,1117.8223100371845
datamining,200,16,Resource Calendar 9483,2705.408927719903,1044.8972862855044
datamining,200,16,Resource Calendar 9484,2689.1226366059404,640.7864780291563
datamining,200,16,Resource Calendar 9489,2825.8157237602272,1006.2725969759476
datamining,200,16,Resource Calendar 9509,2126.0232612128375,658.3302997156644
datamining,200,16,Resource Calendar 9519,3496.5398644512125,1313.116067203399
datamining,200,16,Resource Calendar 9531,3210.942969527283,995.806798761746
datamining,200,16,Resource Calendar 955,2851.3710798102297,1240.853031624983
datamining,200,16,Resource Calendar 957,3409.208330691011,1182.8997704734506
datamining,200,16,Resource Calendar 9711,4139.435111798263,1036.3260658869838
datamining,200,16,Resource Calendar 9761,1497.2197668635697,661.9250537075272
datamining,200,16,Resource Calendar 9872,1816.5999438974054,678.3090909139542
datamining,200,16,Resource Calendar 9886,2331.5989305713324,671.1269578916114
datamining,200,16,Resource Calendar 9890,2798.0085509824617,1148.4538938384974
datamining,200,16,Resource Calendar 9987,1521.3679311594265,527.5425922803278
datamining,200,16,Resource Calendar End,41965.71985606399,23032.620032244122
datamining,200,16,Resource Calendar Start,28659.301577548635,15542.591344917799
datamining,300,16,Resource Calendar 1,3188.6265515297723,1053.42346564365
datamining,300,16,Resource Calendar 1007,3244.085087985259,1165.5128189742095
datamining,300,16,Resource Calendar 10168,2519.3093825707397,1085.0198244492185
datamining,300,16,Resource Calendar 10176,2614.709611541139,855.1144263320159
datamining,300,16,Resource Calendar 10183,2330.5742687372885,771.9071198888074
datamining,300,16,Resource Calendar 10228,2703.644838031166,803.6471213725663
datamining,300,16,Resource Calendar 10280,2585.5030142992837,1112.3715817363034
datamining,300,16,Resource Calendar 10296,2264.2134508654394,796.8709713440353
datamining,300,16,Resource Calendar 10348,3098.9551442539323,1051.7650089306321
datamining,300,16,Resource Calendar 10665,2466.744150569869,491.49915394478757
datamining,300,16,Resource Calendar 10716,1477.284901374939,726.9782108600986
datamining,300,16,Resource Calendar 10726,2059.8471302896933,549.9877370874015
datamining,300,16,Resource Calendar 10742,2427.703605907731,1084.7218219364677
datamining,300,16,Resource Calendar 10923,1838.8169757962476,781.6688553987956
datamining,300,16,Resource Calendar 10962,2132.406930936856,936.8515659179831
datamining,300,16,Resource Calendar 10995,2825.4669272934525,846.0792907541982
datamining,300,16,Resource Calendar 11041,3313.5606559133184,782.8161196653398
datamining,300,16,Resource Calendar 1113,3134.8839593724856,1040.2309694256794
datamining,300,16,Resource Calendar 11150,3577.6821209441496,1139.393084658608
datamining,300,16,Resource Calendar 11159,2867.282960516492,851.3160697776725
datamining,300,16,Resource Calendar 11174,2560.8710808594637,778.5097732521068
datamining,300,16,Resource Calendar 11175,2572.8914978690714,982.28032839329
datamining,300,16,Resource Calendar 11181,2479.0656805310755,998.5236301665725
datamining,300,16,Resource Calendar 11197,3391.3151935292294,1413.3654414156535
datamining,300,16,Resource Calendar 11204,2289.264222309463,814.2663869046971
datamining,300,16,Resource Calendar 11218,2423.0324324499034,782.4809312458148
datamining,300,16,Resource Calendar 11302,2916.20402259607,781.1609019050192
datamining,300,16,Resource Calendar 11314,2277.012922365939,773.097461320331
datamining,300,16,Resource Calendar 11327,3166.9882589036574,737.1661856648911
datamining,300,16,Resource Calendar 1134,2635.7142431204406,889.7821546092746
datamining,300,16,Resource Calendar 11342,3580.153394975857,1308.1457594781932
datamining,300,16,Resource Calendar 11349,1937.1721384682105,628.578233968181
datamining,300,16,Resource Calendar 11353,2391.9869284397587,630.6321932360241
datamining,300,16,Resource Calendar 11387,3178.638812078313,1068.557742853468
datamining,300,16,Resource Calendar 11393,2404.2930669480666,849.3281864371651
datamining,300,16,Resource Calendar 11395,2854.3848753273687,803.1105883825272
datamining,300,16,Resource Calendar 11415,2047.2361657490999,693.9680333373525
datamining,300,16,Resource Calendar 11469,2769.2662697092333,813.9807996480835
datamining,300,16,Resource Calendar 11509,3302.3622313576348,789.0167244004864
datamining,300,16,Resource Calendar 11515,2131.792648895847,681.78234546135
datamining,300,16,Resource Calendar 11548,2402.410871870025,1006.0806661825104
datamining,300,16,Resource Calendar 11557,2442.170237944708,877.4666518556588
datamining,300,16,Resource Calendar 11568,1971.6683815739545,682.0748411640254
datamining,300,16,Resource Calendar 11571,2585.1299248146106,715.0358097369212
datamining,300,16,Resource Calendar 11583,2245.9416620614593,1032.3226469313897
datamining,300,16,Resource Calendar 11611,2617.3481083254687,949.4277616344808
datamining,300,16,Resource Calendar 11613,2916.3762511958225,1141.6258760473447
datamining,300,16,Resource Calendar 11614,2397.3154585786415,917.9342430541997
datamining,300,16,Resource Calendar 11653,1892.2257738131823,776.2344553277769
datamining,300,16,Resource Calendar 11678,2709.924403054016,1172.2489143083794
datamining,300,16,Resource Calendar 11692,2019.2385001585692,885.6246824969556
datamining,300,16,Resource Calendar 117,3037.4868754742265,1300.6820589376748
datamining,300,16,Resource Calendar 11706,3402.141969196355,1069.7929774280785
datamining,300,16,Resource Calendar 11759,2700.8869572246417,924.9336995524051
datamining,300,16,Resource Calendar 11760,2468.329893546988,753.7580011030993
datamining,300,16,Resource Calendar 11772,2229.7484563724447,696.9558154512061
datamining,300,16,Resource Calendar 11775,2697.4844512389946,737.2016823253296
datamining,300,16,Resource Calendar 11799,2402.983132336352,879.3259022227279
datamining,300,16,Resource Calendar 11805,3152.8315292309076,1583.3748168014347
datamining,300,16,Resource Calendar 11811,1768.9626491320873,617.7441808653084
datamining,300,16,Resource Calendar 11829,2343.5295181338915,1176.5843494389783
datamining,300,16,Resource Calendar 11854,2168.0215848846215,898.0815935266481
datamining,300,16,Resource Calendar 11858,2326.3792800472556,1043.789482327666
datamining,300,16,Resource Calendar 11861,2591.366061766081,691.1538399645162
datamining,300,16,Resource Calendar 11959,2063.296675016039,868.1629575636518
datamining,300,16,Resource Calendar 11961,2484.008780423422,961.0819473014341
datamining,300,16,Resource Calendar 11973,2799.947972481911,1377.8254546110688
datamining,300,16,Resource Calendar 11993,2237.1316070253433,656.8670464738668
datamining,300,16,Resource Calendar 12006,2311.9012907363744,637.4452224801387
datamining,300,16,Resource Calendar 12062,2741.578245073303,803.82890325139
datamining,300,16,Resource Calendar 12093,2588.8374967735735,1038.1957458415689
datamining,300,16,Resource Calendar 12129,1849.9693796533545,680.1428195095473
datamining,300,16,Resource Calendar 12175,2989.4274773916095,1213.569257396346
datamining,300,16,Resource Calendar 12196,2488.0483529721914,601.9394101447838
datamining,300,16,Resource Calendar 12452,2991.95315479756,1367.8111232191832
datamining,300,16,Resource Calendar 12459,2176.877858724823,776.7423769661465
datamining,300,16,Resource Calendar 12521,2418.7914856000525,659.9069352012222
datamining,300,16,Resource Calendar 12532,2076.333727207951,1065.8601857899835
datamining,300,16,Resource Calendar 12535,2213.530082236924,749.7525701795976
datamining,300,16,Resource Calendar 12548,2261.93696114848,784.2251553120119
datamining,300,16,Resource Calendar 12814,2518.13232464607,1101.1073067192258
datamining,300,16,Resource Calendar 12836,2699.204556582411,954.3979781713948
datamining,300,16,Resource Calendar 12915,3105.093194141476,976.3970347005645
datamining,300,16,Resource Calendar 12935,2778.534996036681,925.8343615193405
datamining,300,16,Resource Calendar 1295,2092.4240954383067,816.0899604248788
datamining,300,16,Resource Calendar 13014,2449.788495596801,842.4809484458567
datamining,300,16,Resource Calendar 1314,2498.892076435841,563.577000636573
datamining,300,16,Resource Calendar 1343,4985.103178646615,1562.8575695784077
datamining,300,16,Resource Calendar 13544,2074.9007666173384,852.3810326211184
datamining,300,16,Resource Calendar 13559,2731.9969015281613,891.2202873391099
datamining,300,16,Resource Calendar 13733,2830.8061224670696,1051.8932783196212
datamining,300,16,Resource Calendar 1378,2273.327014100356,953.9189897760617
datamining,300,16,Resource Calendar 13803,2490.712790165299,733.1666657346999
datamining,300,16,Resource Calendar 14126,2048.7432565620807,371.6139243265176
datamining,300,16,Resource Calendar 14128,2004.09275046031,941.3231301405928
datamining,300,16,Resource Calendar 1422,2318.48262796752,694.9356570675883
datamining,300,16,Resource Calendar 14440,3016.0509175090465,945.2013037545161
datamining,300,16,Resource Calendar 1471,2765.1050582154594,1259.8118828040433
datamining,300,16,Resource Calendar 15057,2765.8424464231543,926.3443951842742
datamining,300,16,Resource Calendar 1515,2263.235029441433,906.5740349021384
datamining,300,16,Resource Calendar 1524,2361.3725913499425,758.0785886860233
datamining,300,16,Resource Calendar 15315,4148.115194358394,1254.4933146255205
datamining,300,16,Resource Calendar 15323,2459.676868996373,863.9905141991571
datamining,300,16,Resource Calendar 15345,2377.137904145817,678.2722438387177
datamining,300,16,Resource Calendar 15352,2773.9404845672043,1057.9546590947632
datamining,300,16,Resource Calendar 15356,2784.4512544621316,970.8538551793428
datamining,300,16,Resource Calendar 15370,2822.1109679314336,1166.5058242220493
datamining,300,16,Resource Calendar 15547,2240.7927230863365,851.4044757642937
datamining,300,16,Resource Calendar 15612,2038.7035447413957,574.5613122628091
datamining,300,16,Resource Calendar 157,3030.6624569853107,1176.989446786287
datamining,300,16,Resource Calendar 15862,2602.906877902512,915.9512268051615
datamining,300,16,Resource Calendar 15884,3167.0382395457245,957.3785942582161
datamining,300,16,Resource Calendar 15930,3149.285666117348,913.2438090640267
datamining,300,16,Resource Calendar 15957,2971.9420439437304,629.0437274580546
datamining,300,16,Resource Calendar 16273,2001.9798548957015,859.8408711908736
datamining,300,16,Resource Calendar 163,2574.954380449008,1086.3450584342258
datamining,300,16,Resource Calendar 1646,2598.221498981493,1082.6252901813662
datamining,300,16,Resource Calendar 16695,2482.2864045339643,770.4926703265588
datamining,300,16,Resource Calendar 1684,1998.348990272613,732.9957541295084
datamining,300,16,Resource Calendar 1707,2341.3272166103625,776.630808594744
datamining,300,16,Resource Calendar 17296,2280.5395098804606,790.5881721342
datamining,300,16,Resource Calendar 17379,2759.189626555129,1145.9453363178436
datamining,300,16,Resource Calendar 17525,2763.728473883536,750.2363999198557
datamining,300,16,Resource Calendar 17625,2778.930723194341,934.3261445297915
datamining,300,16,Resource Calendar 17642,2494.899302839061,1027.8375540986215
datamining,300,16,Resource Calendar 17769,2018.994290913679,869.0691548367776
datamining,300,16,Resource Calendar 17807,2780.0522081510585,795.9882659232853
datamining,300,16,Resource Calendar 17872,1875.9321218772889,768.2292357241583
datamining,300,16,Resource Calendar 1792,1835.8442493859973,852.4058275293644
datamining,300,16,Resource Calendar 1795,2351.6733006211057,669.2532665851751
datamining,300,16,Resource Calendar 17965,2497.3030343966434,747.6493833675851
datamining,300,16,Resource Calendar 18289,2227.184277417846,886.3765675338385
datamining,300,16,Resource Calendar 18317,1911.1808797074416,634.9653420204078
datamining,300,16,Resource Calendar 18501,1805.7124675859998,587.0415972419986
datamining,300,16,Resource Calendar 186,2167.3434949316866,871.5506133293088
datamining,300,16,Resource Calendar 1860,2745.8062016042823,713.2949691067424
datamining,300,16,Resource Calendar 18760,2632.591668075768,821.8975424746077
datamining,300,16,Resource Calendar 18929,2664.189502019342,1160.552086405726
datamining,300,16,Resource Calendar 18942,2915.3228048309456,788.530257490643
datamining,300,16,Resource Calendar 19019,4046.1214680981575,1413.8982755281527
datamining,300,16,Resource Calendar 1910,2565.2082098789106,843.7819342430448
datamining,300,16,Resource Calendar 19214,2396.4076026713974,775.897605509309
datamining,300,16,Resource Calendar 19295,3001.9282515916775,1138.1211764917243
datamining,300,16,Resource Calendar 19296,2027.8877760417254,715.2749873525391
datamining,300,16,Resource Calendar 1934,2909.9560134971457,928.4834414223145
datamining,300,16,Resource Calendar 19422,3132.3808875399664,813.4145980066733
datamining,300,16,Resource Calendar 19531,2955.6371924038976,1299.4249459373625
datamining,300,16,Resource Calendar 19572,2943.0161879097673,1129.6726232816288
datamining,300,16,Resource Calendar 19582,2546.2795804497937,1038.7069613265317
datamining,300,16,Resource Calendar 1959,2229.7789495950083,776.732124071642
datamining,300,16,Resource Calendar 19591,1710.0506929342346,717.4256177160227
datamining,300,16,Resource Calendar 19692,2643.383562038913,958.2405794042638
datamining,300,16,Resource Calendar 19746,2182.585202934628,720.9262404803487
datamining,300,16,Resource Calendar 19811,1953.5104390809893,865.6802315136545
datamining,300,16,Resource Calendar 19916,2492.035688156833,822.4452521394433
datamining,300,16,Resource Calendar 1995,2378.2015509203425,735.7376524945652
datamining,300,16,Resource Calendar 20194,2450.652164816523,765.6276850826689
datamining,300,16,Resource Calendar 2045,1989.757009176974,573.8716224216724
datamining,300,16,Resource Calendar 2091,2262.314282993145,739.1254979461633
datamining,300,16,Resource Calendar 21188,2946.0036431494427,1180.4184308158071
datamining,300,16,Resource Calendar 2133,2910.011284103636,966.666043488988
datamining,300,16,Resource Calendar 2144,1703.0476159572786,617.8416980005237
datamining,300,16,Resource Calendar 2150,2512.157560741149,722.6825107278818
datamining,300,16,Resource Calendar 2154,2655.0044556269954,939.8260038560771
datamining,300,16,Resource Calendar 21562,2037.0236817078483,1082.4885193509012
datamining,300,16,Resource Calendar 22074,3648.3901464912165,1243.3425124801106
datamining,300,16,Resource Calendar 22377,2047.57050814493,663.0094621342882
datamining,300,16,Resource Calendar 22404,2378.2760240712746,1309.9323403106087
datamining,300,16,Resource Calendar 22437,1725.9178498128797,687.4566145355659
datamining,300,16,Resource Calendar 22438,2548.84663037146,897.0387184790291
datamining,300,16,Resource Calendar 22439,2854.0851818834053,616.0725733591091
datamining,300,16,Resource Calendar 22475,2480.9885234735398,1357.9284706891594
datamining,300,16,Resource Calendar 22476,2932.4741460508662,810.7216042849769
datamining,300,16,Resource Calendar 22478,2933.674965658235,1326.5188474638144
datamining,300,16,Resource Calendar 22485,1817.9454939863867,707.694364588318
datamining,300,16,Resource Calendar 22490,1694.8736321790175,650.5476411064254
datamining,300,16,Resource Calendar 22491,2877.558871500954,919.3026399701458
datamining,300,16,Resource Calendar 22496,2514.630028245374,704.1499872867419
datamining,300,16,Resource Calendar 22529,2343.659825354331,632.1722892801663
datamining,300,16,Resource Calendar 22533,2306.6446187370125,798.647551526077
datamining,300,16,Resource Calendar 22534,2721.0874556011972,1000.1934238849939
datamining,300,16,Resource Calendar 22543,2939.928690026733,910.6945638842906
datamining,300,16,Resource Calendar 22560,2326.281315075849,782.2506082713941
datamining,300,16,Resource Calendar 22592,2435.4049503063075,959.0574669991646
datamining,300,16,Resource Calendar 22624,1821.931594249433,665.2189298144475
datamining,300,16,Resource Calendar 22736,1975.7780431085546,638.6634890162824
datamining,300,16,Resource Calendar 2274,2826.138579360183,1126.954835709398
datamining,300,16,Resource Calendar 22785,2500.7380376598817,654.7539522487679
datamining,300,16,Resource Calendar 22795,2502.922311743035,767.8177268732793
datamining,300,16,Resource Calendar 22829,2375.1054069113015,797.3696486786287
datamining,300,16,Resource Calendar 2292,2267.9598834158573,898.527955724773
datamining,300,16,Resource Calendar 22940,3499.200347151894,1075.9910929732923
datamining,300,16,Resource Calendar 22950,1623.1292308707548,1008.1696003238518
datamining,300,16,Resource Calendar 22962,2959.697730725396,967.6621590521876
datamining,300,16,Resource Calendar 23335,2459.719997420904,1426.0831905365565
datamining,300,16,Resource Calendar 23530,2971.3604478003012,965.3043593446872
datamining,300,16,Resource Calendar 23842,2420.838020388459,1099.9077538120948
datamining,300,16,Resource Calendar 2391,2717.2568790470423,872.0730129633963
datamining,300,16,Resource Calendar 23934,2736.835827503689,795.1027721803492
datamining,300,16,Resource Calendar 23978,2947.1260385590294,1001.9168938129399
datamining,300,16,Resource Calendar 2408,1536.704567561898,631.9362190317756
datamining,300,16,Resource Calendar 241,2834.974670215761,921.4281191060077
datamining,300,16,Resource Calendar 2440,2347.9208918026875,851.2460571875723
datamining,300,16,Resource Calendar 24517,2692.596166128666,886.1994871897589
datamining,300,16,Resource Calendar 24519,2250.8701159232055,863.7886350212001
datamining,300,16,Resource Calendar 2453,2118.910095354543,456.1927254988026
datamining,300,16,Resource Calendar 24536,2853.1021034018067,1450.8155866345764
datamining,300,16,Resource Calendar 24544,3054.0664897751044,1255.9358039162937
datamining,300,16,Resource Calendar 2463,2489.8869411240803,962.1646150510969
datamining,300,16,Resource Calendar 2465,2787.3909905141318,790.8744166313455
datamining,300,16,Resource Calendar 2506,2719.4038980764226,1261.1170026259692
datamining,300,16,Resource Calendar 2512,1952.6371272481022,754.0831675887104
datamining,300,16,Resource Calendar 25141,2727.8108384297416,1051.9605740056345
datamining,300,16,Resource Calendar 2541,2849.544000663873,1205.1427559196904
datamining,300,16,Resource Calendar 261,2208.301075475899,821.2150860202189
datamining,300,16,Resource Calendar 26147,3436.7411303608246,649.7841234299966
datamining,300,16,Resource Calendar 26248,2305.527052893258,836.7694894749732
datamining,300,16,Resource Calendar 26259,3233.66377526398,860.0269818401999
datamining,300,16,Resource Calendar 26271,2842.5475307425377,1040.3148185156365
datamining,300,16,Resource Calendar 26298,2446.2278363151113,710.1520716769137
datamining,300,16,Resource Calendar 26321,2052.6730223268687,860.7216799347955
datamining,300,16,Resource Calendar 26344,2272.1517690629544,1012.5844501478884
datamining,300,16,Resource Calendar 26348,2075.0374350703078,781.5787300500436
datamining,300,16,Resource Calendar 26359,1867.950156342367,752.5236495909014
datamining,300,16,Resource Calendar 2649,2026.7702844403993,897.338446322613
datamining,300,16,Resource Calendar 26756,2173.326735587937,539.5114433738167
datamining,300,16,Resource Calendar 26757,2296.1482123646933,892.8390807029772
datamining,300,16,Resource Calendar 26758,2314.1479964109353,953.629767129394
datamining,300,16,Resource Calendar 26759,2607.097437223398,823.1497439030039
datamining,300,16,Resource Calendar 26762,2705.2343929037947,936.3491287138651
datamining,300,16,Resource Calendar 26763,2723.0574130464656,1205.6053810777726
datamining,300,16,Resource Calendar 26767,3374.452797470519,1336.166908008219
datamining,300,16,Resource Calendar 26772,3069.890852584434,1112.8871540302532
datamining,300,16,Resource Calendar 26780,2308.2006980033807,710.0711464218517
datamining,300,16,Resource Calendar 26788,2886.6601381502433,768.6285779346113
datamining,300,16,Resource Calendar 26789,2742.7386779844196,931.1360988529499
datamining,300,16,Resource Calendar 26793,2115.6604262659803,1043.5860845945717
datamining,300,16,Resource Calendar 26796,1569.5570784697488,688.8171846977416
datamining,300,16,Resource Calendar 27293,2923.402449170959,985.9409117248538
datamining,300,16,Resource Calendar 2735,3293.8056548214413,1166.4314201561847
datamining,300,16,Resource Calendar 2740,2411.8040599303827,870.2339285956728
datamining,300,16,Resource Calendar 2804,2800.524822331593,902.7069067125873
datamining,300,16,Resource Calendar 2834,2952.784124286448,1186.7856397685628
datamining,300,16,Resource Calendar 28881,3082.789775202046,877.3081110150724
datamining,300,16,Resource Calendar 2925,2389.4591528818937,821.404076671749
datamining,300,16,Resource Calendar 29274,2391.3197540124015,1038.4954083610303
datamining,300,16,Resource Calendar 29276,1622.4571917690296,538.3109485069537
datamining,300,16,Resource Calendar 29277,3219.2076955951507,1177.738077577428
datamining,300,16,Resource Calendar 29280,3184.289404235163,1171.1837240957082
datamining,300,16,Resource Calendar 29281,2275.947342792403,845.5219497614523
datamining,300,16,Resource Calendar 294,2983.683058296092,913.6436786066071
datamining,300,16,Resource Calendar 29577,2227.7255830566023,492.7271170450848
datamining,300,16,Resource Calendar 29578,2854.5724785880952,675.388995508716
datamining,300,16,Resource Calendar 29579,2528.3085574022634,1081.4342530374317
datamining,300,16,Resource Calendar 2970,2670.5092583879978,858.4249384770409
datamining,300,16,Resource Calendar 29704,2664.2141566006135,892.6613448123828
datamining,300,16,Resource Calendar 2981,3076.8895802999973,991.0091658116266
datamining,300,16,Resource Calendar 3003,3032.5888718704787,935.0431194091946
datamining,300,16,Resource Calendar 3019,2592.7498792553124,994.4629948313872
datamining,300,16,Resource Calendar 305,3162.625271104971,1531.5866345884929
datamining,300,16,Resource Calendar 3057,2216.504794248652,932.2196972708473
datamining,300,16,Resource Calendar 308,3557.2531630658827,883.4963436945065
datamining,300,16,Resource Calendar 3108,2121.9075483416204,1262.239547543827
datamining,300,16,Resource Calendar 3113,2118.3182709113316,649.1454255345628
datamining,300,16,Resource Calendar 3149,2750.935073559555,722.0927994947535
datamining,300,16,Resource Calendar 3296,2164.9621845839197,475.4831060375666
datamining,300,16,Resource Calendar 3409,2290.387101393532,1316.6056657889908
datamining,300,16,Resource Calendar 341,2193.1365759040973,827.9399173945118
datamining,300,16,Resource Calendar 3421,3111.8450688782195,794.6813326449652
datamining,300,16,Resource Calendar 3445,2834.0497494654937,1021.1047978306709
datamining,300,16,Resource Calendar 3480,2573.5967233449237,1072.686083421387
datamining,300,16,Resource Calendar 3502,2577.035481307615,781.7352141828015
datamining,300,16,Resource Calendar 3510,2638.935196624522,819.4820492377737
datamining,300,16,Resource Calendar 3603,2736.75448967254,957.973669558801
datamining,300,16,Resource Calendar 3656,3605.532376337075,838.3618128878256
datamining,300,16,Resource Calendar 369,2255.2370767139532,716.3696826780231
datamining,300,16,Resource Calendar 3695,2879.9181515297637,835.5403472466654
datamining,300,16,Resource Calendar 3703,2083.5152580858544,1145.5304511117033
datamining,300,16,Resource Calendar 3729,2788.719123203895,1155.551631489373
datamining,300,16,Resource Calendar 3747,1969.7323353844301,943.6587749586536
datamining,300,16,Resource Calendar 3796,3738.4090633664887,1015.8883129296843
datamining,300,16,Resource Calendar 3815,1935.0645619048616,1011.1101149255667
datamining,300,16,Resource Calendar 387,2413.665329754452,991.0743245584878
datamining,300,16,Resource Calendar 3917,2597.1128570734168,948.954068163069
datamining,300,16,Resource Calendar 3926,2685.484776376791,895.417287995233
datamining,300,16,Resource Calendar 397,3108.1748466919844,1059.656361499185
datamining,300,16,Resource Calendar 4032,2367.99844702358,1031.808274467478
datamining,300,16,Resource Calendar 4067,2870.3954180789847,1006.159731610178
datamining,300,16,Resource Calendar 410,3756.5133829786437,1054.1594862936413
datamining,300,16,Resource Calendar 4126,1893.3845881952886,642.7503049639082
datamining,300,16,Resource Calendar 4130,2161.4549456031577,974.6800030473984
datamining,300,16,Resource Calendar 4148,2490.8703775900267,876.2418110164919
datamining,300,16,Resource Calendar 436,2202.8460735367667,681.6991783931275
datamining,300,16,Resource Calendar 4441,1920.5516917324287,842.7487569050318
datamining,300,16,Resource Calendar 4457,2744.495063167433,827.6501537193462
datamining,300,16,Resource Calendar 448,2925.718613761098,811.0343599763645
datamining,300,16,Resource Calendar 4560,2355.0814902531088,941.546319597644
datamining,300,16,Resource Calendar 4701,1738.6992638843792,734.0889779951127
datamining,300,16,Resource Calendar 4708,3720.934353575989,851.7503905346651
datamining,300,16,Resource Calendar 4745,1836.6224951735212,759.023005472086
datamining,300,16,Resource Calendar 4765,2718.663747223861,859.0369996576462
datamining,300,16,Resource Calendar 4834,1937.2589789653741,849.72694109834
datamining,300,16,Resource Calendar 4840,2670.222233466912,1331.301552863265
datamining,300,16,Resource Calendar 4867,2933.653256885024,965.7648358590094
datamining,300,16,Resource Calendar 49,2896.46317376968,1084.4314492229223
datamining,300,16,Resource Calendar 4905,2513.4529747513384,685.0993312370454
datamining,300,16,Resource Calendar 4912,2476.5193353632367,1052.512575471057
datamining,300,16,Resource Calendar 4913,2187.207628578845,829.3903003254994
datamining,300,16,Resource Calendar 4918,1466.6589487419574,577.1043818364884
datamining,300,16,Resource Calendar 4924,2161.351076928095,608.0721562068012
datamining,300,16,Resource Calendar 5020,2414.4913664145624,978.8863455501954
datamining,300,16,Resource Calendar 5028,1179.8818178754057,558.990592366
datamining,300,16,Resource Calendar 5064,2795.2599662077077,1136.128655815567
datamining,300,16,Resource Calendar 5151,1740.561954841681,801.0501675622229
datamining,300,16,Resource Calendar 5154,2831.971269485751,1020.0748768836986
datamining,300,16,Resource Calendar 5183,4255.544436928,1290.4538340942265
datamining,300,16,Resource Calendar 5189,3355.9871973073464,845.2706480461593
datamining,300,16,Resource Calendar 5221,2784.213674182499,1068.66806130561
datamining,300,16,Resource Calendar 5275,2373.8142670803186,801.04416155135
datamining,300,16,Resource Calendar 528,2755.6642477471573,817.4444389388324
datamining,300,16,Resource Calendar 5290,2621.7726871024242,952.9904105083211
datamining,300,16,Resource Calendar 5292,2196.2105050635973,1006.5306113978912
datamining,300,16,Resource Calendar 5330,1729.066818787072,590.8835469396616
datamining,300,16,Resource Calendar 5396,2575.5219894433835,676.4673676374873
datamining,300,16,Resource Calendar 5488,2757.259215525203,1349.307173427031
datamining,300,16,Resource Calendar 5506,2972.7916138687974,565.0297491376501
datamining,300,16,Resource Calendar 5571,2482.939595578224,818.4206923799779
datamining,300,16,Resource Calendar 5573,2731.792821660844,658.3363878162303
datamining,300,16,Resource Calendar 5588,2402.2850895777838,933.0893093297354
datamining,300,16,Resource Calendar 559,3528.8718918154095,1190.9431386970764
datamining,300,16,Resource Calendar 5593,2125.291825662053,791.7605762709718
datamining,300,16,Resource Calendar 5613,3081.3422977247715,1224.1633973466135
datamining,300,16,Resource Calendar 5641,3097.639873681316,912.041313227255
datamining,300,16,Resource Calendar 566,2798.0306559166215,990.680855573599
datamining,300,16,Resource Calendar 5667,2375.8260450084927,1092.9219617025656
datamining,300,16,Resource Calendar 5668,3186.0866911552057,631.9391327924262
datamining,300,16,Resource Calendar 5714,2716.9205620506305,876.2193083915179
datamining,300,16,Resource Calendar 5778,2698.353380503195,926.3651497058938
datamining,300,16,Resource Calendar 5793,2051.723810472513,832.228109482614
datamining,300,16,Resource Calendar 5802,2179.525558971985,640.6840793625394
datamining,300,16,Resource Calendar 5858,2499.9244039054975,910.0038992502903
datamining,300,16,Resource Calendar 5883,3443.673613106812,972.9192301638044
datamining,300,16,Resource Calendar 5972,1621.6269023803973,569.1088774387154
datamining,300,16,Resource Calendar 6004,2551.9480699900155,1013.4033020405578
datamining,300,16,Resource Calendar 6039,3383.7543095232986,1225.4974493899808
datamining,300,16,Resource Calendar 6101,3269.427702534883,922.6045779694349
datamining,300,16,Resource Calendar 6107,1980.106998113118,589.1629301238992
datamining,300,16,Resource Calendar 6159,2023.7038963314744,773.6629313165108
datamining,300,16,Resource Calendar 6186,2038.4920440582664,890.7984613290976
datamining,300,16,Resource Calendar 6204,2737.9632893932558,956.5818252449957
datamining,300,16,Resource Calendar 6229,3391.1872822435275,981.7029906551682
datamining,300,16,Resource Calendar 6231,2607.4126469025246,1164.669462801983
datamining,300,16,Resource Calendar 6260,3324.2298484244598,963.0429561125677
datamining,300,16,Resource Calendar 6369,3444.56392375187,1055.541485257355
datamining,300,16,Resource Calendar 6400,3007.5171980610507,891.062724096389
datamining,300,16,Resource Calendar 6410,1747.367986049021,983.3628349719382
datamining,300,16,Resource Calendar 6426,2461.963774886675,1003.9249348204593
datamining,300,16,Resource Calendar 6437,3706.4526519125775,1319.0291411217254
datamining,300,16,Resource Calendar 6469,2586.1198078923767,922.1109640971719
datamining,300,16,Resource Calendar 6497,3800.837271364751,1395.505965989742
datamining,300,16,Resource Calendar 6520,2932.1476066439877,992.9869837095052
datamining,300,16,Resource Calendar 6551,3161.2963231331864,598.6539069060125
datamining,300,16,Resource Calendar 6572,1791.03129695136,728.1146348750037
datamining,300,16,Resource Calendar 659,3226.866262560231,950.1895950558603
datamining,300,16,Resource Calendar 6598,2995.5828496861673,1355.3691232098477
datamining,300,16,Resource Calendar 6625,1549.0574032755953,430.224722827509
datamining,300,16,Resource Calendar 6629,2720.205166399161,872.4950070828852
datamining,300,16,Resource Calendar 6639,2745.794159341773,687.2627937632493
datamining,300,16,Resource Calendar 669,1337.9981434311987,498.99238616862306
datamining,300,16,Resource Calendar 6694,2296.8557999359746,827.3718818013792
datamining,300,16,Resource Calendar 6723,2908.1844311277414,1129.8657283309917
datamining,300,16,Resource Calendar 6767,1896.6777324332359,808.8682655474406
datamining,300,16,Resource Calendar 677,3047.17975930118,1211.9186483158146
datamining,300,16,Resource Calendar 6799,1525.7500953040137,492.38665418562624
datamining,300,16,Resource Calendar 6844,2676.3433463676515,913.7090159499506
datamining,300,16,Resource Calendar 6851,2829.1948064429416,747.189034582531
datamining,300,16,Resource Calendar 6872,2177.0427769104454,866.9583377416084
datamining,300,16,Resource Calendar 6876,2985.5395374102295,993.4175125765876
datamining,300,16,Resource Calendar 6889,2802.729771909811,1031.240990413461
datamining,300,16,Resource Calendar 6894,2775.108864171944,961.2719101759462
datamining,300,16,Resource Calendar 695,2567.9162746008874,848.4752723946766
datamining,300,16,Resource Calendar 6952,2640.7286060006063,752.6876943278996
datamining,300,16,Resource Calendar 6954,1328.0878724640631,669.7184720714957
datamining,300,16,Resource Calendar 6958,2894.7166040805255,1160.1204999538131
datamining,300,16,Resource Calendar 6971,3052.125475299984,1001.8676352318967
datamining,300,16,Resource Calendar 6979,3217.88414598342,1129.6042862317718
datamining,300,16,Resource Calendar 6985,3165.066769029245,919.5763629245483
datamining,300,16,Resource Calendar 6987,3051.8731010657725,943.8657640800627
datamining,300,16,Resource Calendar 6990,1481.7861473673413,395.3527757882148
datamining,300,16,Resource Calendar 6995,2375.9550470845475,755.7340174408174
datamining,300,16,Resource Calendar 7007,2061.877462210514,732.0600611062597
datamining,300,16,Resource Calendar 7010,2660.945653016282,844.5929092311327
datamining,300,16,Resource Calendar 7019,3401.369738129154,1095.3872298594952
datamining,300,16,Resource Calendar 7039,2123.377468806718,480.7078221619523
datamining,300,16,Resource Calendar 7071,2261.752341462725,749.8946620907384
datamining,300,16,Resource Calendar 7080,3400.43379193238,1030.4210045787383
datamining,300,16,Resource Calendar 7088,2388.7766596520787,1083.433791229918
datamining,300,16,Resource Calendar 7091,2062.6331059405734,754.9525673025352
datamining,300,16,Resource Calendar 7137,2107.949442175423,768.8670944953403
datamining,300,16,Resource Calendar 7143,2875.7068137771485,1223.5013003060646
datamining,300,16,Resource Calendar 7144,1970.974574636539,776.9789345219834
datamining,300,16,Resource Calendar 7147,2944.765746036646,913.1548067304996
datamining,300,16,Resource Calendar 716,2765.427203894927,1041.2802174380777
datamining,300,16,Resource Calendar 7177,2781.9846981627056,1249.9116193761372
datamining,300,16,Resource Calendar 7186,2386.474937697676,759.6308585782125
datamining,300,16,Resource Calendar 7297,2712.8822604874467,970.9711204515978
datamining,300,16,Resource Calendar 7299,3356.201386086556,1133.9132910453297
datamining,300,16,Resource Calendar 7304,3435.012616899006,917.8986300548537
datamining,300,16,Resource Calendar 7311,2865.476374521532,1044.1274647267596
datamining,300,16,Resource Calendar 7314,3071.4025037953893,962.6489739631146
datamining,300,16,Resource Calendar 7316,2499.6361847318135,733.387520052166
datamining,300,16,Resource Calendar 7320,3180.2378001000184,1063.6286052305052
datamining,300,16,Resource Calendar 7323,3244.5229248168503,971.7268152543713
datamining,300,16,Resource Calendar 7324,1717.329893268858,500.5848697034654
datamining,300,16,Resource Calendar 7331,2908.40069550802,712.6827780732292
datamining,300,16,Resource Calendar 7355,2176.5898212420993,845.1840600780007
datamining,300,16,Resource Calendar 7369,2606.401306897257,1285.7078280428345
datamining,300,16,Resource Calendar 7374,3481.916411004405,1027.6124134961187
datamining,300,16,Resource Calendar 7387,3597.7223534067953,1243.2991280512454
datamining,300,16,Resource Calendar 7389,3283.1787872463824,894.1915221569982
datamining,300,16,Resource Calendar 7394,1993.7247241570003,1016.0461263855472
datamining,300,16,Resource Calendar 7423,2821.4411660344404,1065.3064022070162
datamining,300,16,Resource Calendar 7490,2369.3275512934392,652.8823931966446
datamining,300,16,Resource Calendar 7492,2712.256561228787,849.9370866746465
datamining,300,16,Resource Calendar 7518,2140.685796718329,960.0442376542421
datamining,300,16,Resource Calendar 754,2969.21204763464,726.055914745068
datamining,300,16,Resource Calendar 7573,1606.9398091691648,661.1761208432414
datamining,300,16,Resource Calendar 7574,2199.980408016178,756.9741561715344
datamining,300,16,Resource Calendar 7592,2493.396658888344,779.8337531262752
datamining,300,16,Resource Calendar 7599,2334.3686046793878,1196.9235139795264
datamining,300,16,Resource Calendar 7611,2929.7614656668065,1152.528854671431
datamining,300,16,Resource Calendar 7628,2161.7758293010415,1195.3580788254264
datamining,300,16,Resource Calendar 7638,2911.5981168209482,877.0907199063212
datamining,300,16,Resource Calendar 7641,2306.310431544322,859.1329914776795
datamining,300,16,Resource Calendar 7650,2302.204062613565,838.5008467308596
datamining,300,16,Resource Calendar 7660,2916.2873495424906,1194.029097751254
datamining,300,16,Resource Calendar 7664,1714.0165841000453,704.0297229970836
datamining,300,16,Resource Calendar 7682,1757.1865516640783,794.5911068870786
datamining,300,16,Resource Calendar 7717,2342.248969929815,605.1311456711335
datamining,300,16,Resource Calendar 7736,1997.999381903592,768.8766456465329
datamining,300,16,Resource Calendar 7763,3078.544889856645,1099.3688848593947
datamining,300,16,Resource Calendar 7770,2933.9592198576916,858.8739162081804
datamining,300,16,Resource Calendar 7775,2032.6571903712434,707.1962002438722
datamining,300,16,Resource Calendar 7781,2891.426080481115,993.3456579540258
datamining,300,16,Resource Calendar 7783,3040.160345087561,923.977167635489
datamining,300,16,Resource Calendar 7819,2235.729678510197,763.1267778144742
datamining,300,16,Resource Calendar 7820,1882.3606113599517,754.428718174542
datamining,300,16,Resource Calendar 7824,2082.419566045867,649.8563062692436
datamining,300,16,Resource Calendar 7836,1846.090459022689,1020.5300073414676
datamining,300,16,Resource Calendar 7854,3126.941094511097,931.6823724636093
datamining,300,16,Resource Calendar 7862,2445.859973770105,703.611848540072
datamining,300,16,Resource Calendar 7897,2791.115058870301,834.9891156630424
datamining,300,16,Resource Calendar 7963,1705.4986122820114,548.4130339419131
datamining,300,16,Resource Calendar 8022,3160.0314807901004,1078.927133114865
datamining,300,16,Resource Calendar 8032,2187.3110023987765,830.1634382930849
datamining,300,16,Resource Calendar 8033,2272.579751728178,748.718380742384
datamining,300,16,Resource Calendar 8064,3265.156592510612,1151.8731108913748
datamining,300,16,Resource Calendar 8065,2812.9314599824916,1271.5082213227297
datamining,300,16,Resource Calendar 8112,3619.2342874845513,919.3218342714208
datamining,300,16,Resource Calendar 8121,1898.626715877008,1034.1690869545814
datamining,300,16,Resource Calendar 8139,1368.7197589111202,442.4490035623933
datamining,300,16,Resource Calendar 8142,2275.273771935836,655.0696698879378
datamining,300,16,Resource Calendar 8147,2599.9556686606165,782.6994214696414
datamining,300,16,Resource Calendar 8160,2615.1967108777835,1095.5639720806219
datamining,300,16,Resource Calendar 8164,2276.644505338612,890.0079286576936
datamining,300,16,Resource Calendar 8177,1773.0149171758183,534.7198113389722
datamining,300,16,Resource Calendar 8186,2441.4669945949454,841.0670880053397
datamining,300,16,Resource Calendar 8188,3140.197309224213,1224.0736582241627
datamining,300,16,Resource Calendar 8203,2101.2103397928454,777.3677924840405
datamining,300,16,Resource Calendar 8213,2879.068281601322,1097.2648728631718
datamining,300,16,Resource Calendar 8223,2302.530058471014,776.0571545291778
datamining,300,16,Resource Calendar 8225,1929.684841442204,540.3805062294331
datamining,300,16,Resource Calendar 8248,3129.6810563830545,1277.9428556940154
datamining,300,16,Resource Calendar 8263,2458.385542673356,867.3358657906244
datamining,300,16,Resource Calendar 8268,2995.9037244389647,1369.6118046375143
datamining,300,16,Resource Calendar 8365,2496.749542989116,834.1999010794092
datamining,300,16,Resource Calendar 8371,2369.252938685283,760.9913350536146
datamining,300,16,Resource Calendar 8382,2887.010910702984,1128.8857481348493
datamining,300,16,Resource Calendar 8416,2429.3253044908065,621.4528634064569
datamining,300,16,Resource Calendar 8428,2559.1719156137938,1258.7695303183168
datamining,300,16,Resource Calendar 8443,2138.359607063227,547.3727811285332
datamining,300,16,Resource Calendar 8450,2512.251151785194,702.9861803265072
datamining,300,16,Resource Calendar 8455,1583.396598246321,513.4904655786753
datamining,300,16,Resource Calendar 8461,2710.081929024021,1084.5420864015364
datamining,300,16,Resource Calendar 8475,2873.3002319317866,1097.4493996562214
datamining,300,16,Resource Calendar 8486,2115.8328337030043,767.1539514477547
datamining,300,16,Resource Calendar 8491,2115.9334675203413,856.9634572807739
datamining,300,16,Resource Calendar 8498,2585.854976223536,819.5401819395048
datamining,300,16,Resource Calendar 8525,1934.453043002086,764.7890212091505
datamining,300,16,Resource Calendar 8528,2602.7323678944804,1198.4519676763161
datamining,300,16,Resource Calendar 8532,2946.170323022965,859.779302539874
datamining,300,16,Resource Calendar 8536,2641.801631638391,831.8992659139694
datamining,300,16,Resource Calendar 8556,2681.9252818756804,933.854138135385
datamining,300,16,Resource Calendar 8572,2378.614367420469,651.1668994977643
datamining,300,16,Resource Calendar 8587,2574.6794865209663,660.5084929900493
datamining,300,16,Resource Calendar 8588,3015.1223359045525,1061.4147695978759
datamining,300,16,Resource Calendar 8614,2244.2321662182476,891.5630430948352
datamining,300,16,Resource Calendar 8651,2290.236958692079,1073.94920992095
datamining,300,16,Resource Calendar 8655,2193.160685179501,688.7748041285595
datamining,300,16,Resource Calendar 8661,2422.4865405600967,741.8747467080107
datamining,300,16,Resource Calendar 8688,4586.321800754779,1381.6149398531743
datamining,300,16,Resource Calendar 8708,2361.781582016756,508.38473530516444
datamining,300,16,Resource Calendar 8727,1797.565641437444,861.5947331472271
datamining,300,16,Resource Calendar 8736,1956.9549457450437,755.2777872633401
datamining,300,16,Resource Calendar 8744,3445.015369157039,1256.0916925215301
datamining,300,16,Resource Calendar 8749,2805.5157202243668,833.1221357485888
datamining,300,16,Resource Calendar 8772,3299.0878595799404,991.0842601140566
datamining,300,16,Resource Calendar 8774,1996.6435894766557,481.9569714991296
datamining,300,16,Resource Calendar 8786,3096.8918819868186,723.403323469271
datamining,300,16,Resource Calendar 8797,2238.300051057595,922.8906538390082
datamining,300,16,Resource Calendar 8813,2866.6146371429786,1123.9496213638463
datamining,300,16,Resource Calendar 8819,3189.5434724291536,955.4518906075983
datamining,300,16,Resource Calendar 8824,2074.518306278087,577.0833711067346
datamining,300,16,Resource Calendar 8854,3080.212755841003,862.866564530492
datamining,300,16,Resource Calendar 8856,2497.9639164458818,816.9103848112508
datamining,300,16,Resource Calendar 8882,2619.703712464001,922.1699432790679
datamining,300,16,Resource Calendar 8916,2010.7865765908598,785.5890456171658
datamining,300,16,Resource Calendar 8955,2124.139578171765,1038.886526995215
datamining,300,16,Resource Calendar 8973,2884.830051152149,899.106312027163
datamining,300,16,Resource Calendar 8995,3223.9469825665133,1034.964741502366
datamining,300,16,Resource Calendar 8997,2749.959991442695,899.0718917759256
datamining,300,16,Resource Calendar 9146,2932.826947598545,1127.7889602410935
datamining,300,16,Resource Calendar 9154,2566.55846576737,663.7752094426319
datamining,300,16,Resource Calendar 9184,1981.4159797267046,638.8186293920022
datamining,300,16,Resource Calendar 9187,2581.045595402984,1016.5237602059218
datamining,300,16,Resource Calendar 920,2518.7524598742552,1004.848632936097
datamining,300,16,Resource Calendar 9249,1866.716829170209,685.7829674961492
datamining,300,16,Resource Calendar 9298,2660.186983204555,1096.8586537346105
datamining,300,16,Resource Calendar 9332,2894.7974721586156,909.8594811396298
datamining,300,16,Resource Calendar 9335,1662.209272260364,556.4873586798525
datamining,300,16,Resource Calendar 9336,2421.4446730138447,944.5253194025935
datamining,300,16,Resource Calendar 9348,2382.400351206331,646.4610319041876
datamining,300,16,Resource Calendar 9379,3088.090440261267,737.8754226895883
datamining,300,16,Resource Calendar 9384,2374.0381595177437,623.2538870828926
datamining,300,16,Resource Calendar 9404,2067.980753267766,773.7733246022887
datamining,300,16,Resource Calendar 9420,1766.352593494479,688.6800116165205
datamining,300,16,Resource Calendar 9427,2036.682900968975,732.2910705172533
datamining,300,16,Resource Calendar 943,2890.4026036612995,1170.6445699741087
datamining,300,16,Resource Calendar 9433,2557.072392937353,1035.4187058702823
datamining,300,16,Resource Calendar 9437,2374.2752357154377,588.9116043178515
datamining,300,16,Resource Calendar 9445,2022.3755965836517,643.9476616561898
datamining,300,16,Resource Calendar 9449,2290.495624232217,849.0157732160039
datamining,300,16,Resource Calendar 9451,3016.5468799870914,1458.2192583237606
datamining,300,16,Resource Calendar 9452,2238.866462937749,620.7975507800008
datamining,300,16,Resource Calendar 9477,2905.975430798247,895.868076718778
datamining,300,16,Resource Calendar 9483,2204.3020723008763,874.5356993196664
datamining,300,16,Resource Calendar 9484,2430.0578199580805,640.0810648528371
datamining,300,16,Resource Calendar 9489,1869.196305933101,984.5435671631707
datamining,300,16,Resource Calendar 9509,3808.123898756161,1212.202874949983
datamining,300,16,Resource Calendar 9519,2336.1335512019223,1041.921530268289
datamining,300,16,Resource Calendar 9531,2954.919382334504,905.3962767817776
datamining,300,16,Resource Calendar 955,2824.263293073755,867.3951375116251
datamining,300,16,Resource Calendar 957,2383.1086682575856,816.0344399469427
datamining,300,16,Resource Calendar 9711,3053.742785267756,1438.948739778865
datamining,300,16,Resource Calendar 9761,3184.53600941942,855.2963302011111
datamining,300,16,Resource Calendar 9872,2769.2040388273053,561.1248886653188
datamining,300,16,Resource Calendar 9886,2389.7853231705994,724.7882618411434
datamining,300,16,Resource Calendar 9890,1917.7183191733334,1155.293931580358
datamining,300,16,Resource Calendar 9987,3206.7113690477736,1160.4098142568084
datamining,300,16,Resource Calendar End,31345.786825680407,20733.978147779286
datamining,300,16,Resource Calendar Start,31305.895422031736,15386.662483577156
datamining,100,32,Resource Calendar 1,2369.319707126592,786.9386046802016
datamining,100,32,Resource Calendar 1007,4280.8571332236315,1098.058613831596
datamining,100,32,Resource Calendar 10168,2651.445420727644,919.9075008484954
datamining,100,32,Resource Calendar 10176,3310.505763268345,648.4709345130829
datamining,100,32,Resource Calendar 10183,2389.2699527815616,662.6193352482401
datamining,100,32,Resource Calendar 10228,2465.5260356839403,664.693452944753
datamining,100,32,Resource Calendar 10280,3244.472558999555,898.9289816721038
datamining,100,32,Resource Calendar 10296,2558.2493994901934,673.3233389732692
datamining,100,32,Resource Calendar 10348,2596.562417992609,579.4557948842709
datamining,100,32,Resource Calendar 10665,2571.069082853105,823.4334465070033
datamining,100,32,Resource Calendar 10716,2916.223418185986,698.3561977596687
datamining,100,32,Resource Calendar 10726,3040.410053301145,671.2859258478725
datamining,100,32,Resource Calendar 10742,3079.5774645768724,856.1667502369987
datamining,100,32,Resource Calendar 10923,3048.2144728075345,708.7494087767659
datamining,100,32,Resource Calendar 10962,3279.2781844646033,797.1516187098764
datamining,100,32,Resource Calendar 10995,2198.8767601845293,759.6838601993629
datamining,100,32,Resource Calendar 11041,2558.0363285660314,672.3623007048967
datamining,100,32,Resource Calendar 1113,2306.681586888465,638.6384648207563
datamining,100,32,Resource Calendar 11150,2866.102368774581,1031.6980000230044
datamining,100,32,Resource Calendar 11159,2823.207063885789,802.5690467412345
datamining,100,32,Resource Calendar 11174,3137.0790872041484,848.8458416943533
datamining,100,32,Resource Calendar 11175,2375.695716191732,797.1905442297581
datamining,100,32,Resource Calendar 11181,2794.4389502506465,678.7959675481516
datamining,100,32,Resource Calendar 11197,2787.618551749704,762.8037540268516
datamining,100,32,Resource Calendar 11204,3039.0408077487928,653.4327934277463
datamining,100,32,Resource Calendar 11218,2548.950950538245,659.4126398051118
datamining,100,32,Resource Calendar 11302,3058.3672910937175,707.2776619095218
datamining,100,32,Resource Calendar 11314,2704.3958379959927,605.8222254647459
datamining,100,32,Resource Calendar 11327,2646.5399313653693,765.9121316936883
datamining,100,32,Resource Calendar 1134,3290.2841072184297,916.301526154505
datamining,100,32,Resource Calendar 11342,3177.614930774611,724.4219669650652
datamining,100,32,Resource Calendar 11349,3053.647322696179,797.8701820064496
datamining,100,32,Resource Calendar 11353,2505.396381097156,990.8005661560178
datamining,100,32,Resource Calendar 11387,2930.3239834771416,848.3715018984251
datamining,100,32,Resource Calendar 11393,2694.026316990925,788.6979303475887
datamining,100,32,Resource Calendar 11395,2464.5512293223187,641.5836794539609
datamining,100,32,Resource Calendar 11415,3233.526826506856,779.3721964320335
datamining,100,32,Resource Calendar 11469,3639.3218707242113,828.59187506131
datamining,100,32,Resource Calendar 11509,2723.117516478789,822.8312463265182
datamining,100,32,Resource Calendar 11515,1568.1627743696667,524.4820738234512
datamining,100,32,Resource Calendar 11548,2506.9399059223283,689.3019137373931
datamining,100,32,Resource Calendar 11557,2575.063887472294,629.5419889797772
datamining,100,32,Resource Calendar 11568,3194.7849121644326,560.1836144303423
datamining,100,32,Resource Calendar 11571,2888.5561048002833,874.734754078687
datamining,100,32,Resource Calendar 11583,2638.164941316804,625.7667295635288
datamining,100,32,Resource Calendar 11611,2449.2954689846056,544.8367887077358
datamining,100,32,Resource Calendar 11613,3039.677495045627,883.9301520677104
datamining,100,32,Resource Calendar 11614,2721.463615040593,605.2161935098931
datamining,100,32,Resource Calendar 11653,3540.987893098539,783.0988076850443
datamining,100,32,Resource Calendar 11678,2278.228828354095,524.1681414785397
datamining,100,32,Resource Calendar 11692,2970.2797058965557,691.1060331036362
datamining,100,32,Resource Calendar 117,3236.769326021899,715.9286201027728
datamining,100,32,Resource Calendar 11706,2393.340683217854,622.2770328852379
datamining,100,32,Resource Calendar 11759,2891.809863328366,837.1632936989489
datamining,100,32,Resource Calendar 11760,3357.9346325213382,791.5233169896578
datamining,100,32,Resource Calendar 11772,3580.2795711605086,862.7262043188205
datamining,100,32,Resource Calendar 11775,2955.951228204128,937.4351243673453
datamining,100,32,Resource Calendar 11799,2577.681606450817,613.8762300251999
datamining,100,32,Resource Calendar 11805,2696.435902766957,792.5564745715028
datamining,100,32,Resource Calendar 11811,2327.4271885113544,548.3028572451018
datamining,100,32,Resource Calendar 11829,2333.2571850246795,717.251063544719
datamining,100,32,Resource Calendar 11854,2848.797324301181,822.1799890104496
datamining,100,32,Resource Calendar 11858,3164.7036294846234,829.0141417139753
datamining,100,32,Resource Calendar 11861,2695.9150026711536,747.8830870560148
datamining,100,32,Resource Calendar 11959,2780.6031607173486,589.951642094277
datamining,100,32,Resource Calendar 11961,3019.3211856671037,707.5339095097647
datamining,100,32,Resource Calendar 11973,2818.2214122776186,673.4139726310339
datamining,100,32,Resource Calendar 11993,2431.37649526095,601.1973087195693
datamining,100,32,Resource Calendar 12006,2927.31610760296,747.9481491707073
datamining,100,32,Resource Calendar 12062,3038.4814415637497,716.4152653766255
datamining,100,32,Resource Calendar 12093,2724.3954014089727,645.6642256808332
datamining,100,32,Resource Calendar 12129,2871.1552447161653,780.7785949028319
datamining,100,32,Resource Calendar 12175,3164.2314619647627,840.5552488683144
datamining,100,32,Resource Calendar 12196,3516.2101269085756,1010.6888856508268
datamining,100,32,Resource Calendar 12452,2823.4001202114746,717.7795275290212
datamining,100,32,Resource Calendar 12459,2474.7172525390342,437.37513482858583
datamining,100,32,Resource Calendar 12521,3075.628207264506,724.7157241446115
datamining,100,32,Resource Calendar 12532,3646.434413739664,868.6136598562396
datamining,100,32,Resource Calendar 12535,3419.672427262173,950.9530115820684
datamining,100,32,Resource Calendar 12548,3294.305051047541,505.12703782811116
datamining,100,32,Resource Calendar 12814,2602.149974692119,575.8506538339178
datamining,100,32,Resource Calendar 12836,3206.5593383196015,862.5767675051234
datamining,100,32,Resource Calendar 12915,2527.07837241844,561.9587743966051
datamining,100,32,Resource Calendar 12935,2275.0251577501895,668.4382450938785
datamining,100,32,Resource Calendar 1295,3225.9947531995253,722.5055797692766
datamining,100,32,Resource Calendar 13014,2522.3185074953462,581.3461432102658
datamining,100,32,Resource Calendar 1314,3119.791722982945,577.7215438138796
datamining,100,32,Resource Calendar 1343,2999.138581470664,779.9936319735958
datamining,100,32,Resource Calendar 13544,2705.959131598362,637.2770556870579
datamining,100,32,Resource Calendar 13559,2661.4524169817223,650.0775464732789
datamining,100,32,Resource Calendar 13733,2415.904218352496,540.6044675076247
datamining,100,32,Resource Calendar 1378,2826.465198294359,911.2057818563914
datamining,100,32,Resource Calendar 13803,2778.669652466754,606.833078126242
datamining,100,32,Resource Calendar 14126,2380.8070079093523,575.534760651778
datamining,100,32,Resource Calendar 14128,3665.3051313110836,733.3389381065398
datamining,100,32,Resource Calendar 1422,2510.4949417986745,668.6044301325647
datamining,100,32,Resource Calendar 14440,3199.7526152570326,663.655398934876
datamining,100,32,Resource Calendar 1471,2420.58074843545,877.6826796496186
datamining,100,32,Resource Calendar 15057,2912.7521512302837,812.9779582965699
datamining,100,32,Resource Calendar 1515,2943.9162011297103,749.1786682091683
datamining,100,32,Resource Calendar 1524,2114.9071962004855,793.1934602011368
datamining,100,32,Resource Calendar 15315,3222.430524228617,669.3379825532627
datamining,100,32,Resource Calendar 15323,2041.5954609461292,664.795379295851
datamining,100,32,Resource Calendar 15345,2680.8060851546297,559.5406943643536
datamining,100,32,Resource Calendar 15352,2685.433878467407,780.6103118126963
datamining,100,32,Resource Calendar 15356,2509.3123914662037,567.5196639800278
datamining,100,32,Resource Calendar 15370,2415.115316563277,759.2386320467976
datamining,100,32,Resource Calendar 15547,2766.847127572541,714.9975446918747
datamining,100,32,Resource Calendar 15612,2284.832005291542,519.9427533512566
datamining,100,32,Resource Calendar 157,2506.76456712708,584.9453717044867
datamining,100,32,Resource Calendar 15862,2527.8522338205817,812.202585323321
datamining,100,32,Resource Calendar 15884,2389.4885702089987,612.9783913368432
datamining,100,32,Resource Calendar 15930,4112.2339760072555,999.625751604549
datamining,100,32,Resource Calendar 15957,2621.4007197179253,765.6412418757556
datamining,100,32,Resource Calendar 16273,2683.522997216129,803.5889192950208
datamining,100,32,Resource Calendar 163,2172.834076166798,542.2690606682501
datamining,100,32,Resource Calendar 1646,3077.1263739724877,757.0865682389649
datamining,100,32,Resource Calendar 16695,2938.9079637548216,715.0899901772199
datamining,100,32,Resource Calendar 1684,3127.474863224367,784.9494732377298
datamining,100,32,Resource Calendar 1707,2514.05548683455,538.136845502815
datamining,100,32,Resource Calendar 17296,2581.2637759176223,751.9791839219434
datamining,100,32,Resource Calendar 17379,3091.5465388076773,720.5605283525543
datamining,100,32,Resource Calendar 17525,2516.8351279452722,666.3274703571382
datamining,100,32,Resource Calendar 17625,2569.107642839821,601.3600721616455
datamining,100,32,Resource Calendar 17642,2651.3545187628133,773.6938296950884
datamining,100,32,Resource Calendar 17769,2568.843578053672,864.9913030624152
datamining,100,32,Resource Calendar 17807,2686.19953038691,564.3765951733452
datamining,100,32,Resource Calendar 17872,2842.011039249986,705.8302540043668
datamining,100,32,Resource Calendar 1792,2812.133375685942,842.4201248977438
datamining,100,32,Resource Calendar 1795,2790.9242694931895,834.2564444188604
datamining,100,32,Resource Calendar 17965,3285.6766020734754,689.8810593818548
datamining,100,32,Resource Calendar 18289,2603.7332013036,640.0873483966643
datamining,100,32,Resource Calendar 18317,2752.918495258899,653.5996227083104
datamining,100,32,Resource Calendar 18501,2573.902598187029,670.7834710132154
datamining,100,32,Resource Calendar 186,3022.0051827478433,806.7480783915518
datamining,100,32,Resource Calendar 1860,2828.1024038617074,595.2723620245913
datamining,100,32,Resource Calendar 18760,3625.589705815063,1093.737913240116
datamining,100,32,Resource Calendar 18929,2877.5338140173067,763.4688661484345
datamining,100,32,Resource Calendar 18942,2946.014665775918,935.0469673129444
datamining,100,32,Resource Calendar 19019,3303.5402453344004,896.4023308598488
datamining,100,32,Resource Calendar 1910,2483.6295554264266,653.93958434507
datamining,100,32,Resource Calendar 19214,2778.3393052456463,937.7320095492187
datamining,100,32,Resource Calendar 19295,3493.681573789773,820.2924666746791
datamining,100,32,Resource Calendar 19296,2772.985795913496,624.6600375239094
datamining,100,32,Resource Calendar 1934,2643.5724036140577,538.8204539444002
datamining,100,32,Resource Calendar 19422,2910.133616411511,637.5620586981926
datamining,100,32,Resource Calendar 19531,2896.752297373061,807.5835900118095
datamining,100,32,Resource Calendar 19572,2982.334439115281,717.9235078650248
datamining,100,32,Resource Calendar 19582,2783.905525096923,641.5372648270726
datamining,100,32,Resource Calendar 1959,2680.559553429033,867.0359227355044
datamining,100,32,Resource Calendar 19591,2758.931040573023,706.863281235818
datamining,100,32,Resource Calendar 19692,2587.7000100428695,735.7557573687583
datamining,100,32,Resource Calendar 19746,3544.1517438261385,826.098359212489
datamining,100,32,Resource Calendar 19811,2630.3368954305065,677.8795831471241
datamining,100,32,Resource Calendar 19916,2675.2007560432717,495.70066047269495
datamining,100,32,Resource Calendar 1995,2337.634504702637,695.2889850064548
datamining,100,32,Resource Calendar 20194,2808.2299201416445,787.9720504785794
datamining,100,32,Resource Calendar 2045,2661.20763524169,560.054599248996
datamining,100,32,Resource Calendar 2091,2304.0899979026062,635.8782086159807
datamining,100,32,Resource Calendar 21188,2575.9075991794275,529.3235669716731
datamining,100,32,Resource Calendar 2133,3148.3287210644567,719.9641592683299
datamining,100,32,Resource Calendar 2144,2277.8576032272954,558.9807758987471
datamining,100,32,Resource Calendar 2150,2038.8591100026013,565.4344261029514
datamining,100,32,Resource Calendar 2154,2924.3392694961385,820.085724991874
datamining,100,32,Resource Calendar 21562,2268.758895078924,699.9532444709432
datamining,100,32,Resource Calendar 22074,2999.53264988077,603.0083406255859
datamining,100,32,Resource Calendar 22377,2813.8080039500605,662.7220346204027
datamining,100,32,Resource Calendar 22404,2612.443213009991,510.46507075276156
datamining,100,32,Resource Calendar 22437,2875.520822391974,840.9323706129438
datamining,100,32,Resource Calendar 22438,2692.0636097436422,695.4739120495034
datamining,100,32,Resource Calendar 22439,3137.965996382221,838.2976155776182
datamining,100,32,Resource Calendar 22475,4611.968946307128,982.2110606357946
datamining,100,32,Resource Calendar 22476,2852.5208541674665,686.3155121175995
datamining,100,32,Resource Calendar 22478,2841.538606675236,775.5971819151891
datamining,100,32,Resource Calendar 22485,2629.3492377570665,652.8045752776707
datamining,100,32,Resource Calendar 22490,3771.1294694547237,872.8399093847071
datamining,100,32,Resource Calendar 22491,3023.863768928838,795.254753448817
datamining,100,32,Resource Calendar 22496,2648.465092728895,701.0647076628088
datamining,100,32,Resource Calendar 22529,2228.3487044888943,514.333364394347
datamining,100,32,Resource Calendar 22533,1989.7645849021908,556.2401125304552
datamining,100,32,Resource Calendar 22534,2408.07784045882,642.8559316228833
datamining,100,32,Resource Calendar 22543,3184.9863789332144,719.9338736429368
datamining,100,32,Resource Calendar 22560,2563.98478524422,616.7839369354223
datamining,100,32,Resource Calendar 22592,2167.5914229054447,562.9363218246514
datamining,100,32,Resource Calendar 22624,3324.228739082259,803.9944022706857
datamining,100,32,Resource Calendar 22736,2218.0237089766238,480.2195894280452
datamining,100,32,Resource Calendar 2274,2561.625992602908,613.3562616648729
datamining,100,32,Resource Calendar 22785,2213.8117829587527,552.3756317642492
datamining,100,32,Resource Calendar 22795,2674.9742806844206,722.0155725314537
datamining,100,32,Resource Calendar 22829,3130.8819185373536,725.7460482656453
datamining,100,32,Resource Calendar 2292,3269.732890528068,882.1498659580818
datamining,100,32,Resource Calendar 22940,2551.358923380687,740.1297494640133
datamining,100,32,Resource Calendar 22950,3013.6850680458406,994.5308920255616
datamining,100,32,Resource Calendar 22962,2588.632658661865,690.9732217309553
datamining,100,32,Resource Calendar 23335,2100.023799422931,590.3432040874054
datamining,100,32,Resource Calendar 23530,3324.1691572072373,768.5410330822887
datamining,100,32,Resource Calendar 23842,2913.8886734687812,1001.3711777811825
datamining,100,32,Resource Calendar 2391,2637.6698103179965,660.4226287090333
datamining,100,32,Resource Calendar 23934,2664.2253102356094,805.2921315783047
datamining,100,32,Resource Calendar 23978,3201.691522127571,917.3381648107779
datamining,100,32,Resource Calendar 2408,2930.36198953129,754.2868792473425
datamining,100,32,Resource Calendar 241,3632.775755670455,900.9206272910832
datamining,100,32,Resource Calendar 2440,2847.6827677726988,763.734803982976
datamining,100,32,Resource Calendar 24517,2547.4418475472235,862.0962196530727
datamining,100,32,Resource Calendar 24519,2946.2972066524803,794.7496520395731
datamining,100,32,Resource Calendar 2453,2381.952475426307,633.7098455526732
datamining,100,32,Resource Calendar 24536,2276.2039279152573,698.4569714903741
datamining,100,32,Resource Calendar 24544,2990.3396604452855,826.0829721417809
datamining,100,32,Resource Calendar 2463,2721.3878300047086,861.8688422562492
datamining,100,32,Resource Calendar 2465,2561.799935686986,734.158104237587
datamining,100,32,Resource Calendar 2506,2889.498121087005,852.0615590979808
datamining,100,32,Resource Calendar 2512,2482.297176293117,618.6045402875762
datamining,100,32,Resource Calendar 25141,2555.1519886056285,715.3696680839519
datamining,100,32,Resource Calendar 2541,3579.175666847973,780.0625374242743
datamining,100,32,Resource Calendar 261,2653.9543068177063,654.103037018
datamining,100,32,Resource Calendar 26147,2878.3687669395063,592.9400815605719
datamining,100,32,Resource Calendar 26248,2902.749995177123,651.7361676556876
datamining,100,32,Resource Calendar 26259,2486.7031867327237,725.9774264295087
datamining,100,32,Resource Calendar 26271,3981.7663689093033,705.347029936914
datamining,100,32,Resource Calendar 26298,3119.3482792613654,998.726986830841
datamining,100,32,Resource Calendar 26321,3033.6515689479743,774.1598197610416
datamining,100,32,Resource Calendar 26344,2736.0410841409703,733.5236231815151
datamining,100,32,Resource Calendar 26348,2885.1786837830273,738.7428020774086
datamining,100,32,Resource Calendar 26359,3146.0211653684523,907.4323281406017
datamining,100,32,Resource Calendar 2649,3151.9121773783663,732.5877116847495
datamining,100,32,Resource Calendar 26756,3102.085899144061,830.9351044338304
datamining,100,32,Resource Calendar 26757,3123.4238972902635,702.8158637993226
datamining,100,32,Resource Calendar 26758,2525.9688571485817,633.0002186125276
datamining,100,32,Resource Calendar 26759,2718.355010160014,849.2058571462246
datamining,100,32,Resource Calendar 26762,3719.0563749528187,804.3681234099621
datamining,100,32,Resource Calendar 26763,2772.7825822731,600.0586958556398
datamining,100,32,Resource Calendar 26767,3293.5746462525917,863.0204043074339
datamining,100,32,Resource Calendar 26772,2907.0619834684885,863.5471946044331
datamining,100,32,Resource Calendar 26780,2836.9320436975067,745.0395822761265
datamining,100,32,Resource Calendar 26788,3074.6771452159364,641.000573974525
datamining,100,32,Resource Calendar 26789,3588.2749699959077,775.9216854126701
datamining,100,32,Resource Calendar 26793,2672.7170003100155,607.2982682049222
datamining,100,32,Resource Calendar 26796,2423.243139542292,720.8264823878255
datamining,100,32,Resource Calendar 27293,3167.8661314776487,708.023721899681
datamining,100,32,Resource Calendar 2735,2063.509539637773,590.6174226933066
datamining,100,32,Resource Calendar 2740,2507.4712737311693,651.3396444001537
datamining,100,32,Resource Calendar 2804,2221.1992659113744,710.1986873107612
datamining,100,32,Resource Calendar 2834,2053.905106247015,516.4001525973055
datamining,100,32,Resource Calendar 28881,2436.399226436711,605.9382424279536
datamining,100,32,Resource Calendar 2925,2697.1582707658126,710.4780298478886
datamining,100,32,Resource Calendar 29274,1907.386488191521,421.78072325726174
datamining,100,32,Resource Calendar 29276,3282.6814979611786,664.5259136642405
datamining,100,32,Resource Calendar 29277,2874.8516120109493,707.9116141444129
datamining,100,32,Resource Calendar 29280,3211.5454461785675,770.2841333755067
datamining,100,32,Resource Calendar 29281,2339.4459589738885,516.4031708892209
datamining,100,32,Resource Calendar 294,2882.9708240462255,666.8956418901473
datamining,100,32,Resource Calendar 29577,2651.6957191577244,781.7449962007987
datamining,100,32,Resource Calendar 29578,3531.912282969702,730.7303067583157
datamining,100,32,Resource Calendar 29579,2534.9723150192513,633.6239428099796
datamining,100,32,Resource Calendar 2970,2758.0793575236626,879.8036435927403
datamining,100,32,Resource Calendar 29704,2920.355880276398,784.3751457019516
datamining,100,32,Resource Calendar 2981,3349.312534516447,916.5757202367535
datamining,100,32,Resource Calendar 3003,2860.4636004441395,703.7257768103357
datamining,100,32,Resource Calendar 3019,3208.9154611534677,800.0036322022071
datamining,100,32,Resource Calendar 305,3268.255214029726,846.7694878514383
datamining,100,32,Resource Calendar 3057,3089.753019231276,858.4273637366267
datamining,100,32,Resource Calendar 308,2931.9828171117965,865.7829608267024
datamining,100,32,Resource Calendar 3108,3202.496458818402,542.5309959649227
datamining,100,32,Resource Calendar 3113,2640.412885926882,769.3210676967459
datamining,100,32,Resource Calendar 3149,2280.065724294887,744.5751093298117
datamining,100,32,Resource Calendar 3296,2641.005971430992,618.1237860850872
datamining,100,32,Resource Calendar 3409,2875.399573724798,662.5121853537221
datamining,100,32,Resource Calendar 341,2818.064917554856,798.5119733706459
datamining,100,32,Resource Calendar 3421,2187.8432182935326,690.4852921609425
datamining,100,32,Resource Calendar 3445,3581.5144713351165,856.8098490833719
datamining,100,32,Resource Calendar 3480,2968.051879318996,842.3635051909913
datamining,100,32,Resource Calendar 3502,2632.944367915013,821.268523277
datamining,100,32,Resource Calendar 3510,2314.295546525787,654.5516443020363
datamining,100,32,Resource Calendar 3603,2792.1847445227454,605.6717904948831
datamining,100,32,Resource Calendar 3656,3041.8301725002857,570.0415537681524
datamining,100,32,Resource Calendar 369,2742.6591863697677,537.0025353358278
datamining,100,32,Resource Calendar 3695,2568.8870977856686,634.4752172292016
datamining,100,32,Resource Calendar 3703,3075.69197892802,785.9567189658998
datamining,100,32,Resource Calendar 3729,2697.7003946165537,717.139939487103
datamining,100,32,Resource Calendar 3747,2781.019454183134,725.7647399286855
datamining,100,32,Resource Calendar 3796,2799.2834849805427,855.8270596996261
datamining,100,32,Resource Calendar 3815,2744.27767840945,649.5707985762402
datamining,100,32,Resource Calendar 387,3844.191172658896,1076.7553167511815
datamining,100,32,Resource Calendar 3917,2450.3286163681105,769.6909049150352
datamining,100,32,Resource Calendar 3926,3119.738181883383,739.7731079266313
datamining,100,32,Resource Calendar 397,2512.1739715373724,700.2811761103522
datamining,100,32,Resource Calendar 4032,2741.067383550309,533.2647309927819
datamining,100,32,Resource Calendar 4067,2550.7012822196566,679.4494001282075
datamining,100,32,Resource Calendar 410,3101.9256915870774,845.8229903785494
datamining,100,32,Resource Calendar 4126,3203.798134224427,736.5644835741549
datamining,100,32,Resource Calendar 4130,3039.5466747607647,756.1648926355591
datamining,100,32,Resource Calendar 4148,2799.0582287212505,644.6892471896201
datamining,100,32,Resource Calendar 436,3023.5932412164284,814.1230677982306
datamining,100,32,Resource Calendar 4441,2845.911054749292,763.8729547473614
datamining,100,32,Resource Calendar 4457,2801.5531615597215,684.8541296309378
datamining,100,32,Resource Calendar 448,2974.758059647792,646.8434158577367
datamining,100,32,Resource Calendar 4560,3483.6781928117293,821.435243377347
datamining,100,32,Resource Calendar 4701,2614.572119988084,840.2993797316186
datamining,100,32,Resource Calendar 4708,2686.5618657635673,653.4515111691136
datamining,100,32,Resource Calendar 4745,2712.9109302035204,919.6679297080856
datamining,100,32,Resource Calendar 4765,3099.446360839806,965.5616980862858
datamining,100,32,Resource Calendar 4834,2546.9980294874904,685.9500622404456
datamining,100,32,Resource Calendar 4840,3754.2667690123576,948.7958514253963
datamining,100,32,Resource Calendar 4867,2862.525122218023,475.57773596938506
datamining,100,32,Resource Calendar 49,2821.525021202945,780.9166030013217
datamining,100,32,Resource Calendar 4905,1692.2716320356114,510.3665679273088
datamining,100,32,Resource Calendar 4912,2756.2695895081984,718.8133733891866
datamining,100,32,Resource Calendar 4913,3064.9852988630723,665.7888968006989
datamining,100,32,Resource Calendar 4918,2988.5954325928556,700.7314936620083
datamining,100,32,Resource Calendar 4924,2800.7095711191805,598.6840993501343
datamining,100,32,Resource Calendar 5020,3755.371832597464,842.7810606728174
datamining,100,32,Resource Calendar 5028,2755.823276311468,766.044261477196
datamining,100,32,Resource Calendar 5064,2567.0857834479893,617.6801440586628
datamining,100,32,Resource Calendar 5151,2998.683605005044,629.8429885529885
datamining,100,32,Resource Calendar 5154,2180.31408176227,681.4494975590962
datamining,100,32,Resource Calendar 5183,2678.1852309204523,641.5831423189122
datamining,100,32,Resource Calendar 5189,2808.1425550644262,801.0506224335033
datamining,100,32,Resource Calendar 5221,2690.765603154037,757.2169192819593
datamining,100,32,Resource Calendar 5275,3108.8674194363134,742.3792589915032
datamining,100,32,Resource Calendar 528,2538.493702581008,694.7081104069456
datamining,100,32,Resource Calendar 5290,2509.902993312371,678.0790124866404
datamining,100,32,Resource Calendar 5292,2461.882767920994,714.3509792000309
datamining,100,32,Resource Calendar 5330,3032.594880912427,640.2264644978488
datamining,100,32,Resource Calendar 5396,2248.6983715174097,429.35706791812754
datamining,100,32,Resource Calendar 5488,3082.2042967808306,744.0143585698789
datamining,100,32,Resource Calendar 5506,2992.9552123957305,708.7946400677408
datamining,100,32,Resource Calendar 5571,2290.641775026514,688.335864119293
datamining,100,32,Resource Calendar 5573,2824.0796323198847,724.0302105383752
datamining,100,32,Resource Calendar 5588,3179.578226657551,698.7372674757236
datamining,100,32,Resource Calendar 559,3131.3954406724315,738.362815077086
datamining,100,32,Resource Calendar 5593,2515.090679058108,728.6947873696549
datamining,100,32,Resource Calendar 5613,2545.9030898002825,771.5537952055324
datamining,100,32,Resource Calendar 5641,2543.2112969240943,621.7075710697586
datamining,100,32,Resource Calendar 566,2907.561000776611,624.5266537965786
datamining,100,32,Resource Calendar 5667,3126.480624884651,659.6246415995105
datamining,100,32,Resource Calendar 5668,2985.3228921319333,871.4607254957939
datamining,100,32,Resource Calendar 5714,3066.2503813577177,646.8322791323396
datamining,100,32,Resource Calendar 5778,2905.463085934499,612.9653567551484
datamining,100,32,Resource Calendar 5793,2569.7248743186533,668.708932365661
datamining,100,32,Resource Calendar 5802,2410.9751267647425,661.0534298144138
datamining,100,32,Resource Calendar 5858,2821.628239383249,821.7772150558778
datamining,100,32,Resource Calendar 5883,2921.4849819711635,689.4557627011797
datamining,100,32,Resource Calendar 5972,2690.673023736486,720.680738490014
datamining,100,32,Resource Calendar 6004,2697.484133066287,757.1427384486502
datamining,100,32,Resource Calendar 6039,2641.7300387952164,690.6661142373562
datamining,100,32,Resource Calendar 6101,3065.856919412501,669.8507094062953
datamining,100,32,Resource Calendar 6107,3172.2313707015905,701.0090700101462
datamining,100,32,Resource Calendar 6159,2856.0687603254983,801.8732263170881
datamining,100,32,Resource Calendar 6186,2786.4888853905973,624.533459903925
datamining,100,32,Resource Calendar 6204,2504.4038549261013,793.7725535393747
datamining,100,32,Resource Calendar 6229,2573.9738486405377,814.699062087857
datamining,100,32,Resource Calendar 6231,3077.9329245485555,589.2705241854821
datamining,100,32,Resource Calendar 6260,2672.601566999793,798.9341131814831
datamining,100,32,Resource Calendar 6369,2635.2639262632456,628.6447693543038
datamining,100,32,Resource Calendar 6400,3109.526242028278,668.8948814654099
datamining,100,32,Resource Calendar 6410,2312.8855946888148,714.3183100588038
datamining,100,32,Resource Calendar 6426,2080.2555568558787,514.7955582548058
datamining,100,32,Resource Calendar 6437,2693.2090765130893,818.1055986167291
datamining,100,32,Resource Calendar 6469,2559.806690962969,727.8968581491566
datamining,100,32,Resource Calendar 6497,2604.527573907359,710.1265043352281
datamining,100,32,Resource Calendar 6520,3085.4205337922913,565.3816671112268
datamining,100,32,Resource Calendar 6551,3171.638401908742,734.8603873074496
datamining,100,32,Resource Calendar 6572,2708.1106450177153,708.7175124927185
datamining,100,32,Resource Calendar 659,2805.9344883183967,666.3134050773618
datamining,100,32,Resource Calendar 6598,2848.599447144993,596.1769843730149
datamining,100,32,Resource Calendar 6625,2990.2138720010744,759.1610925075555
datamining,100,32,Resource Calendar 6629,2755.5784623538975,617.452402364313
datamining,100,32,Resource Calendar 6639,2353.5437105493643,680.0443999761223
datamining,100,32,Resource Calendar 669,3281.4675439592233,933.655325068277
datamining,100,32,Resource Calendar 6694,3169.0127052004073,1004.3928344660097
datamining,100,32,Resource Calendar 6723,2670.0490941895005,624.3781018610276
datamining,100,32,Resource Calendar 6767,3760.7879213416245,1001.7413381546622
datamining,100,32,Resource Calendar 677,3576.7449989038532,629.9889618679541
datamining,100,32,Resource Calendar 6799,2998.504766039576,879.8183814316293
datamining,100,32,Resource Calendar 6844,2814.708002110862,596.2735164514696
datamining,100,32,Resource Calendar 6851,3159.6625091533288,846.9782124020518
datamining,100,32,Resource Calendar 6872,2775.8695610145833,687.3968044344344
datamining,100,32,Resource Calendar 6876,3112.1119700169447,1104.1496056648516
datamining,100,32,Resource Calendar 6889,2700.7934399250294,826.695880225526
datamining,100,32,Resource Calendar 6894,3401.2439335052127,917.4962422155218
datamining,100,32,Resource Calendar 695,3097.752530935362,661.1404208808765
datamining,100,32,Resource Calendar 6952,2938.4310139694076,1016.8438346721642
datamining,100,32,Resource Calendar 6954,2542.280847032467,659.3633865449483
datamining,100,32,Resource Calendar 6958,2599.9935810605534,637.8918114915714
datamining,100,32,Resource Calendar 6971,2449.613684355066,855.7352381991534
datamining,100,32,Resource Calendar 6979,3811.821972490363,1069.2062085624193
datamining,100,32,Resource Calendar 6985,2982.010869795557,859.4337491884484
datamining,100,32,Resource Calendar 6987,2828.8977170908706,732.0904213426468
datamining,100,32,Resource Calendar 6990,2401.118458978597,662.0490909258123
datamining,100,32,Resource Calendar 6995,2115.936633200895,542.6593686697547
datamining,100,32,Resource Calendar 7007,3109.054170820961,854.7624865872431
datamining,100,32,Resource Calendar 7010,2939.308519914012,727.8761595085199
datamining,100,32,Resource Calendar 7019,2721.766746961515,810.7854631132187
datamining,100,32,Resource Calendar 7039,2864.79366584793,717.4516647109672
datamining,100,32,Resource Calendar 7071,2554.478280023654,836.8779388831283
datamining,100,32,Resource Calendar 7080,3146.3078267542537,903.1725166462282
datamining,100,32,Resource Calendar 7088,2307.156684009614,794.3128124383013
datamining,100,32,Resource Calendar 7091,2264.558822330214,516.0902100278855
datamining,100,32,Resource Calendar 7137,3106.720078949586,739.5627689789318
datamining,100,32,Resource Calendar 7143,2185.35286344745,769.7933890523034
datamining,100,32,Resource Calendar 7144,2252.589010643334,649.2123827436926
datamining,100,32,Resource Calendar 7147,3096.7838525913066,609.4975252891884
datamining,100,32,Resource Calendar 716,3627.6336690076973,684.5866244762359
datamining,100,32,Resource Calendar 7177,2605.2424867728314,827.9396840074667
datamining,100,32,Resource Calendar 7186,2851.224013984989,650.516438540843
datamining,100,32,Resource Calendar 7297,2579.721301284328,676.8884792407255
datamining,100,32,Resource Calendar 7299,2713.12578888407,730.6770572897135
datamining,100,32,Resource Calendar 7304,2619.323934576457,808.5014085678805
datamining,100,32,Resource Calendar 7311,3177.4179787192797,630.469614989107
datamining,100,32,Resource Calendar 7314,2700.654889323409,643.6651584275758
datamining,100,32,Resource Calendar 7316,2846.2898988721086,764.2516109330918
datamining,100,32,Resource Calendar 7320,2802.438328255129,675.9637204509987
datamining,100,32,Resource Calendar 7323,3252.868480084649,764.8023454479023
datamining,100,32,Resource Calendar 7324,3659.5907860204047,860.599011586677
datamining,100,32,Resource Calendar 7331,3041.021749395494,788.7921049198077
datamining,100,32,Resource Calendar 7355,2967.677909916056,689.2231868445713
datamining,100,32,Resource Calendar 7369,3135.150394945568,790.3257573713637
datamining,100,32,Resource Calendar 7374,2732.4520169674183,695.6503989763423
datamining,100,32,Resource Calendar 7387,2994.8001542047887,888.6169122237756
datamining,100,32,Resource Calendar 7389,2550.0465568490736,685.7589394748425
datamining,100,32,Resource Calendar 7394,3314.592059656731,753.0109388551122
datamining,100,32,Resource Calendar 7423,3522.033185842181,871.7921152674686
datamining,100,32,Resource Calendar 7490,2909.319744927884,737.9156775504907
datamining,100,32,Resource Calendar 7492,3055.6443136778284,849.9967637100233
datamining,100,32,Resource Calendar 7518,2462.453788421767,457.9320183967699
datamining,100,32,Resource Calendar 754,2950.076304109887,719.8536963936338
datamining,100,32,Resource Calendar 7573,3529.2082304934183,791.162957402399
datamining,100,32,Resource Calendar 7574,2086.905039272883,430.62882648175326
datamining,100,32,Resource Calendar 7592,2852.3263646284095,784.8683732038245
datamining,100,32,Resource Calendar 7599,2864.2437015821447,578.0874419675433
datamining,100,32,Resource Calendar 7611,2997.6548871561404,762.319223779516
datamining,100,32,Resource Calendar 7628,3011.396421696562,816.5281646892041
datamining,100,32,Resource Calendar 7638,2709.633154076017,752.3167418809608
datamining,100,32,Resource Calendar 7641,2336.7898277658546,547.8328356747282
datamining,100,32,Resource Calendar 7650,3143.5099751843686,803.3519954463396
datamining,100,32,Resource Calendar 7660,3289.86606662805,1156.146098616636
datamining,100,32,Resource Calendar 7664,2583.749465331631,654.9103130141602
datamining,100,32,Resource Calendar 7682,2808.797651302114,815.5012011894321
datamining,100,32,Resource Calendar 7717,2719.3213314181303,626.7195545221427
datamining,100,32,Resource Calendar 7736,3247.4431646371404,640.6438023656965
datamining,100,32,Resource Calendar 7763,2918.8507310501886,888.5578747948844
datamining,100,32,Resource Calendar 7770,2441.8071080732934,604.9962195971136
datamining,100,32,Resource Calendar 7775,2779.8444511719636,813.6293729649942
datamining,100,32,Resource Calendar 7781,3492.3630203065704,720.7979703200959
datamining,100,32,Resource Calendar 7783,3376.4326397968994,775.4146634661142
datamining,100,32,Resource Calendar 7819,2794.188068133756,671.6418373957118
datamining,100,32,Resource Calendar 7820,2818.0195660312424,849.0563533067786
datamining,100,32,Resource Calendar 7824,2463.6668375101985,675.5905138305986
datamining,100,32,Resource Calendar 7836,2541.4734465611677,740.29441375301
datamining,100,32,Resource Calendar 7854,2696.9325871735655,541.7696188959108
datamining,100,32,Resource Calendar 7862,3009.657086829563,684.913526431867
datamining,100,32,Resource Calendar 7897,3637.3419274088105,887.8197249410571
datamining,100,32,Resource Calendar 7963,2681.011850241426,721.676331259782
datamining,100,32,Resource Calendar 8022,2946.1079344166747,707.976580899701
datamining,100,32,Resource Calendar 8032,3087.2054245201693,923.1584760078778
datamining,100,32,Resource Calendar 8033,2804.794799201883,670.8806112870567
datamining,100,32,Resource Calendar 8064,2306.4776140925205,563.6165694718968
datamining,100,32,Resource Calendar 8065,2924.1470592270225,815.9620390049347
datamining,100,32,Resource Calendar 8112,2880.536477186432,652.8493490835361
datamining,100,32,Resource Calendar 8121,2927.1472386811247,702.9267213422638
datamining,100,32,Resource Calendar 8139,3315.5471815004576,1077.300863417582
datamining,100,32,Resource Calendar 8142,2867.6794688260106,663.8476275254186
datamining,100,32,Resource Calendar 8147,2573.7044038428485,638.8286597619069
datamining,100,32,Resource Calendar 8160,2878.176106718323,726.4178656196924
datamining,100,32,Resource Calendar 8164,2391.8290862070658,651.7767449838908
datamining,100,32,Resource Calendar 8177,3150.3948038499366,782.5437000520568
datamining,100,32,Resource Calendar 8186,2113.8635076130568,853.553196741339
datamining,100,32,Resource Calendar 8188,3040.9887211656946,650.409191631084
datamining,100,32,Resource Calendar 8203,2389.481040754562,823.3706053281327
datamining,100,32,Resource Calendar 8213,2279.920129894098,611.8442234181174
datamining,100,32,Resource Calendar 8223,3000.9774547970346,757.7871957297988
datamining,100,32,Resource Calendar 8225,2963.153440033279,704.3658237186727
datamining,100,32,Resource Calendar 8248,2910.914148299809,604.7884640644435
datamining,100,32,Resource Calendar 8263,2565.5181877621467,580.6721435623391
datamining,100,32,Resource Calendar 8268,2642.9756975952037,837.6154940790612
datamining,100,32,Resource Calendar 8365,2216.245536002016,723.7980334482639
datamining,100,32,Resource Calendar 8371,2566.643873945104,574.353430793803
datamining,100,32,Resource Calendar 8382,1894.7788922431666,673.9523397820008
datamining,100,32,Resource Calendar 8416,2474.5646603380155,597.2997220493332
datamining,100,32,Resource Calendar 8428,2533.218767159345,648.169225265451
datamining,100,32,Resource Calendar 8443,3218.1943110615675,564.7364332707721
datamining,100,32,Resource Calendar 8450,2996.9386693717265,969.0271312307287
datamining,100,32,Resource Calendar 8455,2671.9613488757736,1035.0361086149258
datamining,100,32,Resource Calendar 8461,3061.697033026071,801.8353973117225
datamining,100,32,Resource Calendar 8475,2586.55668200027,535.8339367129116
datamining,100,32,Resource Calendar 8486,3133.160490547478,824.3455883821505
datamining,100,32,Resource Calendar 8491,2953.51346247108,792.4943647427419
datamining,100,32,Resource Calendar 8498,3254.4414136821906,862.3309916671915
datamining,100,32,Resource Calendar 8525,2964.2007916839716,770.0590913886133
datamining,100,32,Resource Calendar 8528,2981.166657740205,823.6434720855816
datamining,100,32,Resource Calendar 8532,3066.0899822121205,738.2764804679824
datamining,100,32,Resource Calendar 8536,2787.1457742807875,838.7766099667023
datamining,100,32,Resource Calendar 8556,2925.0413511048646,741.4259191039184
datamining,100,32,Resource Calendar 8572,2539.3410682726685,706.3241106275565
datamining,100,32,Resource Calendar 8587,3396.7458347680827,739.882537730302
datamining,100,32,Resource Calendar 8588,2323.8852390646543,507.54728216705803
datamining,100,32,Resource Calendar 8614,2800.554834511287,548.7057949356912
datamining,100,32,Resource Calendar 8651,3867.6009745819124,1217.113822785568
datamining,100,32,Resource Calendar 8655,2746.693390888371,689.0703393335077
datamining,100,32,Resource Calendar 8661,2698.8400589703574,915.4712954998121
datamining,100,32,Resource Calendar 8688,2920.237417805609,796.2278833062458
datamining,100,32,Resource Calendar 8708,3262.7909169185436,769.7937739044717
datamining,100,32,Resource Calendar 8727,2745.4908797995836,593.0216692785043
datamining,100,32,Resource Calendar 8736,2631.5665970898604,792.1658005167308
datamining,100,32,Resource Calendar 8744,3030.721606759771,753.7773923724744
datamining,100,32,Resource Calendar 8749,3201.737236127767,722.0479189731219
datamining,100,32,Resource Calendar 8772,2830.2496362872726,859.5922849801648
datamining,100,32,Resource Calendar 8774,3252.314498876479,668.812623662913
datamining,100,32,Resource Calendar 8786,2413.2009022914863,711.9206912800556
datamining,100,32,Resource Calendar 8797,2274.6277183298394,538.5776921293873
datamining,100,32,Resource Calendar 8813,2845.666112809665,802.5990699703809
datamining,100,32,Resource Calendar 8819,3232.741552927423,935.0682471303827
datamining,100,32,Resource Calendar 8824,2778.3184978623585,787.8428809334356
datamining,100,32,Resource Calendar 8854,2976.4025323885235,658.1912212155079
datamining,100,32,Resource Calendar 8856,3160.316517614791,867.699642523071
datamining,100,32,Resource Calendar 8882,3269.1212182269524,863.2863006208329
datamining,100,32,Resource Calendar 8916,3127.0581845278034,888.2552523642391
datamining,100,32,Resource Calendar 8955,2312.619893170729,661.544744890538
datamining,100,32,Resource Calendar 8973,2964.365739713393,641.3479187142121
datamining,100,32,Resource Calendar 8995,3037.7918011503634,901.2620961061245
datamining,100,32,Resource Calendar 8997,2297.1053698254136,594.9042994562734
datamining,100,32,Resource Calendar 9146,2359.7593566898845,620.0908124598017
datamining,100,32,Resource Calendar 9154,2537.5018538103873,660.4395402957173
datamining,100,32,Resource Calendar 9184,3473.6095322152155,750.037576767968
datamining,100,32,Resource Calendar 9187,2738.352751619237,642.5171484128412
datamining,100,32,Resource Calendar 920,3722.2207204718425,909.5789612890153
datamining,100,32,Resource Calendar 9249,2923.0805800408984,748.1853114890467
datamining,100,32,Resource Calendar 9298,2594.578219868414,573.2845475354651
datamining,100,32,Resource Calendar 9332,2955.1686232011166,509.91733808093403
datamining,100,32,Resource Calendar 9335,3189.926830890584,750.2484134407341
datamining,100,32,Resource Calendar 9336,3432.359314236599,797.981500818566
datamining,100,32,Resource Calendar 9348,2345.647546848589,660.2156127059698
datamining,100,32,Resource Calendar 9379,2909.321332801074,941.6159487171612
datamining,100,32,Resource Calendar 9384,2549.8101732478717,743.7117079902686
datamining,100,32,Resource Calendar 9404,2907.7822268181867,816.9470347506393
datamining,100,32,Resource Calendar 9420,2395.2959522233778,598.8282170929626
datamining,100,32,Resource Calendar 9427,2944.9807199912766,725.111432281196
datamining,100,32,Resource Calendar 943,1820.8846795876952,457.5257067802654
datamining,100,32,Resource Calendar 9433,2488.491713615031,857.5354171172643
datamining,100,32,Resource Calendar 9437,2946.9840365394657,972.6685694947445
datamining,100,32,Resource Calendar 9445,2554.716587996824,523.34725658817
datamining,100,32,Resource Calendar 9449,2746.3103324620934,657.3123817112285
datamining,100,32,Resource Calendar 9451,2570.900109944032,656.31142299535
datamining,100,32,Resource Calendar 9452,2423.4678322748578,658.1731667426894
datamining,100,32,Resource Calendar 9477,2233.3525871276597,504.6270342869567
datamining,100,32,Resource Calendar 9483,2778.343507956721,615.8225534647576
datamining,100,32,Resource Calendar 9484,2596.894437010171,868.7268488293172
datamining,100,32,Resource Calendar 9489,3267.174466934811,801.3249336998088
datamining,100,32,Resource Calendar 9509,3334.8666825584587,837.0255872145699
datamining,100,32,Resource Calendar 9519,3468.3961267173077,590.3812240910681
datamining,100,32,Resource Calendar 9531,2594.032789227487,890.6641332031985
datamining,100,32,Resource Calendar 955,3166.451236162611,927.9414893260191
datamining,100,32,Resource Calendar 957,2371.892915398103,755.0077699044456
datamining,100,32,Resource Calendar 9711,2469.7280386756815,897.6303800239283
datamining,100,32,Resource Calendar 9761,2243.0054055086675,631.1072939015802
datamining,100,32,Resource Calendar 9872,2723.8941054567586,705.0747988977523
datamining,100,32,Resource Calendar 9886,3481.7038036253484,792.5917391006437
datamining,100,32,Resource Calendar 9890,1953.227778429482,564.785987157215
datamining,100,32,Resource Calendar 9987,2758.197596163594,896.0094535033619
datamining,100,32,Resource Calendar End,32372.142274424707,16191.096238817861
datamining,100,32,Resource Calendar Start,34099.83820554615,11885.607595833855
datamining,200,32,Resource Calendar 1,2598.294757421969,658.5537753700963
datamining,200,32,Resource Calendar 1007,2697.5755032484567,673.9101581068702
datamining,200,32,Resource Calendar 10168,2607.304392765386,1008.4570212582876
datamining,200,32,Resource Calendar 10176,2366.84552525546,549.4250109337739
datamining,200,32,Resource Calendar 10183,2711.202437650492,685.584788345635
datamining,200,32,Resource Calendar 10228,2831.654250262945,668.9502766513723
datamining,200,32,Resource Calendar 10280,2631.0785478319913,682.6345785053236
datamining,200,32,Resource Calendar 10296,2678.024045602224,623.3821950507173
datamining,200,32,Resource Calendar 10348,2591.4145421768953,599.8930637121099
datamining,200,32,Resource Calendar 10665,3308.91917286112,900.1699808838864
datamining,200,32,Resource Calendar 10716,2890.861421545798,729.7539643865456
datamining,200,32,Resource Calendar 10726,2549.33373725511,611.664258399736
datamining,200,32,Resource Calendar 10742,3430.278829811039,741.3256506867335
datamining,200,32,Resource Calendar 10923,2777.2960031685766,645.2753270767178
datamining,200,32,Resource Calendar 10962,3606.8480362631467,917.7847079500675
datamining,200,32,Resource Calendar 10995,2736.9481306156276,758.0072852294504
datamining,200,32,Resource Calendar 11041,2934.8880057878696,749.3016537921354
datamining,200,32,Resource Calendar 1113,2770.676726368841,753.8039494649573
datamining,200,32,Resource Calendar 11150,2509.348800338938,677.6822081208417
datamining,200,32,Resource Calendar 11159,2292.478526960532,624.7728409207863
datamining,200,32,Resource Calendar 11174,2701.1074803168167,741.921000538025
datamining,200,32,Resource Calendar 11175,2560.829239328472,664.0391248468419
datamining,200,32,Resource Calendar 11181,3386.626681723478,998.1541173384945
datamining,200,32,Resource Calendar 11197,2353.5713723133017,792.4882970717471
datamining,200,32,Resource Calendar 11204,2973.2259222679577,733.7940855012591
datamining,200,32,Resource Calendar 11218,2358.716413452346,487.065657614774
datamining,200,32,Resource Calendar 11302,2291.7112949827333,513.6870357304105
datamining,200,32,Resource Calendar 11314,3072.9771525136725,786.7896352791204
datamining,200,32,Resource Calendar 11327,2523.389480075551,650.5024278691792
datamining,200,32,Resource Calendar 1134,2890.3104737822864,731.7129786661069
datamining,200,32,Resource Calendar 11342,2654.8301744365504,636.2112000634514
datamining,200,32,Resource Calendar 11349,2486.4154747539687,757.2500060221155
datamining,200,32,Resource Calendar 11353,3095.744029078109,819.3258784789726
datamining,200,32,Resource Calendar 11387,2242.9285909553846,740.2625206699433
datamining,200,32,Resource Calendar 11393,2450.435265616743,587.8781739500521
datamining,200,32,Resource Calendar 11395,2463.6678617395755,564.5102371948625
datamining,200,32,Resource Calendar 11415,3078.0921859565588,791.5994532064001
datamining,200,32,Resource Calendar 11469,2445.815868046919,540.7257354373096
datamining,200,32,Resource Calendar 11509,2758.862809955886,666.4715944427695
datamining,200,32,Resource Calendar 11515,3325.309700337503,798.772945442174
datamining,200,32,Resource Calendar 11548,2187.243456086314,496.66546681077017
datamining,200,32,Resource Calendar 11557,2004.1049885560176,447.26975749883906
datamining,200,32,Resource Calendar 11568,2621.5197724769346,684.1967995049391
datamining,200,32,Resource Calendar 11571,2479.4127139103994,689.0117545923954
datamining,200,32,Resource Calendar 11583,2843.1284237864884,920.8646068131843
datamining,200,32,Resource Calendar 11611,2383.85460082479,701.2548985441472
datamining,200,32,Resource Calendar 11613,3087.7178550094322,732.0500680551276
datamining,200,32,Resource Calendar 11614,3713.1074151702396,617.121475563686
datamining,200,32,Resource Calendar 11653,3610.07919415109,820.6900462081743
datamining,200,32,Resource Calendar 11678,2369.705900739162,577.5338811807596
datamining,200,32,Resource Calendar 11692,2505.814564337685,710.3126957220103
datamining,200,32,Resource Calendar 117,3108.306752456078,785.7845655735161
datamining,200,32,Resource Calendar 11706,2059.79990082062,545.8213112838996
datamining,200,32,Resource Calendar 11759,2142.0992347495408,698.6590268111058
datamining,200,32,Resource Calendar 11760,2684.3093959124512,626.9647400741914
datamining,200,32,Resource Calendar 11772,2616.0922881985316,540.0232952639461
datamining,200,32,Resource Calendar 11775,2720.9274393415053,669.2563324949149
datamining,200,32,Resource Calendar 11799,2655.516419732667,698.7614062055503
datamining,200,32,Resource Calendar 11805,2450.5698237603506,554.800031137074
datamining,200,32,Resource Calendar 11811,2226.50778829459,673.8872434131933
datamining,200,32,Resource Calendar 11829,3044.270627320351,545.8195993692093
datamining,200,32,Resource Calendar 11854,2448.698298091163,554.3313071063023
datamining,200,32,Resource Calendar 11858,2701.2319495074476,754.5880107608642
datamining,200,32,Resource Calendar 11861,3112.930594053001,705.6525643760077
datamining,200,32,Resource Calendar 11959,2255.188591570457,579.326728862516
datamining,200,32,Resource Calendar 11961,2037.5817362182624,474.92288115227086
datamining,200,32,Resource Calendar 11973,2785.8254748693175,782.928933157444
datamining,200,32,Resource Calendar 11993,2712.4338947547753,730.2410819815644
datamining,200,32,Resource Calendar 12006,3204.078756768593,1010.8510497704997
datamining,200,32,Resource Calendar 12062,2141.603285948263,476.4821650473293
datamining,200,32,Resource Calendar 12093,2419.436902451356,594.805612564974
datamining,200,32,Resource Calendar 12129,2484.9794657921184,592.1302177798324
datamining,200,32,Resource Calendar 12175,3169.9767110064668,816.6416151684292
datamining,200,32,Resource Calendar 12196,1858.850126430349,549.0726087642986
datamining,200,32,Resource Calendar 12452,2578.2118551035583,685.625174452864
datamining,200,32,Resource Calendar 12459,2818.1453453259564,761.015349895235
datamining,200,32,Resource Calendar 12521,2091.7613240246556,552.6126846416779
datamining,200,32,Resource Calendar 12532,3194.730854080594,779.63116153917
datamining,200,32,Resource Calendar 12535,3221.0189326749637,1074.6926597294025
datamining,200,32,Resource Calendar 12548,2372.4479456539807,634.6236260549664
datamining,200,32,Resource Calendar 12814,2097.0819462563227,669.945768004079
datamining,200,32,Resource Calendar 12836,2879.5553952075747,685.5395331982893
datamining,200,32,Resource Calendar 12915,2611.701668955916,831.3463780234952
datamining,200,32,Resource Calendar 12935,2721.3650675208874,718.9550813359457
datamining,200,32,Resource Calendar 1295,2416.7396436023646,693.5287501286806
datamining,200,32,Resource Calendar 13014,2799.8178034521106,640.2406837401734
datamining,200,32,Resource Calendar 1314,3040.994741867267,725.5519035940384
datamining,200,32,Resource Calendar 1343,2924.08202388169,937.4996589203489
datamining,200,32,Resource Calendar 13544,2961.0105371786417,898.6179325066855
datamining,200,32,Resource Calendar 13559,2220.6155167970433,751.261361031541
datamining,200,32,Resource Calendar 13733,2137.9830370679138,517.5916373027223
datamining,200,32,Resource Calendar 1378,3128.9527332575626,705.4149179959409
datamining,200,32,Resource Calendar 13803,2689.451063051616,580.1830487292667
datamining,200,32,Resource Calendar 14126,2902.28031068904,646.3896779194597
datamining,200,32,Resource Calendar 14128,2765.3250808672765,751.783046833859
datamining,200,32,Resource Calendar 1422,3140.0203373783806,553.5207826777598
datamining,200,32,Resource Calendar 14440,2800.3787982448202,558.275172461697
datamining,200,32,Resource Calendar 1471,3139.1097688123573,1039.9312023821433
datamining,200,32,Resource Calendar 15057,2339.699069143,600.2111517235484
datamining,200,32,Resource Calendar 1515,2676.4984681515534,828.5394400474992
datamining,200,32,Resource Calendar 1524,2777.5709682336383,476.4639971017082
datamining,200,32,Resource Calendar 15315,2243.0117312035113,508.7735870101505
datamining,200,32,Resource Calendar 15323,2616.019695667112,575.7395342169418
datamining,200,32,Resource Calendar 15345,2239.8679989631496,533.2395640818744
datamining,200,32,Resource Calendar 15352,2644.8455888159124,732.4908768515506
datamining,200,32,Resource Calendar 15356,2372.528976526986,668.4003018919983
datamining,200,32,Resource Calendar 15370,3118.6006765909165,755.6239220694188
datamining,200,32,Resource Calendar 15547,2582.668237777716,505.93663718573134
datamining,200,32,Resource Calendar 15612,2863.751342039185,682.188920110334
datamining,200,32,Resource Calendar 157,2827.8380618430274,637.1969137928658
datamining,200,32,Resource Calendar 15862,2186.479740445884,536.8431219260408
datamining,200,32,Resource Calendar 15884,2661.7253391821746,882.100370952551
datamining,200,32,Resource Calendar 15930,2758.3169119411154,728.7491050247426
datamining,200,32,Resource Calendar 15957,2710.9592616741543,997.1656121902063
datamining,200,32,Resource Calendar 16273,2700.598622925763,660.391390633854
datamining,200,32,Resource Calendar 163,2718.2464116295705,711.2592525774573
datamining,200,32,Resource Calendar 1646,2995.310657794066,693.8818506503125
datamining,200,32,Resource Calendar 16695,2194.345674502473,564.7594216723679
datamining,200,32,Resource Calendar 1684,2508.382888381098,786.1208211751689
datamining,200,32,Resource Calendar 1707,3389.73408609544,876.332818054493
datamining,200,32,Resource Calendar 17296,1871.1229591282688,545.2401794595438
datamining,200,32,Resource Calendar 17379,2211.968878708858,594.2859768155165
datamining,200,32,Resource Calendar 17525,2498.532267500446,556.704368638149
datamining,200,32,Resource Calendar 17625,3342.2134393193915,789.6148474522184
datamining,200,32,Resource Calendar 17642,2009.8934499528514,556.111017049183
datamining,200,32,Resource Calendar 17769,3493.4727248905656,768.7648855466805
datamining,200,32,Resource Calendar 17807,2570.6440046620387,640.8012183213355
datamining,200,32,Resource Calendar 17872,2825.4321186758143,657.0712764652808
datamining,200,32,Resource Calendar 1792,2461.5688008708184,703.295729954006
datamining,200,32,Resource Calendar 1795,2535.1041746289807,609.8325793796894
datamining,200,32,Resource Calendar 17965,2904.18009155898,606.7562197573196
datamining,200,32,Resource Calendar 18289,1962.5489584268148,566.0476157525378
datamining,200,32,Resource Calendar 18317,2886.273538109365,1022.4680499790836
datamining,200,32,Resource Calendar 18501,2398.923235035712,549.0381475249493
datamining,200,32,Resource Calendar 186,3083.6526606751913,744.9084302252969
datamining,200,32,Resource Calendar 1860,2632.180092266426,763.2199261644985
datamining,200,32,Resource Calendar 18760,2779.2587161960696,666.5143937740073
datamining,200,32,Resource Calendar 18929,2687.2168974569895,517.4004130319266
datamining,200,32,Resource Calendar 18942,2799.026471092651,627.1400123428368
datamining,200,32,Resource Calendar 19019,2939.5705034724447,669.6237658662342
datamining,200,32,Resource Calendar 1910,3147.9450399272137,694.6602834352245
datamining,200,32,Resource Calendar 19214,2423.4054004381146,498.5303798590656
datamining,200,32,Resource Calendar 19295,3435.2622442704183,725.3862643679967
datamining,200,32,Resource Calendar 19296,2540.237424350232,621.0410035501719
datamining,200,32,Resource Calendar 1934,2396.638005299839,567.4236773050648
datamining,200,32,Resource Calendar 19422,2785.0936170295154,696.1897862421298
datamining,200,32,Resource Calendar 19531,2531.5533669361625,747.0585727859878
datamining,200,32,Resource Calendar 19572,2926.7307163458627,840.997430325874
datamining,200,32,Resource Calendar 19582,2334.6115233894657,659.7942227306442
datamining,200,32,Resource Calendar 1959,2870.9530920162897,840.9053912319803
datamining,200,32,Resource Calendar 19591,2785.549150883457,568.4478099478562
datamining,200,32,Resource Calendar 19692,3160.803577297369,791.6580825822473
datamining,200,32,Resource Calendar 19746,2803.815347389451,891.0375664874784
datamining,200,32,Resource Calendar 19811,2228.9986193836376,598.072585745363
datamining,200,32,Resource Calendar 19916,2929.546921353539,734.2578685282028
datamining,200,32,Resource Calendar 1995,2478.1994861161,588.6002377924302
datamining,200,32,Resource Calendar 20194,2180.0941939699837,554.665688132008
datamining,200,32,Resource Calendar 2045,3093.8896635128785,891.8371232086321
datamining,200,32,Resource Calendar 2091,2495.6385445734595,583.5152036865139
datamining,200,32,Resource Calendar 21188,2744.2280101865053,1061.2597601985292
datamining,200,32,Resource Calendar 2133,3140.697561160146,1009.6848491585952
datamining,200,32,Resource Calendar 2144,2469.87541968274,501.78678289212775
datamining,200,32,Resource Calendar 2150,2419.764368561385,506.6559283421244
datamining,200,32,Resource Calendar 2154,2542.677776833649,738.5927911102667
datamining,200,32,Resource Calendar 21562,2694.187064850569,650.0622435127607
datamining,200,32,Resource Calendar 22074,2584.2928250097116,614.9872885264128
datamining,200,32,Resource Calendar 22377,2432.6222047180713,597.5353221838103
datamining,200,32,Resource Calendar 22404,4017.179700240814,918.2991760715026
datamining,200,32,Resource Calendar 22437,2362.0646881772554,733.0459515788347
datamining,200,32,Resource Calendar 22438,2487.668756832767,869.612231256997
datamining,200,32,Resource Calendar 22439,3241.50538311517,957.8702084614375
datamining,200,32,Resource Calendar 22475,3277.945554123697,857.1809550189165
datamining,200,32,Resource Calendar 22476,3192.0840128935656,760.6021876624047
datamining,200,32,Resource Calendar 22478,2538.099283476265,655.3879986113619
datamining,200,32,Resource Calendar 22485,2724.2277336104544,647.3531066694264
datamining,200,32,Resource Calendar 22490,2762.7857498242915,623.9762900966075
datamining,200,32,Resource Calendar 22491,2962.8248169146864,937.4966242808705
datamining,200,32,Resource Calendar 22496,2634.9209208302004,700.820695042657
datamining,200,32,Resource Calendar 22529,2140.6917655859875,555.1168371841213
datamining,200,32,Resource Calendar 22533,2788.0192842059796,707.3543398388298
datamining,200,32,Resource Calendar 22534,2814.5258307632257,583.1057394733417
datamining,200,32,Resource Calendar 22543,2348.594562360606,667.1127998630712
datamining,200,32,Resource Calendar 22560,2391.5658798993495,603.2473120071853
datamining,200,32,Resource Calendar 22592,2538.2462334801376,685.1845680538822
datamining,200,32,Resource Calendar 22624,2631.8480555049127,670.7996676380367
datamining,200,32,Resource Calendar 22736,2660.945372634353,712.4339398496124
datamining,200,32,Resource Calendar 2274,2046.64509765212,575.5599174031937
datamining,200,32,Resource Calendar 22785,2709.331969905039,717.7435360909203
datamining,200,32,Resource Calendar 22795,2793.8011520766754,812.3190033217701
datamining,200,32,Resource Calendar 22829,2210.974657621053,722.9289962875413
datamining,200,32,Resource Calendar 2292,2879.0681295442605,766.6585073364126
datamining,200,32,Resource Calendar 22940,2908.2378169662707,758.5136486025349
datamining,200,32,Resource Calendar 22950,3334.8633228900376,858.5324760640102
datamining,200,32,Resource Calendar 22962,2780.640196488752,575.2401958431594
datamining,200,32,Resource Calendar 23335,3222.457536049686,812.5275124360938
datamining,200,32,Resource Calendar 23530,3335.056979947159,669.7356642383763
datamining,200,32,Resource Calendar 23842,1892.9154597279608,487.80401974730324
datamining,200,32,Resource Calendar 2391,2886.3243761767094,730.0268439566189
datamining,200,32,Resource Calendar 23934,2137.651331874235,399.3856863155266
datamining,200,32,Resource Calendar 23978,2411.735213775637,718.2860727272429
datamining,200,32,Resource Calendar 2408,2685.4511967321346,752.1579255896125
datamining,200,32,Resource Calendar 241,4094.956609201903,1038.2741461870257
datamining,200,32,Resource Calendar 2440,2578.1545630821074,494.2072575727524
datamining,200,32,Resource Calendar 24517,2380.055500650785,537.676101308793
datamining,200,32,Resource Calendar 24519,3213.7781252306213,814.6946652986189
datamining,200,32,Resource Calendar 2453,2100.4264064878,452.3385460567138
datamining,200,32,Resource Calendar 24536,2365.9357681897927,644.7983115462018
datamining,200,32,Resource Calendar 24544,2687.38949338536,571.1293685874098
datamining,200,32,Resource Calendar 2463,2230.654455886858,619.522607630798
datamining,200,32,Resource Calendar 2465,2309.6412301557675,473.89648695600914
datamining,200,32,Resource Calendar 2506,2721.510025791086,776.0306269230264
datamining,200,32,Resource Calendar 2512,2304.7917803503087,507.47560811561436
datamining,200,32,Resource Calendar 25141,2683.132527469572,726.3831571669552
datamining,200,32,Resource Calendar 2541,2559.9091194669127,592.1074752601245
datamining,200,32,Resource Calendar 261,2154.513258788259,632.6970517207258
datamining,200,32,Resource Calendar 26147,2963.8601224497115,596.2939233469594
datamining,200,32,Resource Calendar 26248,2430.144427444196,576.4331812310792
datamining,200,32,Resource Calendar 26259,2782.816745624135,843.1529746230634
datamining,200,32,Resource Calendar 26271,2238.2130829250714,660.7187456507836
datamining,200,32,Resource Calendar 26298,2589.411254941536,719.7896519887922
datamining,200,32,Resource Calendar 26321,2476.413809644065,864.6183573959728
datamining,200,32,Resource Calendar 26344,2446.6368664624206,653.1306307768208
datamining,200,32,Resource Calendar 26348,2061.914597022782,496.8287480078977
datamining,200,32,Resource Calendar 26359,2746.490493719149,695.2240260458384
datamining,200,32,Resource Calendar 2649,2595.101129288388,691.653188595521
datamining,200,32,Resource Calendar 26756,3066.3039426853925,711.6072455320876
datamining,200,32,Resource Calendar 26757,2214.9706770888165,472.8555734319428
datamining,200,32,Resource Calendar 26758,3081.253894875562,819.7474803928234
datamining,200,32,Resource Calendar 26759,3339.0691659973104,996.7818752873987
datamining,200,32,Resource Calendar 26762,2684.932263072739,692.309422767129
datamining,200,32,Resource Calendar 26763,2781.4634778246395,688.8413859701301
datamining,200,32,Resource Calendar 26767,2431.838382984416,563.8973641937846
datamining,200,32,Resource Calendar 26772,2574.77241709147,600.5350058446428
datamining,200,32,Resource Calendar 26780,2325.7165809715652,644.8915385831798
datamining,200,32,Resource Calendar 26788,2600.4851057691585,704.7962216455669
datamining,200,32,Resource Calendar 26789,2852.4545720583596,656.8309864741918
datamining,200,32,Resource Calendar 26793,2341.183916047855,595.484784679253
datamining,200,32,Resource Calendar 26796,2475.839756721162,597.9621894328569
datamining,200,32,Resource Calendar 27293,3231.4958196925318,625.2805350077441
datamining,200,32,Resource Calendar 2735,2774.6711369227432,695.9249012358675
datamining,200,32,Resource Calendar 2740,3266.6112002809464,556.1529015084435
datamining,200,32,Resource Calendar 2804,2533.7016410567066,621.1695211024037
datamining,200,32,Resource Calendar 2834,2375.6099483570742,775.5515479508081
datamining,200,32,Resource Calendar 28881,2422.563493954896,705.1960883615324
datamining,200,32,Resource Calendar 2925,2220.60407299904,564.2839857910737
datamining,200,32,Resource Calendar 29274,2577.610739603461,751.3700009166942
datamining,200,32,Resource Calendar 29276,2340.8514285815954,803.2442265324919
datamining,200,32,Resource Calendar 29277,3358.007093287848,695.4459824774054
datamining,200,32,Resource Calendar 29280,2110.1670925959947,538.2395323309498
datamining,200,32,Resource Calendar 29281,3644.3026014481593,734.0752023739726
datamining,200,32,Resource Calendar 294,2832.0917687311075,826.5511405093962
datamining,200,32,Resource Calendar 29577,2131.803263917468,475.1767773113626
datamining,200,32,Resource Calendar 29578,2982.5963550852143,687.7184541628502
datamining,200,32,Resource Calendar 29579,2441.4719771158,462.6047664038582
datamining,200,32,Resource Calendar 2970,2222.5874208640157,623.5591262974509
datamining,200,32,Resource Calendar 29704,3050.8545037793347,941.6140508201618
datamining,200,32,Resource Calendar 2981,3089.345781254565,804.7573946133505
datamining,200,32,Resource Calendar 3003,3373.176029535355,734.1013579529703
datamining,200,32,Resource Calendar 3019,2387.420668521871,856.2565045635392
datamining,200,32,Resource Calendar 305,2944.9384415183204,695.6029828570136
datamining,200,32,Resource Calendar 3057,2796.6325483055766,697.2610428897126
datamining,200,32,Resource Calendar 308,2479.056429277719,567.643395662836
datamining,200,32,Resource Calendar 3108,2329.735416202701,630.7423697308425
datamining,200,32,Resource Calendar 3113,3231.2893258819304,800.7838001170691
datamining,200,32,Resource Calendar 3149,2501.7090117431603,890.8613409291886
datamining,200,32,Resource Calendar 3296,3508.977661988361,865.6765572301092
datamining,200,32,Resource Calendar 3409,2415.256755277984,644.2413579580408
datamining,200,32,Resource Calendar 341,3061.7619521056586,858.6927023134609
datamining,200,32,Resource Calendar 3421,2234.453880767163,422.1760662031358
datamining,200,32,Resource Calendar 3445,3270.0929644353605,679.5754593317433
datamining,200,32,Resource Calendar 3480,2360.196144137125,554.6268316349965
datamining,200,32,Resource Calendar 3502,2054.2588387011315,608.2349021894655
datamining,200,32,Resource Calendar 3510,3117.606221312801,641.223601115035
datamining,200,32,Resource Calendar 3603,2168.53213044767,620.5159457094567
datamining,200,32,Resource Calendar 3656,2816.0712609397833,763.8236996287442
datamining,200,32,Resource Calendar 369,3244.8752144785853,836.663635667255
datamining,200,32,Resource Calendar 3695,2479.0558532855202,749.6258312598978
datamining,200,32,Resource Calendar 3703,2750.7100474706936,795.9782342809656
datamining,200,32,Resource Calendar 3729,2706.998918264207,624.447959803303
datamining,200,32,Resource Calendar 3747,2511.720401155026,649.5542169734858
datamining,200,32,Resource Calendar 3796,2853.1861011382393,909.7464349664939
datamining,200,32,Resource Calendar 3815,2115.785684757217,761.7286697851368
datamining,200,32,Resource Calendar 387,2972.9697227509027,661.2331108094605
datamining,200,32,Resource Calendar 3917,2573.3493261211775,572.6439279844782
datamining,200,32,Resource Calendar 3926,2665.344364417496,519.8073545112694
datamining,200,32,Resource Calendar 397,3159.9330837200446,776.8361008508931
datamining,200,32,Resource Calendar 4032,2747.1695511513444,766.3325172872679
datamining,200,32,Resource Calendar 4067,2554.1217279412936,671.4201963807582
datamining,200,32,Resource Calendar 410,3057.2302777701893,897.9673854313377
datamining,200,32,Resource Calendar 4126,3169.7318606544627,809.2474762555644
datamining,200,32,Resource Calendar 4130,2283.704434858042,692.7704048175115
datamining,200,32,Resource Calendar 4148,2815.2525199702604,660.5397998533019
datamining,200,32,Resource Calendar 436,2731.322560575468,673.165809469365
datamining,200,32,Resource Calendar 4441,2659.7996078302635,599.2539131193595
datamining,200,32,Resource Calendar 4457,2349.1782610847417,723.1069755491812
datamining,200,32,Resource Calendar 448,2214.7681059012452,560.3054245940423
datamining,200,32,Resource Calendar 4560,3807.489904918983,768.7989170754486
datamining,200,32,Resource Calendar 4701,2420.6576709261585,599.7351136107187
datamining,200,32,Resource Calendar 4708,2743.6601564960833,876.9306803839514
datamining,200,32,Resource Calendar 4745,2458.3343528269675,602.1243840545947
datamining,200,32,Resource Calendar 4765,2630.625911984825,605.0514376028358
datamining,200,32,Resource Calendar 4834,2971.62013964772,811.3902437340216
datamining,200,32,Resource Calendar 4840,2997.3437657677614,563.6805798127713
datamining,200,32,Resource Calendar 4867,3264.470261444959,655.3298337769315
datamining,200,32,Resource Calendar 49,2941.8168402251144,782.5418155586686
datamining,200,32,Resource Calendar 4905,2612.8034084776846,683.4907514772569
datamining,200,32,Resource Calendar 4912,2565.721872644525,700.2726869602859
datamining,200,32,Resource Calendar 4913,2766.6825090349466,757.2835402077953
datamining,200,32,Resource Calendar 4918,2895.3674057795984,604.4961248203898
datamining,200,32,Resource Calendar 4924,2665.3042113395104,628.0384570033078
datamining,200,32,Resource Calendar 5020,2264.3549359738367,698.1807089747243
datamining,200,32,Resource Calendar 5028,2172.7239161239095,756.7329585216069
datamining,200,32,Resource Calendar 5064,2879.23590362794,668.7260910638491
datamining,200,32,Resource Calendar 5151,2767.600786108128,1008.6041527113755
datamining,200,32,Resource Calendar 5154,2790.972219810619,754.1469572903682
datamining,200,32,Resource Calendar 5183,3128.711229257653,728.0428117525615
datamining,200,32,Resource Calendar 5189,3157.1388566767046,825.5845362719223
datamining,200,32,Resource Calendar 5221,2804.217389696162,644.6510304035428
datamining,200,32,Resource Calendar 5275,2875.0003963518516,758.2852734700563
datamining,200,32,Resource Calendar 528,2440.5014277374303,753.2005127917613
datamining,200,32,Resource Calendar 5290,3259.2950266684247,819.0981986991468
datamining,200,32,Resource Calendar 5292,2925.1211149231895,703.9265942639705
datamining,200,32,Resource Calendar 5330,3162.9114529175163,621.5974069024719
datamining,200,32,Resource Calendar 5396,3018.8537119386924,855.1435803672595
datamining,200,32,Resource Calendar 5488,2990.305015833505,841.2154675614393
datamining,200,32,Resource Calendar 5506,2238.0123904046,451.52160472659654
datamining,200,32,Resource Calendar 5571,2566.0677432476064,842.3969280463525
datamining,200,32,Resource Calendar 5573,3303.7580302631454,635.0721355824903
datamining,200,32,Resource Calendar 5588,3552.770952928111,742.5849440804528
datamining,200,32,Resource Calendar 559,3609.132362112879,709.062438085338
datamining,200,32,Resource Calendar 5593,2666.901187982248,777.846262610916
datamining,200,32,Resource Calendar 5613,2720.516353391458,665.4600511733956
datamining,200,32,Resource Calendar 5641,3013.9833334845484,795.139072574543
datamining,200,32,Resource Calendar 566,2460.078350223282,620.2195573754909
datamining,200,32,Resource Calendar 5667,3173.7931715807144,701.5563854820808
datamining,200,32,Resource Calendar 5668,2597.693337136825,561.1781441095404
datamining,200,32,Resource Calendar 5714,2454.757989491128,504.51671588976626
datamining,200,32,Resource Calendar 5778,3077.2632148945895,863.7204926896729
datamining,200,32,Resource Calendar 5793,2554.960048357046,566.2693451379038
datamining,200,32,Resource Calendar 5802,2433.756911925084,658.3964894100967
datamining,200,32,Resource Calendar 5858,2668.9404436560253,602.4020660760281
datamining,200,32,Resource Calendar 5883,1839.651708204859,567.8971021530256
datamining,200,32,Resource Calendar 5972,2613.928428709127,807.3654649869977
datamining,200,32,Resource Calendar 6004,2208.5479434972804,549.5602944825815
datamining,200,32,Resource Calendar 6039,2316.8985730678323,577.8060961158293
datamining,200,32,Resource Calendar 6101,2896.0557104835116,751.0950008130616
datamining,200,32,Resource Calendar 6107,2441.628941915429,515.3217115429682
datamining,200,32,Resource Calendar 6159,3225.151009118413,750.6965242962276
datamining,200,32,Resource Calendar 6186,2350.6583102954655,650.7455203683924
datamining,200,32,Resource Calendar 6204,2982.520279258233,864.9313543569467
datamining,200,32,Resource Calendar 6229,2849.8737379105537,521.018756310415
datamining,200,32,Resource Calendar 6231,2837.700957938324,792.989735223446
datamining,200,32,Resource Calendar 6260,2587.3770037776176,619.7006935860971
datamining,200,32,Resource Calendar 6369,2337.808911431722,568.6471377431643
datamining,200,32,Resource Calendar 6400,2527.5774231864375,693.4539357106885
datamining,200,32,Resource Calendar 6410,2802.3078897633955,773.5481478619344
datamining,200,32,Resource Calendar 6426,3195.8802597363187,743.25132947865
datamining,200,32,Resource Calendar 6437,2388.487535468733,602.2502173782714
datamining,200,32,Resource Calendar 6469,2443.6211622677647,647.2491960133339
datamining,200,32,Resource Calendar 6497,2850.2690479421194,817.7844503477305
datamining,200,32,Resource Calendar 6520,3175.8835953852144,799.0653517545171
datamining,200,32,Resource Calendar 6551,1954.9839891620118,611.3913636490785
datamining,200,32,Resource Calendar 6572,2616.92453777568,674.5391296012938
datamining,200,32,Resource Calendar 659,2517.344193393421,783.312433950836
datamining,200,32,Resource Calendar 6598,3553.615828746721,783.60050937111
datamining,200,32,Resource Calendar 6625,3076.195252701656,835.5552103895398
datamining,200,32,Resource Calendar 6629,2791.16945646909,624.6217805292691
datamining,200,32,Resource Calendar 6639,2481.8403700268213,792.118385928367
datamining,200,32,Resource Calendar 669,2812.9504204985483,836.7440723705499
datamining,200,32,Resource Calendar 6694,2822.535080378671,809.3626682879808
datamining,200,32,Resource Calendar 6723,2492.2215727858083,852.8089167582008
datamining,200,32,Resource Calendar 6767,3080.5689540612993,829.810248087206
datamining,200,32,Resource Calendar 677,3762.6415411064895,718.7209274056974
datamining,200,32,Resource Calendar 6799,1737.2422587169617,475.3087679130396
datamining,200,32,Resource Calendar 6844,2707.987294822762,557.165104127821
datamining,200,32,Resource Calendar 6851,3342.024628176504,811.0096118833146
datamining,200,32,Resource Calendar 6872,2873.265892055351,834.0586920370483
datamining,200,32,Resource Calendar 6876,2819.3630910768384,698.0443515475313
datamining,200,32,Resource Calendar 6889,2885.329018461934,833.7005620887332
datamining,200,32,Resource Calendar 6894,2192.897217220065,603.8153339026449
datamining,200,32,Resource Calendar 695,3210.346404237273,831.4839569334764
datamining,200,32,Resource Calendar 6952,2587.314954259106,785.508379981882
datamining,200,32,Resource Calendar 6954,2543.146773671742,546.0841073572539
datamining,200,32,Resource Calendar 6958,2945.274398577576,725.2508324605577
datamining,200,32,Resource Calendar 6971,2766.692131522055,820.1978071028853
datamining,200,32,Resource Calendar 6979,2265.249781823071,460.8177288675877
datamining,200,32,Resource Calendar 6985,2380.645101649525,748.5746604660444
datamining,200,32,Resource Calendar 6987,3226.2594054971005,788.2929691243193
datamining,200,32,Resource Calendar 6990,2868.8651896061956,809.9024064728621
datamining,200,32,Resource Calendar 6995,2137.424537135792,721.3664153362172
datamining,200,32,Resource Calendar 7007,2764.871754566278,657.1984649510006
datamining,200,32,Resource Calendar 7010,2264.972115281699,739.4852991998728
datamining,200,32,Resource Calendar 7019,2927.829191845498,852.2925155212147
datamining,200,32,Resource Calendar 7039,2678.5269860349886,830.4948052425904
datamining,200,32,Resource Calendar 7071,3305.4259251229983,954.2427850106494
datamining,200,32,Resource Calendar 7080,3535.798336889042,857.0763798956358
datamining,200,32,Resource Calendar 7088,2847.5229803059465,706.1680870458304
datamining,200,32,Resource Calendar 7091,2329.0577651153217,582.9493087707249
datamining,200,32,Resource Calendar 7137,2130.4453011272517,561.7133338032096
datamining,200,32,Resource Calendar 7143,2184.9504290939713,676.3590281339469
datamining,200,32,Resource Calendar 7144,2380.1863963676183,608.7591069625897
datamining,200,32,Resource Calendar 7147,2563.6783821894724,817.1897239753381
datamining,200,32,Resource Calendar 716,2323.2425597073543,391.5396930787267
datamining,200,32,Resource Calendar 7177,2342.3181865562715,555.6245817714122
datamining,200,32,Resource Calendar 7186,2771.0682265113765,830.8399515969812
datamining,200,32,Resource Calendar 7297,3004.5250295981355,901.92157106535
datamining,200,32,Resource Calendar 7299,2434.804672589198,656.1185129600661
datamining,200,32,Resource Calendar 7304,2561.240185775627,664.5369763599932
datamining,200,32,Resource Calendar 7311,2660.8119984805126,662.6719186021049
datamining,200,32,Resource Calendar 7314,2994.9404584998324,730.2847752720371
datamining,200,32,Resource Calendar 7316,3263.8502666303766,712.7957825267285
datamining,200,32,Resource Calendar 7320,3203.2625509164845,790.0087426942155
datamining,200,32,Resource Calendar 7323,2537.237828267042,624.448896340017
datamining,200,32,Resource Calendar 7324,2797.3351283728625,890.5432742739913
datamining,200,32,Resource Calendar 7331,3209.973770889389,904.6056968478089
datamining,200,32,Resource Calendar 7355,3499.0412493135836,781.7007246484606
datamining,200,32,Resource Calendar 7369,2422.4179658549983,574.4996949147152
datamining,200,32,Resource Calendar 7374,2468.792311621852,754.2775234019132
datamining,200,32,Resource Calendar 7387,2602.886447991197,642.0394411365286
datamining,200,32,Resource Calendar 7389,2990.960748652452,926.3045384599818
datamining,200,32,Resource Calendar 7394,2009.184301152648,630.1746020321065
datamining,200,32,Resource Calendar 7423,2462.2132625264153,682.9426150153562
datamining,200,32,Resource Calendar 7490,2475.2291635247757,627.6456898511667
datamining,200,32,Resource Calendar 7492,2230.837755507307,678.2397285781769
datamining,200,32,Resource Calendar 7518,1900.621796921306,444.2016095355622
datamining,200,32,Resource Calendar 754,2816.899291217661,717.461254812271
datamining,200,32,Resource Calendar 7573,2454.9987513467713,684.7901170402968
datamining,200,32,Resource Calendar 7574,2242.799338622058,801.0885885334797
datamining,200,32,Resource Calendar 7592,2456.0150528504832,576.4856029128619
datamining,200,32,Resource Calendar 7599,2223.194423147432,652.5314889613552
datamining,200,32,Resource Calendar 7611,2246.555446508778,667.9799591854487
datamining,200,32,Resource Calendar 7628,2917.148464429172,780.1006378040986
datamining,200,32,Resource Calendar 7638,2141.5486507168152,593.2345825249238
datamining,200,32,Resource Calendar 7641,2745.767861332028,696.4515418665701
datamining,200,32,Resource Calendar 7650,2509.8397416128346,736.9697892627094
datamining,200,32,Resource Calendar 7660,2896.7303810042586,710.4351487269444
datamining,200,32,Resource Calendar 7664,2456.6838030988515,639.6975636055741
datamining,200,32,Resource Calendar 7682,2268.9628140185073,744.7334762950023
datamining,200,32,Resource Calendar 7717,2762.4805982772336,858.2065045899551
datamining,200,32,Resource Calendar 7736,2434.2227803051856,752.1846688113393
datamining,200,32,Resource Calendar 7763,2920.0942750737236,850.1804953894094
datamining,200,32,Resource Calendar 7770,2978.955837326517,585.7826055490249
datamining,200,32,Resource Calendar 7775,3117.573121804763,781.8133917010058
datamining,200,32,Resource Calendar 7781,3167.882263357564,745.458044808711
datamining,200,32,Resource Calendar 7783,2532.7008704393807,677.9206311564232
datamining,200,32,Resource Calendar 7819,2031.9114081242865,483.95401291563525
datamining,200,32,Resource Calendar 7820,2891.3932280014387,688.6383915874648
datamining,200,32,Resource Calendar 7824,2897.5329125303406,847.9871991220539
datamining,200,32,Resource Calendar 7836,3407.682845967964,815.2270456321723
datamining,200,32,Resource Calendar 7854,2098.763117726761,678.3009760813928
datamining,200,32,Resource Calendar 7862,2104.0126441928137,480.52950367898586
datamining,200,32,Resource Calendar 7897,2546.5800579726183,605.590558784611
datamining,200,32,Resource Calendar 7963,2722.1927572572095,916.2275826539791
datamining,200,32,Resource Calendar 8022,2664.8540740648446,728.3514164937924
datamining,200,32,Resource Calendar 8032,2297.475004511489,537.8953851617362
datamining,200,32,Resource Calendar 8033,2607.545081546279,637.5673068532963
datamining,200,32,Resource Calendar 8064,2416.91045409,782.6244941352762
datamining,200,32,Resource Calendar 8065,2605.6242698192505,873.9005691816416
datamining,200,32,Resource Calendar 8112,2585.049067377834,628.2427106368181
datamining,200,32,Resource Calendar 8121,3074.0017390626986,869.2450161681285
datamining,200,32,Resource Calendar 8139,2530.2725917777725,635.1527515579701
datamining,200,32,Resource Calendar 8142,2330.8024675071533,782.093217495025
datamining,200,32,Resource Calendar 8147,2370.7716959281065,608.5482851042959
datamining,200,32,Resource Calendar 8160,2536.4757536622446,701.2572335282692
datamining,200,32,Resource Calendar 8164,2938.501383788062,684.1023909981716
datamining,200,32,Resource Calendar 8177,2385.459793438477,591.0557186652828
datamining,200,32,Resource Calendar 8186,2542.6283297246537,615.2300704232205
datamining,200,32,Resource Calendar 8188,2872.6928307003272,699.9786369546159
datamining,200,32,Resource Calendar 8203,3002.7009916690995,795.5116306177974
datamining,200,32,Resource Calendar 8213,2354.7811665506456,623.090758826425
datamining,200,32,Resource Calendar 8223,2335.9234123077827,680.9059636340907
datamining,200,32,Resource Calendar 8225,2547.007893391135,584.5509629434455
datamining,200,32,Resource Calendar 8248,2863.718796242801,766.4692521598741
datamining,200,32,Resource Calendar 8263,3588.0727454035846,699.9902797575485
datamining,200,32,Resource Calendar 8268,3056.164149941406,801.7136105412349
datamining,200,32,Resource Calendar 8365,2720.645613918708,534.4088776891189
datamining,200,32,Resource Calendar 8371,3449.5140231948103,859.566306354671
datamining,200,32,Resource Calendar 8382,2461.7593603808336,690.8274033067288
datamining,200,32,Resource Calendar 8416,2809.3894800806784,740.0662958879044
datamining,200,32,Resource Calendar 8428,2076.042831149539,446.7249253736966
datamining,200,32,Resource Calendar 8443,3100.268768566227,850.3651214218752
datamining,200,32,Resource Calendar 8450,2226.6027314205585,760.5486746267766
datamining,200,32,Resource Calendar 8455,3208.0954545131754,927.7331408160394
datamining,200,32,Resource Calendar 8461,2420.6166379093474,603.7741048200153
datamining,200,32,Resource Calendar 8475,2820.748895476582,718.9180815713712
datamining,200,32,Resource Calendar 8486,2933.2986760190215,960.6494872517403
datamining,200,32,Resource Calendar 8491,2988.3761623841674,695.9424969027101
datamining,200,32,Resource Calendar 8498,2897.6647267582293,760.8610587961373
datamining,200,32,Resource Calendar 8525,3062.3226825510496,895.3744106428232
datamining,200,32,Resource Calendar 8528,2674.67869683206,654.6505413836386
datamining,200,32,Resource Calendar 8532,2573.856516863933,538.7561246311627
datamining,200,32,Resource Calendar 8536,2594.173810893397,602.3429364640849
datamining,200,32,Resource Calendar 8556,2265.385951831275,733.4349179357044
datamining,200,32,Resource Calendar 8572,2023.5474663784162,626.5255735673137
datamining,200,32,Resource Calendar 8587,2672.847101026388,659.5418528105935
datamining,200,32,Resource Calendar 8588,2505.7363619265925,1005.4476101888241
datamining,200,32,Resource Calendar 8614,2621.2068744094313,699.1926052265298
datamining,200,32,Resource Calendar 8651,2234.238256686499,578.7817652642779
datamining,200,32,Resource Calendar 8655,2345.787394212615,585.9857667253037
datamining,200,32,Resource Calendar 8661,2618.8968619378015,700.5200120397831
datamining,200,32,Resource Calendar 8688,2416.9524627522665,535.6585778914623
datamining,200,32,Resource Calendar 8708,2916.1682366288564,708.9679716312534
datamining,200,32,Resource Calendar 8727,2475.883261032644,682.8064092707261
datamining,200,32,Resource Calendar 8736,3488.086667735459,686.7276987961606
datamining,200,32,Resource Calendar 8744,1940.2991908123438,733.7918209509413
datamining,200,32,Resource Calendar 8749,2551.319525871075,800.00182320003
datamining,200,32,Resource Calendar 8772,3001.7111944718904,655.806218611595
datamining,200,32,Resource Calendar 8774,3270.4075939544837,1009.044717725122
datamining,200,32,Resource Calendar 8786,2691.227432146449,677.2079836733385
datamining,200,32,Resource Calendar 8797,2895.0418990600524,596.1785659118042
datamining,200,32,Resource Calendar 8813,3021.616476038263,861.742172400634
datamining,200,32,Resource Calendar 8819,2476.169635683162,603.5225742724548
datamining,200,32,Resource Calendar 8824,1947.929772686797,694.8368006440471
datamining,200,32,Resource Calendar 8854,2822.0155714143443,628.9024092712845
datamining,200,32,Resource Calendar 8856,2519.239857630524,596.0508954332106
datamining,200,32,Resource Calendar 8882,2461.853721111454,662.2178533369214
datamining,200,32,Resource Calendar 8916,2616.9433485987065,763.9260456923067
datamining,200,32,Resource Calendar 8955,2967.280360427297,704.4262081293323
datamining,200,32,Resource Calendar 8973,2810.752497903243,683.0386617905401
datamining,200,32,Resource Calendar 8995,2811.2804635953285,826.6396700654519
datamining,200,32,Resource Calendar 8997,2288.9447302450462,549.7499805872618
datamining,200,32,Resource Calendar 9146,3153.0030999626583,551.317307183527
datamining,200,32,Resource Calendar 9154,3139.2700124581047,875.5480499053351
datamining,200,32,Resource Calendar 9184,2186.434733879283,699.3227023873607
datamining,200,32,Resource Calendar 9187,2318.4786475131523,651.9570734837778
datamining,200,32,Resource Calendar 920,2681.6728552884583,752.753441775214
datamining,200,32,Resource Calendar 9249,2519.156883958849,753.9992289038042
datamining,200,32,Resource Calendar 9298,3258.525664878059,786.3325893508749
datamining,200,32,Resource Calendar 9332,2136.254280163749,550.4597346314555
datamining,200,32,Resource Calendar 9335,2420.067885589991,487.9552193283814
datamining,200,32,Resource Calendar 9336,2215.6941476272577,577.9718977705176
datamining,200,32,Resource Calendar 9348,2444.1548815552096,749.7945715039023
datamining,200,32,Resource Calendar 9379,2914.0290095066434,690.3068625693488
datamining,200,32,Resource Calendar 9384,3376.808666662202,730.9041369982682
datamining,200,32,Resource Calendar 9404,2522.3405481066834,697.2308949813936
datamining,200,32,Resource Calendar 9420,3323.209074296681,720.5728207127395
datamining,200,32,Resource Calendar 9427,2580.307268960559,733.4325596136849
datamining,200,32,Resource Calendar 943,2402.6635981744494,782.8414304516892
datamining,200,32,Resource Calendar 9433,2569.115264805955,598.0548278418291
datamining,200,32,Resource Calendar 9437,2532.67419835493,658.1798747709303
datamining,200,32,Resource Calendar 9445,2807.280387073624,687.6148518527665
datamining,200,32,Resource Calendar 9449,2746.89272298765,606.6393232648965
datamining,200,32,Resource Calendar 9451,2609.9205246870542,519.3595585535063
datamining,200,32,Resource Calendar 9452,2809.595527322708,852.1707776460155
datamining,200,32,Resource Calendar 9477,2805.3744109632453,777.0223968337882
datamining,200,32,Resource Calendar 9483,2357.5953257846695,734.4789966559151
datamining,200,32,Resource Calendar 9484,2966.2298418008095,696.7176611134298
datamining,200,32,Resource Calendar 9489,2818.8587962193583,534.4308029165184
datamining,200,32,Resource Calendar 9509,2303.066497238273,770.2341852492721
datamining,200,32,Resource Calendar 9519,2592.9294466429683,609.2034200498143
datamining,200,32,Resource Calendar 9531,2582.344907365642,656.0828942955725
datamining,200,32,Resource Calendar 955,2780.1458348198908,772.6909681973369
datamining,200,32,Resource Calendar 957,2974.5247827087137,785.4131133317318
datamining,200,32,Resource Calendar 9711,2457.0049838604828,553.1274936061076
datamining,200,32,Resource Calendar 9761,2543.563684318557,604.5000927314862
datamining,200,32,Resource Calendar 9872,2376.391781688001,598.5216091659448
datamining,200,32,Resource Calendar 9886,2445.183837797902,617.411966704943
datamining,200,32,Resource Calendar 9890,2723.6219957892326,678.0413187948275
datamining,200,32,Resource Calendar 9987,2586.2785087794146,860.37566270831
datamining,200,32,Resource Calendar End,41374.51364007384,14143.59126459217
datamining,200,32,Resource Calendar Start,34339.33308433703,11482.808495788311
datamining,300,32,Resource Calendar 1,3316.261151836327,730.691552212314
datamining,300,32,Resource Calendar 1007,3283.3038774488264,754.3880416988164
datamining,300,32,Resource Calendar 10168,2236.30719423728,594.8885546306992
datamining,300,32,Resource Calendar 10176,2320.79331659009,636.6244007411182
datamining,300,32,Resource Calendar 10183,2316.0022089165195,611.7784936039789
datamining,300,32,Resource Calendar 10228,2606.104056847224,609.0223511734039
datamining,300,32,Resource Calendar 10280,2721.5001614975263,856.7198159372983
datamining,300,32,Resource Calendar 10296,2793.04457666003,599.9357858687272
datamining,300,32,Resource Calendar 10348,2587.7560538337525,801.5140521847393
datamining,300,32,Resource Calendar 10665,2985.016111599727,621.6561797650188
datamining,300,32,Resource Calendar 10716,2251.0405222156423,704.3666824127374
datamining,300,32,Resource Calendar 10726,2241.230719572046,716.1438871929114
datamining,300,32,Resource Calendar 10742,2532.5887616858213,654.1848529104309
datamining,300,32,Resource Calendar 10923,2577.655050954084,588.7651775376336
datamining,300,32,Resource Calendar 10962,2589.558587901283,737.0935794837643
datamining,300,32,Resource Calendar 10995,2610.3759354107874,561.8754523230658
datamining,300,32,Resource Calendar 11041,3070.00872596104,619.6252547433022
datamining,300,32,Resource Calendar 1113,1819.263572530836,543.6524421674711
datamining,300,32,Resource Calendar 11150,2054.7587016222524,454.43843735263783
datamining,300,32,Resource Calendar 11159,2440.855217613565,649.475328080485
datamining,300,32,Resource Calendar 11174,2348.7500257421034,538.4996145298734
datamining,300,32,Resource Calendar 11175,2663.5550511857173,676.010996905292
datamining,300,32,Resource Calendar 11181,2433.0651662201476,545.6201087386081
datamining,300,32,Resource Calendar 11197,2898.2330880959516,896.3560257995052
datamining,300,32,Resource Calendar 11204,2686.601740623338,767.2645307621858
datamining,300,32,Resource Calendar 11218,2168.4825863753076,450.4519073624526
datamining,300,32,Resource Calendar 11302,2646.5365710161686,802.5429673515987
datamining,300,32,Resource Calendar 11314,2303.8129579048023,523.962160411758
datamining,300,32,Resource Calendar 11327,2386.785283553039,598.3501309972995
datamining,300,32,Resource Calendar 1134,2676.1326986604977,662.5852403992258
datamining,300,32,Resource Calendar 11342,2629.5658203693356,707.0987061259023
datamining,300,32,Resource Calendar 11349,2324.4978894798505,667.2681288006953
datamining,300,32,Resource Calendar 11353,2066.1451084707533,423.8026779399171
datamining,300,32,Resource Calendar 11387,2513.348397439903,651.2548589058309
datamining,300,32,Resource Calendar 11393,2825.6851147573025,796.3096903873914
datamining,300,32,Resource Calendar 11395,1744.5798951870331,579.0962360252942
datamining,300,32,Resource Calendar 11415,3291.553498588548,714.3544103647428
datamining,300,32,Resource Calendar 11469,2751.4867902722003,742.3217228888026
datamining,300,32,Resource Calendar 11509,2659.9492051259663,746.3000846125865
datamining,300,32,Resource Calendar 11515,2679.889950943145,605.2289488354493
datamining,300,32,Resource Calendar 11548,2554.1758627763757,822.0803639774277
datamining,300,32,Resource Calendar 11557,3366.8159745164603,655.483356391779
datamining,300,32,Resource Calendar 11568,3118.5025577249444,662.2068108054129
datamining,300,32,Resource Calendar 11571,2857.9114901431503,705.9027523257408
datamining,300,32,Resource Calendar 11583,2416.01061490204,491.8799955716064
datamining,300,32,Resource Calendar 11611,2368.149782548752,525.267639108649
datamining,300,32,Resource Calendar 11613,2445.428563095658,476.745785734204
datamining,300,32,Resource Calendar 11614,3180.9962220549783,731.9211611766484
datamining,300,32,Resource Calendar 11653,2268.1843754063298,543.314502167149
datamining,300,32,Resource Calendar 11678,3100.7331287205902,740.1906186871021
datamining,300,32,Resource Calendar 11692,2929.105976738566,791.4473303375828
datamining,300,32,Resource Calendar 117,2690.3636505265954,659.6682890389491
datamining,300,32,Resource Calendar 11706,2253.0857072890767,516.5919978247779
datamining,300,32,Resource Calendar 11759,2358.808134367332,651.4878384503695
datamining,300,32,Resource Calendar 11760,2491.6496652999167,706.4486966791427
datamining,300,32,Resource Calendar 11772,2336.0859400307945,461.90798735850973
datamining,300,32,Resource Calendar 11775,2532.0652436105365,677.2236691334914
datamining,300,32,Resource Calendar 11799,2855.241442638219,548.6289482323157
datamining,300,32,Resource Calendar 11805,2405.815432414943,661.8655351504331
datamining,300,32,Resource Calendar 11811,2500.7318036736374,674.6546014328596
datamining,300,32,Resource Calendar 11829,2467.0213639523895,488.6121397656585
datamining,300,32,Resource Calendar 11854,3558.6340305181543,787.9457873833586
datamining,300,32,Resource Calendar 11858,2688.7055219700655,654.37146959884
datamining,300,32,Resource Calendar 11861,2530.3777406548124,608.7048883530247
datamining,300,32,Resource Calendar 11959,2723.326795033974,705.5127835126075
datamining,300,32,Resource Calendar 11961,2495.629493311441,776.2464448592611
datamining,300,32,Resource Calendar 11973,2521.6294544695875,596.2671854500572
datamining,300,32,Resource Calendar 11993,2770.1378480538024,809.972628690746
datamining,300,32,Resource Calendar 12006,2731.1924146985066,777.5363094262037
datamining,300,32,Resource Calendar 12062,2123.4523272179817,384.68266225876886
datamining,300,32,Resource Calendar 12093,2330.592321946594,638.0395378657763
datamining,300,32,Resource Calendar 12129,2466.447959551512,637.747071558639
datamining,300,32,Resource Calendar 12175,2499.986730209083,554.4532558657486
datamining,300,32,Resource Calendar 12196,2944.160066616964,647.246327808826
datamining,300,32,Resource Calendar 12452,2917.4403387452217,507.1907099969329
datamining,300,32,Resource Calendar 12459,2657.2314488435068,526.0489992894643
datamining,300,32,Resource Calendar 12521,2517.958572200193,692.6180128495704
datamining,300,32,Resource Calendar 12532,2607.401954778542,632.9441257582068
datamining,300,32,Resource Calendar 12535,2850.632998824032,596.2206359176454
datamining,300,32,Resource Calendar 12548,2788.6612145443196,565.8959200091795
datamining,300,32,Resource Calendar 12814,2355.833302696216,691.4312439594046
datamining,300,32,Resource Calendar 12836,2514.4745047681604,646.4138989549234
datamining,300,32,Resource Calendar 12915,2686.621630942807,817.3447972167985
datamining,300,32,Resource Calendar 12935,2340.8298071675713,747.9224461070357
datamining,300,32,Resource Calendar 1295,2290.9291024613367,768.6209924161761
datamining,300,32,Resource Calendar 13014,2723.925150349355,619.5081426411779
datamining,300,32,Resource Calendar 1314,2889.488647522356,690.9319110105458
datamining,300,32,Resource Calendar 1343,3171.66371866379,957.7752317638394
datamining,300,32,Resource Calendar 13544,2305.4699176673716,803.8940183074691
datamining,300,32,Resource Calendar 13559,1971.8240925066552,596.7958951269632
datamining,300,32,Resource Calendar 13733,2295.946603354124,630.7112493688637
datamining,300,32,Resource Calendar 1378,3007.3455927658792,770.2512975363948
datamining,300,32,Resource Calendar 13803,2445.098125039073,659.5872981491534
datamining,300,32,Resource Calendar 14126,2590.335260432015,747.1768112757588
datamining,300,32,Resource Calendar 14128,2595.828048146277,518.6364315561323
datamining,300,32,Resource Calendar 1422,2980.5396263582074,619.7635072349079
datamining,300,32,Resource Calendar 14440,2361.8207765280276,598.5928950800886
datamining,300,32,Resource Calendar 1471,2262.422851161277,677.0758321105197
datamining,300,32,Resource Calendar 15057,2691.0891984511954,619.1245725438154
datamining,300,32,Resource Calendar 1515,3130.1122848215264,800.1034566154433
datamining,300,32,Resource Calendar 1524,1743.126376742924,757.324549387348
datamining,300,32,Resource Calendar 15315,3190.835020067707,891.6266917709497
datamining,300,32,Resource Calendar 15323,3206.302913549672,1212.4770476875417
datamining,300,32,Resource Calendar 15345,2500.4838422395005,621.1871290326278
datamining,300,32,Resource Calendar 15352,3158.465240881849,896.2234163368973
datamining,300,32,Resource Calendar 15356,1880.3587748123907,496.41786280872867
datamining,300,32,Resource Calendar 15370,2222.8195496855556,608.3066118297427
datamining,300,32,Resource Calendar 15547,2610.3238700893185,613.5293728020156
datamining,300,32,Resource Calendar 15612,2180.539759542773,453.12907789576735
datamining,300,32,Resource Calendar 157,2383.825498565857,560.978321079068
datamining,300,32,Resource Calendar 15862,3124.3864824429393,677.1022672012114
datamining,300,32,Resource Calendar 15884,2518.721988489903,659.4930682949009
datamining,300,32,Resource Calendar 15930,2588.319902270246,830.7869921082809
datamining,300,32,Resource Calendar 15957,2449.052410513722,679.9075737131302
datamining,300,32,Resource Calendar 16273,2597.4544403828636,703.8945143539572
datamining,300,32,Resource Calendar 163,2579.608924197364,554.609931428853
datamining,300,32,Resource Calendar 1646,2938.030673541971,692.2347616007511
datamining,300,32,Resource Calendar 16695,3085.9209103586077,708.2365691013911
datamining,300,32,Resource Calendar 1684,3133.211924092703,543.6873238758973
datamining,300,32,Resource Calendar 1707,2971.0275186274976,715.7608703987016
datamining,300,32,Resource Calendar 17296,2533.5216101570904,716.3850227260943
datamining,300,32,Resource Calendar 17379,1723.1004815336548,525.0452270914212
datamining,300,32,Resource Calendar 17525,2760.345636268088,968.0430915402137
datamining,300,32,Resource Calendar 17625,2339.465940489993,636.4550865671047
datamining,300,32,Resource Calendar 17642,2650.888582182958,743.8531507377047
datamining,300,32,Resource Calendar 17769,2327.7548873331484,541.4360157207609
datamining,300,32,Resource Calendar 17807,2583.764434853257,778.533968870364
datamining,300,32,Resource Calendar 17872,3088.524954704381,800.6652099338078
datamining,300,32,Resource Calendar 1792,2458.0766686195757,689.0547533804454
datamining,300,32,Resource Calendar 1795,2632.798872906514,672.2442101735393
datamining,300,32,Resource Calendar 17965,2518.9852635503817,654.0702316043495
datamining,300,32,Resource Calendar 18289,2484.3286095512985,601.8540914950262
datamining,300,32,Resource Calendar 18317,2751.420447076412,618.6375296087147
datamining,300,32,Resource Calendar 18501,2605.935523414893,647.6315852043107
datamining,300,32,Resource Calendar 186,2637.9167695517262,657.3063250043263
datamining,300,32,Resource Calendar 1860,2220.1207148874405,565.9938837246766
datamining,300,32,Resource Calendar 18760,2315.4154794208926,592.2565696247112
datamining,300,32,Resource Calendar 18929,2659.278459262003,612.2656167583305
datamining,300,32,Resource Calendar 18942,2251.831465094798,489.8000525220518
datamining,300,32,Resource Calendar 19019,3820.810063643829,831.9226372349871
datamining,300,32,Resource Calendar 1910,2639.474763433483,596.252019851371
datamining,300,32,Resource Calendar 19214,2783.8679502916048,483.6520655104147
datamining,300,32,Resource Calendar 19295,2396.1521452832117,699.4346438690502
datamining,300,32,Resource Calendar 19296,1988.6390103729027,637.0843480678565
datamining,300,32,Resource Calendar 1934,2119.995611422307,417.64425434140605
datamining,300,32,Resource Calendar 19422,1933.6782580597078,492.1180692962528
datamining,300,32,Resource Calendar 19531,2779.3820821903796,786.7744490699183
datamining,300,32,Resource Calendar 19572,2590.9757651566943,608.4528945804633
datamining,300,32,Resource Calendar 19582,3477.459846746302,834.9025029740419
datamining,300,32,Resource Calendar 1959,2512.0899409344124,614.5453489259442
datamining,300,32,Resource Calendar 19591,2577.4110906219116,808.733295277705
datamining,300,32,Resource Calendar 19692,2665.938114959444,702.9505820170613
datamining,300,32,Resource Calendar 19746,2533.4969379834697,640.1052124143465
datamining,300,32,Resource Calendar 19811,2618.038537581407,646.5517961465995
datamining,300,32,Resource Calendar 19916,2189.4086854171765,764.3476948487216
datamining,300,32,Resource Calendar 1995,2236.5065996449266,602.8889889467254
datamining,300,32,Resource Calendar 20194,2777.481323327532,508.720812972291
datamining,300,32,Resource Calendar 2045,2084.3448515341033,601.3426022990728
datamining,300,32,Resource Calendar 2091,2451.0825540098963,494.61845677728877
datamining,300,32,Resource Calendar 21188,3575.846978865908,733.36392476185
datamining,300,32,Resource Calendar 2133,2972.2790691937253,736.8796678434518
datamining,300,32,Resource Calendar 2144,3099.890911179205,692.2202086915129
datamining,300,32,Resource Calendar 2150,2610.7373705413684,655.5042832585858
datamining,300,32,Resource Calendar 2154,2202.725561282047,526.1008976505601
datamining,300,32,Resource Calendar 21562,2826.1256229305563,569.964054498461
datamining,300,32,Resource Calendar 22074,2702.282268200237,662.9543258104179
datamining,300,32,Resource Calendar 22377,2766.835387566104,575.8547777627455
datamining,300,32,Resource Calendar 22404,3172.9414801171906,591.7394586578613
datamining,300,32,Resource Calendar 22437,2025.7805155342992,655.9900495240889
datamining,300,32,Resource Calendar 22438,2573.5881174311294,638.3139764695045
datamining,300,32,Resource Calendar 22439,2725.2305192851272,693.9436089120353
datamining,300,32,Resource Calendar 22475,3502.507064228161,904.4658783983297
datamining,300,32,Resource Calendar 22476,2671.0483046859717,655.6062819598781
datamining,300,32,Resource Calendar 22478,2504.5337275709658,698.8837970583929
datamining,300,32,Resource Calendar 22485,2874.307690447381,578.3125299774167
datamining,300,32,Resource Calendar 22490,2365.0574257432872,660.97507687886
datamining,300,32,Resource Calendar 22491,2679.6670168683772,726.0213333986684
datamining,300,32,Resource Calendar 22496,2441.3947645949474,581.77251362985
datamining,300,32,Resource Calendar 22529,3020.337115598056,707.347954444455
datamining,300,32,Resource Calendar 22533,2881.628218550751,749.0064810267353
datamining,300,32,Resource Calendar 22534,1875.2509267935088,484.9199948684646
datamining,300,32,Resource Calendar 22543,2567.588830712914,777.8221489995951
datamining,300,32,Resource Calendar 22560,2141.788669259337,533.7145999261387
datamining,300,32,Resource Calendar 22592,2509.1515205619025,641.5449851222951
datamining,300,32,Resource Calendar 22624,3344.4680213529446,893.3330956291945
datamining,300,32,Resource Calendar 22736,2464.8004773960915,788.9867114817011
datamining,300,32,Resource Calendar 2274,2014.3903738936417,669.0250132500862
datamining,300,32,Resource Calendar 22785,2407.397639727353,796.0195764394972
datamining,300,32,Resource Calendar 22795,2141.1607530887904,735.8472277787718
datamining,300,32,Resource Calendar 22829,2568.4747597518854,680.7565257842556
datamining,300,32,Resource Calendar 2292,3109.081609716922,701.4130807642699
datamining,300,32,Resource Calendar 22940,2723.3577573764373,677.750185604414
datamining,300,32,Resource Calendar 22950,2713.043674198291,755.2703464350197
datamining,300,32,Resource Calendar 22962,2481.526482134058,635.6832577156215
datamining,300,32,Resource Calendar 23335,2263.5443778982954,709.1078966487545
datamining,300,32,Resource Calendar 23530,2713.3276687086022,540.8609717666321
datamining,300,32,Resource Calendar 23842,2246.9755592752185,589.3929621402806
datamining,300,32,Resource Calendar 2391,2396.7960652817133,473.776998383698
datamining,300,32,Resource Calendar 23934,2880.5000370947046,782.7589251315686
datamining,300,32,Resource Calendar 23978,2270.677770706934,537.4955598267908
datamining,300,32,Resource Calendar 2408,2292.5765572073733,677.3927175123222
datamining,300,32,Resource Calendar 241,2489.38487946597,894.61573864819
datamining,300,32,Resource Calendar 2440,2801.04722198809,777.0317596990934
datamining,300,32,Resource Calendar 24517,1953.6539321555756,527.6511434239309
datamining,300,32,Resource Calendar 24519,2427.734614328209,515.1887398596865
datamining,300,32,Resource Calendar 2453,2609.0258928354465,691.2124592774499
datamining,300,32,Resource Calendar 24536,1607.2196200854887,405.71593519128777
datamining,300,32,Resource Calendar 24544,2707.4727982606328,636.5324994891265
datamining,300,32,Resource Calendar 2463,2566.267129352963,670.4982801288515
datamining,300,32,Resource Calendar 2465,2143.2387722409517,570.636376632382
datamining,300,32,Resource Calendar 2506,2521.5528347737018,505.55840460969813
datamining,300,32,Resource Calendar 2512,2587.158672771111,663.927355636588
datamining,300,32,Resource Calendar 25141,2183.469214573933,537.9672897609089
datamining,300,32,Resource Calendar 2541,2573.3842121824073,574.6500272639261
datamining,300,32,Resource Calendar 261,2519.3146229004865,556.1804710182104
datamining,300,32,Resource Calendar 26147,2209.375387398668,761.4293897847213
datamining,300,32,Resource Calendar 26248,2411.523908766655,588.2518060787654
datamining,300,32,Resource Calendar 26259,2658.472373557025,664.9494000650154
datamining,300,32,Resource Calendar 26271,2333.7779129842856,755.415516365337
datamining,300,32,Resource Calendar 26298,2365.191566806037,576.6444884393514
datamining,300,32,Resource Calendar 26321,2760.448279010813,722.7626298629308
datamining,300,32,Resource Calendar 26344,2968.919344547872,661.5634212651656
datamining,300,32,Resource Calendar 26348,2476.07972498186,495.2230813485565
datamining,300,32,Resource Calendar 26359,3054.383762888757,694.3160008158195
datamining,300,32,Resource Calendar 2649,2225.643035439033,746.863851033603
datamining,300,32,Resource Calendar 26756,2702.52371589512,772.0970371793873
datamining,300,32,Resource Calendar 26757,2928.646982609133,595.4187884023258
datamining,300,32,Resource Calendar 26758,1978.4415038203106,474.0349305988343
datamining,300,32,Resource Calendar 26759,1991.4160154510666,511.82601135186
datamining,300,32,Resource Calendar 26762,2447.486795108129,588.1015718881222
datamining,300,32,Resource Calendar 26763,2722.8655729645693,680.0208784378473
datamining,300,32,Resource Calendar 26767,2147.139036779355,527.3181190107775
datamining,300,32,Resource Calendar 26772,2706.528344731232,655.9248059658387
datamining,300,32,Resource Calendar 26780,2920.1071166993984,766.4937441438118
datamining,300,32,Resource Calendar 26788,2683.46050568346,677.3812526364201
datamining,300,32,Resource Calendar 26789,2831.1452453203447,877.9562260380761
datamining,300,32,Resource Calendar 26793,2781.2427622498694,677.6330897352975
datamining,300,32,Resource Calendar 26796,2409.197956566721,824.4285687248233
datamining,300,32,Resource Calendar 27293,2728.5305042886025,920.3913948978623
datamining,300,32,Resource Calendar 2735,2501.1912339939486,602.1880100327248
datamining,300,32,Resource Calendar 2740,2219.153154568545,456.90708359982835
datamining,300,32,Resource Calendar 2804,2537.2293236205087,808.6051633204444
datamining,300,32,Resource Calendar 2834,2520.156712941015,609.274286701552
datamining,300,32,Resource Calendar 28881,2921.3416930628714,843.1403466958546
datamining,300,32,Resource Calendar 2925,2981.1641537063315,846.8504723931146
datamining,300,32,Resource Calendar 29274,2281.630371876925,591.1466694423916
datamining,300,32,Resource Calendar 29276,2174.791568755266,544.0599982462355
datamining,300,32,Resource Calendar 29277,2498.515049916378,478.3401877283177
datamining,300,32,Resource Calendar 29280,2415.0182217852976,599.7523419742024
datamining,300,32,Resource Calendar 29281,3002.3639756296643,613.9158459823634
datamining,300,32,Resource Calendar 294,2828.8164023630547,672.2155868735343
datamining,300,32,Resource Calendar 29577,2668.0970226471622,812.4592858059244
datamining,300,32,Resource Calendar 29578,2436.0447436607033,655.2155987899539
datamining,300,32,Resource Calendar 29579,2783.442329604767,685.1465836102029
datamining,300,32,Resource Calendar 2970,2789.4197858821053,546.3472676751711
datamining,300,32,Resource Calendar 29704,2232.712904533844,623.4576000424078
datamining,300,32,Resource Calendar 2981,2865.320350037795,615.0008190370972
datamining,300,32,Resource Calendar 3003,2842.132141127813,818.6017799833186
datamining,300,32,Resource Calendar 3019,2757.5843266539914,615.783724318338
datamining,300,32,Resource Calendar 305,2415.213388590067,645.7026908378726
datamining,300,32,Resource Calendar 3057,2441.2342296555803,600.2702600570069
datamining,300,32,Resource Calendar 308,2248.4424185965863,603.3549433365564
datamining,300,32,Resource Calendar 3108,2372.336361498667,648.5804873729162
datamining,300,32,Resource Calendar 3113,2204.8894662176617,605.3280065349952
datamining,300,32,Resource Calendar 3149,2836.6712214152176,563.6646242194562
datamining,300,32,Resource Calendar 3296,2112.7815474494446,727.6573612151391
datamining,300,32,Resource Calendar 3409,2360.1584038347137,686.2880203466154
datamining,300,32,Resource Calendar 341,2346.042460433884,529.9479461781938
datamining,300,32,Resource Calendar 3421,2277.7411128540957,544.2227408677478
datamining,300,32,Resource Calendar 3445,2872.9030272890996,851.7445408952506
datamining,300,32,Resource Calendar 3480,2155.270062048735,609.8769209605962
datamining,300,32,Resource Calendar 3502,2483.901583713228,674.5584927763537
datamining,300,32,Resource Calendar 3510,2004.0956003853275,657.1006235713942
datamining,300,32,Resource Calendar 3603,3516.7894299241198,770.938994676669
datamining,300,32,Resource Calendar 3656,2443.876885484991,747.1134130890888
datamining,300,32,Resource Calendar 369,3037.517413962743,702.8806633691503
datamining,300,32,Resource Calendar 3695,2460.397720423998,619.6133255639552
datamining,300,32,Resource Calendar 3703,3149.3786276690794,801.9182275566085
datamining,300,32,Resource Calendar 3729,2725.4682655470137,665.138332357917
datamining,300,32,Resource Calendar 3747,2332.8545494534806,653.6355922625304
datamining,300,32,Resource Calendar 3796,2186.800706838053,532.102873947236
datamining,300,32,Resource Calendar 3815,2823.167152202371,655.1561336779038
datamining,300,32,Resource Calendar 387,2339.1355086612093,540.6529692949053
datamining,300,32,Resource Calendar 3917,2468.6216513054865,570.5700038950373
datamining,300,32,Resource Calendar 3926,2457.124172153873,578.8889521266715
datamining,300,32,Resource Calendar 397,2590.1016656513066,603.6462424104816
datamining,300,32,Resource Calendar 4032,2937.1554560423724,664.1252868975564
datamining,300,32,Resource Calendar 4067,2318.2454345649394,584.7172841974093
datamining,300,32,Resource Calendar 410,2726.607833779271,574.453631554454
datamining,300,32,Resource Calendar 4126,2804.030919544485,680.9672890325135
datamining,300,32,Resource Calendar 4130,2517.334568994088,601.4051933022185
datamining,300,32,Resource Calendar 4148,2134.010652184076,536.8981575304373
datamining,300,32,Resource Calendar 436,2670.0201225178744,644.0416703387958
datamining,300,32,Resource Calendar 4441,3053.7025180410587,850.5580550198504
datamining,300,32,Resource Calendar 4457,2154.0644309219774,514.0474691894767
datamining,300,32,Resource Calendar 448,3689.404300219186,728.7038937139723
datamining,300,32,Resource Calendar 4560,2717.2625046679673,690.4578354096848
datamining,300,32,Resource Calendar 4701,2687.9103972044068,788.1628081750355
datamining,300,32,Resource Calendar 4708,2884.8254695841483,790.311046289528
datamining,300,32,Resource Calendar 4745,2407.2786620821903,635.5953828512615
datamining,300,32,Resource Calendar 4765,2393.0476406363473,623.6975788273967
datamining,300,32,Resource Calendar 4834,2332.237506005216,575.4778417349982
datamining,300,32,Resource Calendar 4840,2636.504414229831,576.9377444181987
datamining,300,32,Resource Calendar 4867,2244.0412526485384,795.9615204854861
datamining,300,32,Resource Calendar 49,2493.418879753775,782.9789644818957
datamining,300,32,Resource Calendar 4905,2968.31054152703,527.2982400452262
datamining,300,32,Resource Calendar 4912,2832.4785739390272,641.9343741466521
datamining,300,32,Resource Calendar 4913,2741.6470942958767,736.6411067306691
datamining,300,32,Resource Calendar 4918,2760.622827711176,723.6989038309092
datamining,300,32,Resource Calendar 4924,2525.8114784560157,711.9326100903114
datamining,300,32,Resource Calendar 5020,2226.01667528281,651.94847244025
datamining,300,32,Resource Calendar 5028,2024.5970317099814,447.2316855179089
datamining,300,32,Resource Calendar 5064,2762.642263409142,792.5832684305744
datamining,300,32,Resource Calendar 5151,2071.8206603339863,536.0213684361453
datamining,300,32,Resource Calendar 5154,1993.7704447312306,734.9255155392034
datamining,300,32,Resource Calendar 5183,2314.0887299568385,555.9038916044341
datamining,300,32,Resource Calendar 5189,3042.5693145688015,795.2545962018869
datamining,300,32,Resource Calendar 5221,3354.893126115598,761.5953598582231
datamining,300,32,Resource Calendar 5275,2920.9235460160457,832.0284676478201
datamining,300,32,Resource Calendar 528,2178.1357600066735,524.8673452904239
datamining,300,32,Resource Calendar 5290,2530.6869346531175,740.2428433169636
datamining,300,32,Resource Calendar 5292,2539.618744664338,629.6219303720916
datamining,300,32,Resource Calendar 5330,2163.6612386691,511.4155858116683
datamining,300,32,Resource Calendar 5396,3700.5859970811207,804.6594424780376
datamining,300,32,Resource Calendar 5488,2682.5153505637354,819.4803954701811
datamining,300,32,Resource Calendar 5506,2292.709095314581,556.9631486530811
datamining,300,32,Resource Calendar 5571,2133.1565999834643,505.9863449565379
datamining,300,32,Resource Calendar 5573,2196.7075513547798,558.8053807284936
datamining,300,32,Resource Calendar 5588,2944.5537963260253,750.1070656092082
datamining,300,32,Resource Calendar 559,2459.400946062629,779.3533600161564
datamining,300,32,Resource Calendar 5593,2869.84241307877,646.3658228062624
datamining,300,32,Resource Calendar 5613,2476.9858464609283,699.1489690746819
datamining,300,32,Resource Calendar 5641,2304.1468898150542,549.0519515758045
datamining,300,32,Resource Calendar 566,3058.7889041228404,748.7857172632678
datamining,300,32,Resource Calendar 5667,2292.566651300829,733.6959952139144
datamining,300,32,Resource Calendar 5668,2542.7945285947167,834.003467785849
datamining,300,32,Resource Calendar 5714,2426.9804206105973,719.140714230966
datamining,300,32,Resource Calendar 5778,2611.707284268319,704.4165030993248
datamining,300,32,Resource Calendar 5793,2473.5143474989536,721.4837698634418
datamining,300,32,Resource Calendar 5802,2706.0161876481784,770.3940209310102
datamining,300,32,Resource Calendar 5858,2774.6021671360086,641.915602487298
datamining,300,32,Resource Calendar 5883,2295.3363714424086,607.4932620102333
datamining,300,32,Resource Calendar 5972,2083.534177880371,590.442443202786
datamining,300,32,Resource Calendar 6004,2400.1957652910096,490.2180248625003
datamining,300,32,Resource Calendar 6039,2550.1254220699316,796.3321298523939
datamining,300,32,Resource Calendar 6101,2814.0022975868746,863.4831619222664
datamining,300,32,Resource Calendar 6107,2187.567814763097,619.611636914818
datamining,300,32,Resource Calendar 6159,2540.5971935386547,607.3449654860583
datamining,300,32,Resource Calendar 6186,1661.7962214277152,480.1773767888735
datamining,300,32,Resource Calendar 6204,2464.7509641869306,659.4972797385177
datamining,300,32,Resource Calendar 6229,2378.680064902262,647.0770127757135
datamining,300,32,Resource Calendar 6231,3071.142911927521,554.0988313941642
datamining,300,32,Resource Calendar 6260,2507.057395218031,512.1324180882368
datamining,300,32,Resource Calendar 6369,2089.179574737932,494.4741628619601
datamining,300,32,Resource Calendar 6400,2702.331630886053,838.0513873835517
datamining,300,32,Resource Calendar 6410,3148.3168759598784,928.3186295857449
datamining,300,32,Resource Calendar 6426,2358.0282567313197,789.082697032456
datamining,300,32,Resource Calendar 6437,2907.4933173386794,600.9325701263508
datamining,300,32,Resource Calendar 6469,2304.2052960523615,558.1922526100878
datamining,300,32,Resource Calendar 6497,3127.2387779069036,840.7032052056106
datamining,300,32,Resource Calendar 6520,2326.214699783864,466.9331642567099
datamining,300,32,Resource Calendar 6551,2435.5725652595142,717.8877162797233
datamining,300,32,Resource Calendar 6572,3589.0199855968676,771.3328071324967
datamining,300,32,Resource Calendar 659,2966.7630167862553,821.1471050699163
datamining,300,32,Resource Calendar 6598,2177.5901211181094,505.87636091167104
datamining,300,32,Resource Calendar 6625,2528.1365187429747,719.3277402184203
datamining,300,32,Resource Calendar 6629,3066.747180554421,796.9154921072427
datamining,300,32,Resource Calendar 6639,2910.2333923501837,754.1466041605544
datamining,300,32,Resource Calendar 669,2711.0561180703385,869.694473361527
datamining,300,32,Resource Calendar 6694,2745.8486991965433,648.282969877123
datamining,300,32,Resource Calendar 6723,2283.3293315885962,672.4013854412998
datamining,300,32,Resource Calendar 6767,2564.102579847025,827.678114733237
datamining,300,32,Resource Calendar 677,2349.334993025342,650.6675911328523
datamining,300,32,Resource Calendar 6799,3272.3831622480675,763.08291535729
datamining,300,32,Resource Calendar 6844,2037.5765300592745,536.5465544969824
datamining,300,32,Resource Calendar 6851,2471.627794354114,724.0406122983659
datamining,300,32,Resource Calendar 6872,2572.562652544678,733.7954687014978
datamining,300,32,Resource Calendar 6876,3105.556898285565,706.7610014103187
datamining,300,32,Resource Calendar 6889,2906.4055235264796,708.2134691888416
datamining,300,32,Resource Calendar 6894,2382.24251319167,624.6728939496247
datamining,300,32,Resource Calendar 695,2960.446123695136,810.068668868258
datamining,300,32,Resource Calendar 6952,2582.0472011325687,751.8712561610224
datamining,300,32,Resource Calendar 6954,2696.0111713592987,759.1710568454013
datamining,300,32,Resource Calendar 6958,2940.5863215377008,599.7893834381424
datamining,300,32,Resource Calendar 6971,2531.216167425831,621.1743652406841
datamining,300,32,Resource Calendar 6979,2373.400946329302,722.8671216372878
datamining,300,32,Resource Calendar 6985,2601.9335715624625,672.2842151921969
datamining,300,32,Resource Calendar 6987,2860.6671741307796,661.1756455661208
datamining,300,32,Resource Calendar 6990,2916.8328080133538,841.6095080971909
datamining,300,32,Resource Calendar 6995,2589.7079582848232,884.287476538463
datamining,300,32,Resource Calendar 7007,2850.859102471642,838.355143802255
datamining,300,32,Resource Calendar 7010,2712.2093932846324,786.799379496166
datamining,300,32,Resource Calendar 7019,2495.653253869102,561.9418712374697
datamining,300,32,Resource Calendar 7039,2047.8413912587534,492.69408034849647
datamining,300,32,Resource Calendar 7071,2846.664865897669,836.0011728728597
datamining,300,32,Resource Calendar 7080,2773.7915850475656,649.9911664477775
datamining,300,32,Resource Calendar 7088,2311.201719629226,532.2957708155716
datamining,300,32,Resource Calendar 7091,2402.7123986601887,499.72971730595503
datamining,300,32,Resource Calendar 7137,2623.670478915463,723.0339438669931
datamining,300,32,Resource Calendar 7143,2367.075597494216,535.0078920151502
datamining,300,32,Resource Calendar 7144,2467.377281913691,661.4540759881086
datamining,300,32,Resource Calendar 7147,3054.218849839268,871.5987937311553
datamining,300,32,Resource Calendar 716,2827.3815465760194,716.3282092616558
datamining,300,32,Resource Calendar 7177,3027.568502076577,672.0819783100321
datamining,300,32,Resource Calendar 7186,2480.5876996082375,684.2952394614462
datamining,300,32,Resource Calendar 7297,2787.3211453013378,712.4753866128063
datamining,300,32,Resource Calendar 7299,2180.681654241507,557.3567763317354
datamining,300,32,Resource Calendar 7304,3011.8553958064363,530.4038683310474
datamining,300,32,Resource Calendar 7311,1962.6634603857233,507.8572419757862
datamining,300,32,Resource Calendar 7314,2707.7843961721505,509.3542145496739
datamining,300,32,Resource Calendar 7316,2858.8904293836763,737.5307267252927
datamining,300,32,Resource Calendar 7320,3071.5037062638235,689.3857786036932
datamining,300,32,Resource Calendar 7323,2432.9725718586774,606.5861581461406
datamining,300,32,Resource Calendar 7324,2592.6026513963234,484.60054830396854
datamining,300,32,Resource Calendar 7331,3019.085251922175,601.5176920301634
datamining,300,32,Resource Calendar 7355,2582.558151201912,474.7976058071313
datamining,300,32,Resource Calendar 7369,2603.6328013554303,689.6386176767694
datamining,300,32,Resource Calendar 7374,2540.1301208309237,659.2129091546137
datamining,300,32,Resource Calendar 7387,2457.4811025767167,630.998879091719
datamining,300,32,Resource Calendar 7389,2237.378915758651,590.0407887913108
datamining,300,32,Resource Calendar 7394,2284.9027439073534,628.2984458152594
datamining,300,32,Resource Calendar 7423,2033.752123445149,655.8360239211635
datamining,300,32,Resource Calendar 7490,2367.6554328627453,664.1022313353765
datamining,300,32,Resource Calendar 7492,2586.8486435633336,694.7154068544826
datamining,300,32,Resource Calendar 7518,2145.272280487014,507.6412171574243
datamining,300,32,Resource Calendar 754,2203.4363916860293,712.1706211066413
datamining,300,32,Resource Calendar 7573,1961.592283241172,645.8342818931148
datamining,300,32,Resource Calendar 7574,2235.1894633537863,597.8458847816972
datamining,300,32,Resource Calendar 7592,2759.938516414494,635.9034115599087
datamining,300,32,Resource Calendar 7599,2819.4619454152994,766.3982905368647
datamining,300,32,Resource Calendar 7611,2924.4279630170518,901.1030562693805
datamining,300,32,Resource Calendar 7628,2979.2672465191963,864.3719284229593
datamining,300,32,Resource Calendar 7638,2178.405778113355,609.6604564771148
datamining,300,32,Resource Calendar 7641,2937.310242667921,678.5549015651408
datamining,300,32,Resource Calendar 7650,2859.7811318560803,709.3761990092187
datamining,300,32,Resource Calendar 7660,2258.756881684338,460.265876452548
datamining,300,32,Resource Calendar 7664,2516.307492980069,456.7796632033865
datamining,300,32,Resource Calendar 7682,2296.115099593229,601.0599481643554
datamining,300,32,Resource Calendar 7717,2027.8256273735346,492.076350721331
datamining,300,32,Resource Calendar 7736,2099.9436795015695,534.5094135820848
datamining,300,32,Resource Calendar 7763,2474.5983600237873,802.9260841459906
datamining,300,32,Resource Calendar 7770,2610.8473823589393,738.6732828531782
datamining,300,32,Resource Calendar 7775,2378.2871583309225,653.9016344069885
datamining,300,32,Resource Calendar 7781,2493.1469523529963,606.1917704524631
datamining,300,32,Resource Calendar 7783,1961.7253572713719,508.75363094940496
datamining,300,32,Resource Calendar 7819,3268.684007146853,664.6039137263435
datamining,300,32,Resource Calendar 7820,2117.3530056568993,574.6698011263244
datamining,300,32,Resource Calendar 7824,2855.4717085851416,651.1105272639894
datamining,300,32,Resource Calendar 7836,2818.469466478167,589.5188891665163
datamining,300,32,Resource Calendar 7854,2576.6718600240024,619.152228585749
datamining,300,32,Resource Calendar 7862,2028.32945854372,605.9508116489358
datamining,300,32,Resource Calendar 7897,2424.0695314511972,529.5497996049273
datamining,300,32,Resource Calendar 7963,2891.729274078747,591.5961717312734
datamining,300,32,Resource Calendar 8022,3030.245785724679,721.6944496417867
datamining,300,32,Resource Calendar 8032,2273.821599030639,561.4762374508273
datamining,300,32,Resource Calendar 8033,2590.714789324838,863.5637452077485
datamining,300,32,Resource Calendar 8064,2832.773066592499,652.2404744870875
datamining,300,32,Resource Calendar 8065,2554.235674849736,697.2601244644517
datamining,300,32,Resource Calendar 8112,2388.472476703511,619.3610238923201
datamining,300,32,Resource Calendar 8121,2669.298498155274,754.4079393698468
datamining,300,32,Resource Calendar 8139,2264.418864221734,607.8178576112109
datamining,300,32,Resource Calendar 8142,2220.2367567993947,599.6810202228204
datamining,300,32,Resource Calendar 8147,2477.3365760488928,610.3247301899905
datamining,300,32,Resource Calendar 8160,2522.2657797268453,876.3329944754071
datamining,300,32,Resource Calendar 8164,2708.1369009930554,693.209972728517
datamining,300,32,Resource Calendar 8177,2755.770950372879,714.498633807839
datamining,300,32,Resource Calendar 8186,2691.4619547478173,672.1813553837117
datamining,300,32,Resource Calendar 8188,2610.4643404634035,763.1889567117045
datamining,300,32,Resource Calendar 8203,2524.640408583768,734.7575302617004
datamining,300,32,Resource Calendar 8213,2644.3279930507297,641.4944107734937
datamining,300,32,Resource Calendar 8223,2480.1873296615063,573.3222782199867
datamining,300,32,Resource Calendar 8225,2691.419838539828,706.1112893505789
datamining,300,32,Resource Calendar 8248,3349.8826021996856,760.8931783291678
datamining,300,32,Resource Calendar 8263,2415.4079756134875,648.6028738692861
datamining,300,32,Resource Calendar 8268,2632.388537818586,641.6784644330305
datamining,300,32,Resource Calendar 8365,2219.129509401437,602.6441716110105
datamining,300,32,Resource Calendar 8371,2919.253069544728,626.6235228093612
datamining,300,32,Resource Calendar 8382,3142.661306390445,873.259471015928
datamining,300,32,Resource Calendar 8416,2878.3241003924504,661.0674413212296
datamining,300,32,Resource Calendar 8428,2044.3743704690798,580.1573565416633
datamining,300,32,Resource Calendar 8443,2694.828408994616,615.0866725384636
datamining,300,32,Resource Calendar 8450,2684.8976936135896,790.7787553810176
datamining,300,32,Resource Calendar 8455,1801.14395168105,466.95671538422033
datamining,300,32,Resource Calendar 8461,2334.6082521743,610.7901711245865
datamining,300,32,Resource Calendar 8475,2014.7444279315646,560.5845539334917
datamining,300,32,Resource Calendar 8486,2508.0129864646183,576.3076021811854
datamining,300,32,Resource Calendar 8491,1698.102062017075,607.3110435771537
datamining,300,32,Resource Calendar 8498,2436.3761189919587,638.4234070488366
datamining,300,32,Resource Calendar 8525,2258.684791477906,576.9592074208834
datamining,300,32,Resource Calendar 8528,2403.3282757867046,543.6166428624657
datamining,300,32,Resource Calendar 8532,2039.9922911818387,473.5955428495764
datamining,300,32,Resource Calendar 8536,2286.3353317958463,739.8861792531585
datamining,300,32,Resource Calendar 8556,2452.3167188271946,757.612235551945
datamining,300,32,Resource Calendar 8572,2560.2059434664857,640.3327601626722
datamining,300,32,Resource Calendar 8587,2447.0779025264815,745.4913326043708
datamining,300,32,Resource Calendar 8588,2591.375647782827,658.379993052428
datamining,300,32,Resource Calendar 8614,2720.3911212837506,555.0661179216846
datamining,300,32,Resource Calendar 8651,2485.200217243181,613.3278916423106
datamining,300,32,Resource Calendar 8655,2138.037195104562,535.9726943242506
datamining,300,32,Resource Calendar 8661,2600.7277883628117,673.8597774241844
datamining,300,32,Resource Calendar 8688,2610.2511339923103,631.0082380085977
datamining,300,32,Resource Calendar 8708,1926.387639074634,448.01370155066746
datamining,300,32,Resource Calendar 8727,2022.044990934236,688.9198793383633
datamining,300,32,Resource Calendar 8736,1536.98202892846,419.24965756585584
datamining,300,32,Resource Calendar 8744,2883.065361044702,801.9921789576326
datamining,300,32,Resource Calendar 8749,2472.52415790038,586.9969910868336
datamining,300,32,Resource Calendar 8772,2225.3917692239443,845.4949340880397
datamining,300,32,Resource Calendar 8774,2642.0196641152816,695.9220234209786
datamining,300,32,Resource Calendar 8786,2338.051992426261,493.4023236584607
datamining,300,32,Resource Calendar 8797,2696.7214539045935,609.5635944062043
datamining,300,32,Resource Calendar 8813,2515.368195165468,711.6001586369669
datamining,300,32,Resource Calendar 8819,2475.0304556987567,736.8900904660152
datamining,300,32,Resource Calendar 8824,2818.6831387151465,655.616133750927
datamining,300,32,Resource Calendar 8854,2327.1407859689625,761.59294536193
datamining,300,32,Resource Calendar 8856,2330.1771099070916,468.52064887444163
datamining,300,32,Resource Calendar 8882,2486.899233031983,736.2983333476091
datamining,300,32,Resource Calendar 8916,2518.018748961804,638.4258276856144
datamining,300,32,Resource Calendar 8955,2190.571143265556,686.12825510637
datamining,300,32,Resource Calendar 8973,2531.994417451715,652.3609186777466
datamining,300,32,Resource Calendar 8995,2056.1448407882835,624.1148927672263
datamining,300,32,Resource Calendar 8997,2482.830990038873,750.4279153014077
datamining,300,32,Resource Calendar 9146,2924.754824595241,799.5481218891947
datamining,300,32,Resource Calendar 9154,1962.9862101648343,574.7018387536747
datamining,300,32,Resource Calendar 9184,2537.1202708791952,594.9307453427526
datamining,300,32,Resource Calendar 9187,2564.5752881513936,754.5641590663525
datamining,300,32,Resource Calendar 920,3195.9825489213677,885.1119633982834
datamining,300,32,Resource Calendar 9249,2559.9172493649908,629.7527882273312
datamining,300,32,Resource Calendar 9298,2548.29853384847,627.9504421732502
datamining,300,32,Resource Calendar 9332,2027.4123804426747,566.566478284529
datamining,300,32,Resource Calendar 9335,2728.5523735689203,776.5326471453443
datamining,300,32,Resource Calendar 9336,2291.5980538340514,627.6826031261779
datamining,300,32,Resource Calendar 9348,2995.6105293738046,899.7097986281144
datamining,300,32,Resource Calendar 9379,2608.268085696036,780.5824292694233
datamining,300,32,Resource Calendar 9384,2393.7137974642283,715.4133035177967
datamining,300,32,Resource Calendar 9404,2485.382578768118,778.8078925056551
datamining,300,32,Resource Calendar 9420,2325.428386588309,908.4536390855329
datamining,300,32,Resource Calendar 9427,2800.1277567159977,623.933233895731
datamining,300,32,Resource Calendar 943,2966.856178427914,793.2019314417428
datamining,300,32,Resource Calendar 9433,2481.243010014202,811.5937166193285
datamining,300,32,Resource Calendar 9437,2869.5929085966754,633.7852693676585
datamining,300,32,Resource Calendar 9445,3149.91333629289,728.4385201352787
datamining,300,32,Resource Calendar 9449,2439.901912100785,662.9398617473915
datamining,300,32,Resource Calendar 9451,2535.9285319667156,649.3986866717624
datamining,300,32,Resource Calendar 9452,2692.653335945444,1013.1546398917884
datamining,300,32,Resource Calendar 9477,3032.7454277943643,764.6372627413675
datamining,300,32,Resource Calendar 9483,2491.3624957409147,658.9780293044826
datamining,300,32,Resource Calendar 9484,2484.5576254363004,651.328528893867
datamining,300,32,Resource Calendar 9489,1776.5179260465613,429.7999848900432
datamining,300,32,Resource Calendar 9509,2736.795226372382,740.3471614871982
datamining,300,32,Resource Calendar 9519,2682.1922666134215,636.5557380797497
datamining,300,32,Resource Calendar 9531,2610.422582806658,666.1380255301137
datamining,300,32,Resource Calendar 955,1941.8681374485914,572.4702675210848
datamining,300,32,Resource Calendar 957,3010.775942056254,649.7685069326777
datamining,300,32,Resource Calendar 9711,2941.10366446633,787.2020347361087
datamining,300,32,Resource Calendar 9761,2550.2472679659754,576.955364453784
datamining,300,32,Resource Calendar 9872,2580.4222237000245,522.4530035268061
datamining,300,32,Resource Calendar 9886,2776.6208862083627,855.1530908258713
datamining,300,32,Resource Calendar 9890,1924.3563457943203,470.2185054992322
datamining,300,32,Resource Calendar 9987,2488.7055511613667,619.193878628968
datamining,300,32,Resource Calendar End,34405.64128798591,15165.882871820771
datamining,300,32,Resource Calendar Start,27437.780865492095,10929.692148452687
datamining,100,64,Resource Calendar 1,2586.904211344825,500.95817332628656
datamining,100,64,Resource Calendar 1007,4199.507287536832,667.3499948467077
datamining,100,64,Resource Calendar 10168,3239.8102164560814,605.6327675437361
datamining,100,64,Resource Calendar 10176,3305.405796929771,586.2921140839434
datamining,100,64,Resource Calendar 10183,2308.854375723222,503.91455544798725
datamining,100,64,Resource Calendar 10228,2420.063987545968,538.677979070127
datamining,100,64,Resource Calendar 10280,2786.7322986814925,504.6833944388408
datamining,100,64,Resource Calendar 10296,2934.5911755948323,456.4627501770118
datamining,100,64,Resource Calendar 10348,2688.9478089554377,518.1913688970008
datamining,100,64,Resource Calendar 10665,3146.444208479718,618.8574859010529
datamining,100,64,Resource Calendar 10716,2574.258259595774,466.1839783229169
datamining,100,64,Resource Calendar 10726,2897.5283520635553,540.5609021803949
datamining,100,64,Resource Calendar 10742,2543.7874209808533,464.8891729734768
datamining,100,64,Resource Calendar 10923,2975.7482672492392,588.0650553925426
datamining,100,64,Resource Calendar 10962,2638.479600207844,562.3757930769872
datamining,100,64,Resource Calendar 10995,2799.026280182224,505.37004580554105
datamining,100,64,Resource Calendar 11041,2846.823298360524,505.14600985609377
datamining,100,64,Resource Calendar 1113,2852.5801249677047,498.08187937132845
datamining,100,64,Resource Calendar 11150,2488.4903896168144,406.73493985185473
datamining,100,64,Resource Calendar 11159,2807.4072427592187,486.5818945123063
datamining,100,64,Resource Calendar 11174,2579.583143243212,511.88598370374194
datamining,100,64,Resource Calendar 11175,2903.5270771501023,460.5214468666701
datamining,100,64,Resource Calendar 11181,2782.639919782196,514.1318288389286
datamining,100,64,Resource Calendar 11197,2855.632777334877,578.6832768286612
datamining,100,64,Resource Calendar 11204,3129.443187912844,492.21340917396793
datamining,100,64,Resource Calendar 11218,2554.8700690198807,523.9861456168401
datamining,100,64,Resource Calendar 11302,2705.232019735618,462.09717546648164
datamining,100,64,Resource Calendar 11314,2666.361655028116,555.4188090754539
datamining,100,64,Resource Calendar 11327,2710.67094255174,579.7555838466438
datamining,100,64,Resource Calendar 1134,2771.713546927727,611.7681130427842
datamining,100,64,Resource Calendar 11342,2915.8966459760554,489.8297361873783
datamining,100,64,Resource Calendar 11349,2877.6035346439207,471.4949958651373
datamining,100,64,Resource Calendar 11353,2639.091119094736,534.8272026368404
datamining,100,64,Resource Calendar 11387,3040.3729198755195,570.9486270508291
datamining,100,64,Resource Calendar 11393,2802.7798502917494,535.1131165856305
datamining,100,64,Resource Calendar 11395,3055.468446801763,674.6903387219206
datamining,100,64,Resource Calendar 11415,3156.22714393484,653.6008862418715
datamining,100,64,Resource Calendar 11469,2519.638007066561,482.42082194530747
datamining,100,64,Resource Calendar 11509,3031.6137814235526,462.14251628532105
datamining,100,64,Resource Calendar 11515,2017.3755705053568,365.328666880124
datamining,100,64,Resource Calendar 11548,2303.637512269691,464.13074234286915
datamining,100,64,Resource Calendar 11557,3109.636179860443,690.2490890689774
datamining,100,64,Resource Calendar 11568,2943.2480404201515,487.4427130925004
datamining,100,64,Resource Calendar 11571,2673.2113273981104,460.5170780627355
datamining,100,64,Resource Calendar 11583,2509.763525869601,503.34737555938415
datamining,100,64,Resource Calendar 11611,2989.2628915124446,602.936519145377
datamining,100,64,Resource Calendar 11613,2938.78115219199,547.8037465065621
datamining,100,64,Resource Calendar 11614,2886.505692654904,491.3150698913977
datamining,100,64,Resource Calendar 11653,2476.1589070750374,448.6284143335007
datamining,100,64,Resource Calendar 11678,2809.280538633305,467.2893731661879
datamining,100,64,Resource Calendar 11692,2901.4679936396324,593.7263599102521
datamining,100,64,Resource Calendar 117,3266.6143488833795,605.7880075851015
datamining,100,64,Resource Calendar 11706,2718.192711748869,560.308016773106
datamining,100,64,Resource Calendar 11759,2700.150763155735,482.7877980587771
datamining,100,64,Resource Calendar 11760,3157.9249937117497,581.9095849037781
datamining,100,64,Resource Calendar 11772,2929.8212523820353,459.1892310361262
datamining,100,64,Resource Calendar 11775,2649.0908013889693,525.0841566173591
datamining,100,64,Resource Calendar 11799,2482.1864688375767,566.1957125565606
datamining,100,64,Resource Calendar 11805,2890.089547889339,581.5352854075584
datamining,100,64,Resource Calendar 11811,2513.282359091593,463.02457925519013
datamining,100,64,Resource Calendar 11829,2771.765019983134,492.30609773597143
datamining,100,64,Resource Calendar 11854,2510.5901597610496,484.636754098582
datamining,100,64,Resource Calendar 11858,2924.1336445976326,590.0109674737918
datamining,100,64,Resource Calendar 11861,3241.105804392961,613.5529303044258
datamining,100,64,Resource Calendar 11959,2913.268787253454,517.7520413443732
datamining,100,64,Resource Calendar 11961,3190.183698877305,580.1260113499937
datamining,100,64,Resource Calendar 11973,3055.8013711558497,531.364596519621
datamining,100,64,Resource Calendar 11993,2861.442740035702,702.3514581292065
datamining,100,64,Resource Calendar 12006,2840.5858193198437,492.6784584319316
datamining,100,64,Resource Calendar 12062,2867.94078644116,466.937071071438
datamining,100,64,Resource Calendar 12093,3012.2803484818305,619.0977644579825
datamining,100,64,Resource Calendar 12129,2792.0974715931975,511.0803463163659
datamining,100,64,Resource Calendar 12175,2700.4337024781007,703.6234567894604
datamining,100,64,Resource Calendar 12196,3316.2104362736072,686.2249751150405
datamining,100,64,Resource Calendar 12452,2240.1821892649514,420.1591272847167
datamining,100,64,Resource Calendar 12459,2366.0588881581803,475.62642429626334
datamining,100,64,Resource Calendar 12521,2463.832224528904,493.440271369205
datamining,100,64,Resource Calendar 12532,2472.8748349250513,435.4163157321271
datamining,100,64,Resource Calendar 12535,2907.5276735491984,617.0862606802137
datamining,100,64,Resource Calendar 12548,2806.2371831316846,522.3994630050646
datamining,100,64,Resource Calendar 12814,2870.3108169130023,445.15337118472536
datamining,100,64,Resource Calendar 12836,2936.6063818950893,576.4478994084815
datamining,100,64,Resource Calendar 12915,2933.7682661384074,562.2729904271758
datamining,100,64,Resource Calendar 12935,3052.118584203076,513.4949346015111
datamining,100,64,Resource Calendar 1295,2713.9690323398922,527.2093890389467
datamining,100,64,Resource Calendar 13014,3065.1252528321043,580.6650988571001
datamining,100,64,Resource Calendar 1314,3227.1403495288832,581.6388152572941
datamining,100,64,Resource Calendar 1343,3834.418404325855,598.1690526916707
datamining,100,64,Resource Calendar 13544,2713.5104876972537,406.13158278073587
datamining,100,64,Resource Calendar 13559,2791.0161659975006,564.5261972122103
datamining,100,64,Resource Calendar 13733,3088.2581644316024,542.2946513105935
datamining,100,64,Resource Calendar 1378,2974.9459043731545,536.9661283326968
datamining,100,64,Resource Calendar 13803,2500.424405498591,543.5377432702462
datamining,100,64,Resource Calendar 14126,2722.6756506378097,539.0852895570878
datamining,100,64,Resource Calendar 14128,3117.6359405748444,509.46870504516676
datamining,100,64,Resource Calendar 1422,2709.081423547327,521.2330968629416
datamining,100,64,Resource Calendar 14440,2952.401876842197,478.48988640904287
datamining,100,64,Resource Calendar 1471,3059.8423888151606,530.9418609376885
datamining,100,64,Resource Calendar 15057,2835.7487871934677,397.1495538488996
datamining,100,64,Resource Calendar 1515,2524.3997661404583,511.5416450921219
datamining,100,64,Resource Calendar 1524,2773.8491113455575,453.9623454508195
datamining,100,64,Resource Calendar 15315,2390.944165203025,411.32009775763
datamining,100,64,Resource Calendar 15323,2722.3136471732287,532.0671923982355
datamining,100,64,Resource Calendar 15345,2807.832235601101,520.6617248316613
datamining,100,64,Resource Calendar 15352,2828.607561159196,498.5012712750711
datamining,100,64,Resource Calendar 15356,3103.9761488292024,446.11633006481395
datamining,100,64,Resource Calendar 15370,3412.3490823187635,581.377441726053
datamining,100,64,Resource Calendar 15547,2714.684983688901,572.2899232607406
datamining,100,64,Resource Calendar 15612,2958.248139298165,511.72438175407706
datamining,100,64,Resource Calendar 157,2625.877483234913,463.51795111252466
datamining,100,64,Resource Calendar 15862,2515.6806250985446,612.3814975729313
datamining,100,64,Resource Calendar 15884,2899.669626653302,611.4226154588106
datamining,100,64,Resource Calendar 15930,3676.7533216800693,699.8784794812088
datamining,100,64,Resource Calendar 15957,2700.1332855877667,444.01532707093355
datamining,100,64,Resource Calendar 16273,2552.8502772917486,491.3687977060762
datamining,100,64,Resource Calendar 163,2301.5068229097633,476.41915073760214
datamining,100,64,Resource Calendar 1646,3688.8627058729785,551.2140776739548
datamining,100,64,Resource Calendar 16695,3088.4889233098884,530.0244127172394
datamining,100,64,Resource Calendar 1684,2884.8627034180736,553.9470876024744
datamining,100,64,Resource Calendar 1707,3231.026836211628,617.7214965509464
datamining,100,64,Resource Calendar 17296,2253.3682489845355,430.23185224987975
datamining,100,64,Resource Calendar 17379,2776.840309326724,491.55689397186876
datamining,100,64,Resource Calendar 17525,2796.5687740656203,573.6321950647255
datamining,100,64,Resource Calendar 17625,2903.17455781284,464.9864332562836
datamining,100,64,Resource Calendar 17642,3317.3477734002845,487.2783473735663
datamining,100,64,Resource Calendar 17769,2853.66373654378,575.1727418532649
datamining,100,64,Resource Calendar 17807,2357.3665048695952,468.9889231993182
datamining,100,64,Resource Calendar 17872,2523.1832431934613,525.644208042407
datamining,100,64,Resource Calendar 1792,2398.464966630485,466.3971944531789
datamining,100,64,Resource Calendar 1795,2544.8641481398126,497.93216712076486
datamining,100,64,Resource Calendar 17965,2752.0349183866792,549.2358709806125
datamining,100,64,Resource Calendar 18289,3197.648151045979,656.0461516770785
datamining,100,64,Resource Calendar 18317,3239.5254826544497,541.5866920577325
datamining,100,64,Resource Calendar 18501,2235.539099271261,438.8673155553395
datamining,100,64,Resource Calendar 186,3155.5384454439577,607.724429617773
datamining,100,64,Resource Calendar 1860,3150.622007857722,597.6168371985443
datamining,100,64,Resource Calendar 18760,2628.5157871237725,436.1091873110608
datamining,100,64,Resource Calendar 18929,3670.096135841133,679.707188968881
datamining,100,64,Resource Calendar 18942,3051.3490455944443,529.230518262775
datamining,100,64,Resource Calendar 19019,3953.632274942713,738.4249226203415
datamining,100,64,Resource Calendar 1910,2909.285404475775,475.88161444578856
datamining,100,64,Resource Calendar 19214,2959.27807102744,517.6114343776214
datamining,100,64,Resource Calendar 19295,2566.889268560322,411.2530940541957
datamining,100,64,Resource Calendar 19296,2781.3448602464846,500.5781687124882
datamining,100,64,Resource Calendar 1934,3490.030505647279,579.4246822960811
datamining,100,64,Resource Calendar 19422,2377.015095565266,547.3101614383377
datamining,100,64,Resource Calendar 19531,2626.2204473106835,522.9419377568105
datamining,100,64,Resource Calendar 19572,2553.690998225343,463.3766402729804
datamining,100,64,Resource Calendar 19582,3061.3928469299735,550.0575689149963
datamining,100,64,Resource Calendar 1959,2981.28272356614,435.833119912195
datamining,100,64,Resource Calendar 19591,2696.799952842086,640.5189940307328
datamining,100,64,Resource Calendar 19692,3062.7339492203578,505.546205396018
datamining,100,64,Resource Calendar 19746,2459.430774881469,506.3817966501379
datamining,100,64,Resource Calendar 19811,2385.920765828834,589.806883618552
datamining,100,64,Resource Calendar 19916,3112.697480329674,608.6350751814181
datamining,100,64,Resource Calendar 1995,2949.820100521267,601.6402416036655
datamining,100,64,Resource Calendar 20194,2574.1365276819106,404.68422320874754
datamining,100,64,Resource Calendar 2045,2679.151065781985,588.3010341513805
datamining,100,64,Resource Calendar 2091,2862.1216449214457,562.0398478769768
datamining,100,64,Resource Calendar 21188,2343.144566469548,507.6053974286937
datamining,100,64,Resource Calendar 2133,3137.2920452381404,529.2100788863784
datamining,100,64,Resource Calendar 2144,2483.3811269191924,534.915352780963
datamining,100,64,Resource Calendar 2150,2882.5924408280853,637.3041912527409
datamining,100,64,Resource Calendar 2154,2680.846335928131,468.31278823138047
datamining,100,64,Resource Calendar 21562,2578.701642894022,562.639351452103
datamining,100,64,Resource Calendar 22074,3374.4780003706437,585.4111138820081
datamining,100,64,Resource Calendar 22377,2467.260888084455,446.41945357766167
datamining,100,64,Resource Calendar 22404,3124.328373497131,564.6868614243664
datamining,100,64,Resource Calendar 22437,2919.3968590373415,545.3631648314184
datamining,100,64,Resource Calendar 22438,3103.3849939956535,566.03206423356
datamining,100,64,Resource Calendar 22439,2829.3199449459808,665.7609033320795
datamining,100,64,Resource Calendar 22475,4166.022144304449,790.4081769095101
datamining,100,64,Resource Calendar 22476,2694.0458294054647,451.44623962120136
datamining,100,64,Resource Calendar 22478,3436.7804994899248,518.7019027791728
datamining,100,64,Resource Calendar 22485,3124.196245144182,464.1905958073021
datamining,100,64,Resource Calendar 22490,2760.6670634087054,530.0254798288883
datamining,100,64,Resource Calendar 22491,3058.205247118503,484.25748454741483
datamining,100,64,Resource Calendar 22496,2461.2368491033294,472.11645017943243
datamining,100,64,Resource Calendar 22529,2913.108949813287,458.8974531298862
datamining,100,64,Resource Calendar 22533,2639.8305387364117,478.29757215688096
datamining,100,64,Resource Calendar 22534,2363.3708876886153,487.32817302279085
datamining,100,64,Resource Calendar 22543,2990.936816529751,480.14558077582194
datamining,100,64,Resource Calendar 22560,3036.263988390873,557.3656325373038
datamining,100,64,Resource Calendar 22592,3373.9790758225245,511.3955063533117
datamining,100,64,Resource Calendar 22624,2610.754050675475,495.51801144327084
datamining,100,64,Resource Calendar 22736,2733.9135107213597,542.4591456375655
datamining,100,64,Resource Calendar 2274,2271.1537993889206,413.34314944888973
datamining,100,64,Resource Calendar 22785,2539.3899598445837,428.9744195481143
datamining,100,64,Resource Calendar 22795,2517.8192652255043,546.1547550114419
datamining,100,64,Resource Calendar 22829,2990.4520398967543,567.6863157876068
datamining,100,64,Resource Calendar 2292,2914.35152345233,486.1461436395682
datamining,100,64,Resource Calendar 22940,3055.819309314773,657.0225796013245
datamining,100,64,Resource Calendar 22950,3176.416785087266,486.253229870951
datamining,100,64,Resource Calendar 22962,2312.379257256383,433.0346687681842
datamining,100,64,Resource Calendar 23335,2939.3558558631325,559.4150266789513
datamining,100,64,Resource Calendar 23530,2988.029688010008,487.94403132476555
datamining,100,64,Resource Calendar 23842,3198.4903102005865,446.3633713545007
datamining,100,64,Resource Calendar 2391,2811.847682618498,461.98253191804713
datamining,100,64,Resource Calendar 23934,2938.772886004442,624.1469021026326
datamining,100,64,Resource Calendar 23978,2680.182338484447,545.9760313261121
datamining,100,64,Resource Calendar 2408,2706.9895748812955,591.4882466511007
datamining,100,64,Resource Calendar 241,2495.5088990337713,449.85575889659316
datamining,100,64,Resource Calendar 2440,3087.2886454753966,481.91435514775543
datamining,100,64,Resource Calendar 24517,2778.4888797993062,515.2259504745779
datamining,100,64,Resource Calendar 24519,2543.228166600178,574.8918458521895
datamining,100,64,Resource Calendar 2453,2833.582593397237,647.2805272076714
datamining,100,64,Resource Calendar 24536,3587.765567081744,732.7074109628205
datamining,100,64,Resource Calendar 24544,2893.631338799175,550.5012459443782
datamining,100,64,Resource Calendar 2463,3284.854175397146,468.27342678477163
datamining,100,64,Resource Calendar 2465,2536.1913727468786,424.32234527813426
datamining,100,64,Resource Calendar 2506,2509.7206642598176,418.21702467697276
datamining,100,64,Resource Calendar 2512,2721.6032099943072,451.19510129189763
datamining,100,64,Resource Calendar 25141,3075.098712725865,552.8859956246015
datamining,100,64,Resource Calendar 2541,3098.1743519067695,548.420249516687
datamining,100,64,Resource Calendar 261,2710.7634720509013,568.9738850210326
datamining,100,64,Resource Calendar 26147,3123.5462364043533,590.9658420872742
datamining,100,64,Resource Calendar 26248,2965.636401915376,551.298244390319
datamining,100,64,Resource Calendar 26259,2625.458777558264,582.292840874373
datamining,100,64,Resource Calendar 26271,2222.7087098557886,391.4668191972466
datamining,100,64,Resource Calendar 26298,2845.3717289498077,567.4271054933926
datamining,100,64,Resource Calendar 26321,2443.538079897415,516.2947813736904
datamining,100,64,Resource Calendar 26344,2608.7183480159874,472.69147444380866
datamining,100,64,Resource Calendar 26348,3091.814511847823,604.6525604349636
datamining,100,64,Resource Calendar 26359,2880.9042190643886,533.6094323989188
datamining,100,64,Resource Calendar 2649,2971.034193244446,466.243929128859
datamining,100,64,Resource Calendar 26756,3212.794726391932,562.0484213077877
datamining,100,64,Resource Calendar 26757,3460.518061239954,551.3958401370999
datamining,100,64,Resource Calendar 26758,2793.587719265379,517.6686711030651
datamining,100,64,Resource Calendar 26759,2841.583813860748,469.58547701104345
datamining,100,64,Resource Calendar 26762,2714.1487384847906,534.2277745005869
datamining,100,64,Resource Calendar 26763,3011.3017814279356,634.5460248485247
datamining,100,64,Resource Calendar 26767,2829.002030154852,461.19309035655425
datamining,100,64,Resource Calendar 26772,3053.8504079670556,536.0318474294148
datamining,100,64,Resource Calendar 26780,2774.2350426417415,456.30160053835533
datamining,100,64,Resource Calendar 26788,2538.2072640322963,455.4885543711615
datamining,100,64,Resource Calendar 26789,2399.9600007105423,545.4715419346696
datamining,100,64,Resource Calendar 26793,2616.038386432912,462.0368753469346
datamining,100,64,Resource Calendar 26796,2958.5084613530007,509.2471896021944
datamining,100,64,Resource Calendar 27293,2754.12423818026,425.1679656915584
datamining,100,64,Resource Calendar 2735,2566.1497660404134,582.3331241580469
datamining,100,64,Resource Calendar 2740,2810.5671399857633,456.1712387901247
datamining,100,64,Resource Calendar 2804,3063.4314056201547,517.9364777690562
datamining,100,64,Resource Calendar 2834,2824.118169410247,532.6959689463753
datamining,100,64,Resource Calendar 28881,3215.26011814052,533.1847678495313
datamining,100,64,Resource Calendar 2925,2836.8189176285264,524.1609784597568
datamining,100,64,Resource Calendar 29274,2783.0779800732475,474.09214376400416
datamining,100,64,Resource Calendar 29276,3306.8869937107797,532.85013309183
datamining,100,64,Resource Calendar 29277,3130.647751761598,518.292142933647
datamining,100,64,Resource Calendar 29280,2636.939017637204,517.9379150011926
datamining,100,64,Resource Calendar 29281,2690.1691328668867,407.0347951141829
datamining,100,64,Resource Calendar 294,3463.8302943213157,597.2989616947207
datamining,100,64,Resource Calendar 29577,2895.8708483846012,629.0503908047965
datamining,100,64,Resource Calendar 29578,2388.319259454618,437.34056727395136
datamining,100,64,Resource Calendar 29579,2927.329521601502,470.82142262343393
datamining,100,64,Resource Calendar 2970,2487.5097333910026,487.53404954496796
datamining,100,64,Resource Calendar 29704,2846.718326716811,596.1133912741614
datamining,100,64,Resource Calendar 2981,2534.8673633419467,406.13410459457293
datamining,100,64,Resource Calendar 3003,3027.3908469189605,615.7720788135798
datamining,100,64,Resource Calendar 3019,2894.2912796575956,575.7385876536639
datamining,100,64,Resource Calendar 305,3074.7788210694976,527.6494756539249
datamining,100,64,Resource Calendar 3057,2960.6684451081524,585.7001557760226
datamining,100,64,Resource Calendar 308,2786.8909040172543,493.7682691016269
datamining,100,64,Resource Calendar 3108,3043.076094217803,564.5526694003157
datamining,100,64,Resource Calendar 3113,2342.2989167021697,347.0803228624608
datamining,100,64,Resource Calendar 3149,3159.528347623575,611.3827828108389
datamining,100,64,Resource Calendar 3296,2629.571394116036,476.99804041378906
datamining,100,64,Resource Calendar 3409,3009.0504986529368,537.9790105811777
datamining,100,64,Resource Calendar 341,3071.5032704625073,643.2058099383663
datamining,100,64,Resource Calendar 3421,3022.150864909026,471.83961620085506
datamining,100,64,Resource Calendar 3445,4301.364500663419,665.9033290182354
datamining,100,64,Resource Calendar 3480,2700.5152844471313,487.90535047989476
datamining,100,64,Resource Calendar 3502,2796.105214122522,604.1269164132266
datamining,100,64,Resource Calendar 3510,2674.6545830612586,522.7054086232448
datamining,100,64,Resource Calendar 3603,2708.2274612015644,498.8001113367864
datamining,100,64,Resource Calendar 3656,2922.6159267790813,566.5093502584664
datamining,100,64,Resource Calendar 369,2672.942873407372,573.425092432561
datamining,100,64,Resource Calendar 3695,2749.8252034761795,471.0324003032004
datamining,100,64,Resource Calendar 3703,3281.0658497420686,617.2764243028704
datamining,100,64,Resource Calendar 3729,2641.635739702163,504.5655051433272
datamining,100,64,Resource Calendar 3747,3146.50144782472,730.9669661230945
datamining,100,64,Resource Calendar 3796,3026.375903695607,521.79524840231
datamining,100,64,Resource Calendar 3815,3078.9192398055116,489.1426852131304
datamining,100,64,Resource Calendar 387,3338.010676943466,610.2496653502456
datamining,100,64,Resource Calendar 3917,2914.252746940869,593.8162857717194
datamining,100,64,Resource Calendar 3926,2842.4412789915023,444.3528050241546
datamining,100,64,Resource Calendar 397,2924.1992709942347,530.0743078014037
datamining,100,64,Resource Calendar 4032,2642.882120548245,451.08897915487654
datamining,100,64,Resource Calendar 4067,2886.767659501845,485.3164033281784
datamining,100,64,Resource Calendar 410,2819.9059491824955,508.62822487975484
datamining,100,64,Resource Calendar 4126,2860.3406056548783,567.4208857481411
datamining,100,64,Resource Calendar 4130,3099.2271917898956,597.3241162033655
datamining,100,64,Resource Calendar 4148,3211.8534514067305,596.9726021262256
datamining,100,64,Resource Calendar 436,2822.257198269263,522.1082635926558
datamining,100,64,Resource Calendar 4441,2725.1090541485355,466.72161263449317
datamining,100,64,Resource Calendar 4457,3084.207933407072,691.8257281791069
datamining,100,64,Resource Calendar 448,3289.4462104091012,583.9888772143984
datamining,100,64,Resource Calendar 4560,2616.163935505702,557.9953623278
datamining,100,64,Resource Calendar 4701,2919.1415976880703,619.9211374807977
datamining,100,64,Resource Calendar 4708,2499.142699520611,575.7549427629707
datamining,100,64,Resource Calendar 4745,2853.935062571931,617.1097305724873
datamining,100,64,Resource Calendar 4765,3258.2361068397818,597.6963074875762
datamining,100,64,Resource Calendar 4834,2878.915435526747,562.4884418561686
datamining,100,64,Resource Calendar 4840,2421.0602763913553,448.1196208496079
datamining,100,64,Resource Calendar 4867,2979.0867915598024,458.87107069297974
datamining,100,64,Resource Calendar 49,3753.203730195316,610.6238769740024
datamining,100,64,Resource Calendar 4905,2998.093821100314,602.1735335858067
datamining,100,64,Resource Calendar 4912,2717.5485222410534,469.9333894724913
datamining,100,64,Resource Calendar 4913,2662.1052656118613,430.7810647312401
datamining,100,64,Resource Calendar 4918,3032.7575675077587,601.2307646258039
datamining,100,64,Resource Calendar 4924,2657.3772012119034,501.6352851168239
datamining,100,64,Resource Calendar 5020,3290.181281956137,627.0731826927931
datamining,100,64,Resource Calendar 5028,2873.8781067354184,449.9307762982299
datamining,100,64,Resource Calendar 5064,2993.3263065782785,534.4832932679612
datamining,100,64,Resource Calendar 5151,3226.1263245050386,615.7879147001566
datamining,100,64,Resource Calendar 5154,2672.1689489728983,655.7261679237012
datamining,100,64,Resource Calendar 5183,2929.0155372649942,422.63753681290285
datamining,100,64,Resource Calendar 5189,3248.081625487989,704.4033592091538
datamining,100,64,Resource Calendar 5221,2708.2875396430513,474.0660005285853
datamining,100,64,Resource Calendar 5275,3262.7949356931126,674.2648620042066
datamining,100,64,Resource Calendar 528,2813.4156990500455,534.7596440885288
datamining,100,64,Resource Calendar 5290,3163.0522135211236,594.4107769727391
datamining,100,64,Resource Calendar 5292,2881.350856408993,458.7417152661358
datamining,100,64,Resource Calendar 5330,2957.4107922599674,515.2355100366824
datamining,100,64,Resource Calendar 5396,2741.055704000438,501.12223608527125
datamining,100,64,Resource Calendar 5488,2634.8372482105833,550.1729550606286
datamining,100,64,Resource Calendar 5506,2852.6349912638984,577.9616950463962
datamining,100,64,Resource Calendar 5571,2343.915261459644,424.97616806014474
datamining,100,64,Resource Calendar 5573,2986.152795331022,536.4059323720983
datamining,100,64,Resource Calendar 5588,2631.4069052168375,494.2210201749812
datamining,100,64,Resource Calendar 559,3073.3206776335437,658.0529311876653
datamining,100,64,Resource Calendar 5593,2864.9981427572793,549.954337725203
datamining,100,64,Resource Calendar 5613,2924.2156004855533,528.522162296253
datamining,100,64,Resource Calendar 5641,2654.590220989702,468.9823802252899
datamining,100,64,Resource Calendar 566,3064.8391658344904,518.4931654926675
datamining,100,64,Resource Calendar 5667,2540.4133497638086,467.6545284218245
datamining,100,64,Resource Calendar 5668,2702.98186041757,664.7785829003179
datamining,100,64,Resource Calendar 5714,2589.3228325579903,443.81235852079266
datamining,100,64,Resource Calendar 5778,2269.7629158341038,521.7842793624473
datamining,100,64,Resource Calendar 5793,2971.5636473273876,528.6750336514647
datamining,100,64,Resource Calendar 5802,3112.4405881645534,565.7293904020547
datamining,100,64,Resource Calendar 5858,3311.4600487470957,648.6515437010155
datamining,100,64,Resource Calendar 5883,2924.305245754509,542.3114229764544
datamining,100,64,Resource Calendar 5972,3290.772565553059,542.3126817958055
datamining,100,64,Resource Calendar 6004,2517.7041875573404,401.17167184812166
datamining,100,64,Resource Calendar 6039,2919.9035998238023,497.7288502697963
datamining,100,64,Resource Calendar 6101,2561.458924565269,499.70697013511534
datamining,100,64,Resource Calendar 6107,2663.364854152788,491.33866299225764
datamining,100,64,Resource Calendar 6159,2883.861622173337,516.0926562051808
datamining,100,64,Resource Calendar 6186,2713.0985592548386,499.1524981404686
datamining,100,64,Resource Calendar 6204,3047.2374878773717,478.21783834012933
datamining,100,64,Resource Calendar 6229,2828.2712902858325,538.2267276143607
datamining,100,64,Resource Calendar 6231,2837.6328371664986,554.7618089436785
datamining,100,64,Resource Calendar 6260,2716.882502155156,414.43175088122166
datamining,100,64,Resource Calendar 6369,2808.442135181934,548.7043159084608
datamining,100,64,Resource Calendar 6400,3489.540733738627,701.1396264593653
datamining,100,64,Resource Calendar 6410,2770.5382804656992,473.54839797143444
datamining,100,64,Resource Calendar 6426,3012.250149825173,534.7695538516592
datamining,100,64,Resource Calendar 6437,2910.6855833843647,390.8139356915642
datamining,100,64,Resource Calendar 6469,2877.8522525315466,485.63705585162455
datamining,100,64,Resource Calendar 6497,3332.9053836975727,578.5823010595434
datamining,100,64,Resource Calendar 6520,2406.522372031173,494.42475718754963
datamining,100,64,Resource Calendar 6551,2936.3333968404886,515.9625633071126
datamining,100,64,Resource Calendar 6572,2755.4035291890746,501.1859768149413
datamining,100,64,Resource Calendar 659,3530.94465959612,543.1217173397793
datamining,100,64,Resource Calendar 6598,3135.3900787130074,566.9145115648947
datamining,100,64,Resource Calendar 6625,3047.2890868793975,585.8057861116653
datamining,100,64,Resource Calendar 6629,2730.0739632890172,536.7673925156951
datamining,100,64,Resource Calendar 6639,2725.870611687873,564.7362710917638
datamining,100,64,Resource Calendar 669,2911.1608326494134,512.112763138631
datamining,100,64,Resource Calendar 6694,2959.2982789331663,397.0067020288037
datamining,100,64,Resource Calendar 6723,2589.572162985532,492.6533552181826
datamining,100,64,Resource Calendar 6767,2956.0409743031178,548.6122224109155
datamining,100,64,Resource Calendar 677,3548.4297449310893,688.5879036886009
datamining,100,64,Resource Calendar 6799,3075.1494341592393,439.1768083812053
datamining,100,64,Resource Calendar 6844,2931.3223980696785,514.6392249748094
datamining,100,64,Resource Calendar 6851,2769.8832369765273,527.4504726898715
datamining,100,64,Resource Calendar 6872,2656.0441669717334,492.0651174608057
datamining,100,64,Resource Calendar 6876,2697.529934846691,499.7324198886245
datamining,100,64,Resource Calendar 6889,2949.527906124729,523.0594868460281
datamining,100,64,Resource Calendar 6894,2853.5682885758515,510.4187071453923
datamining,100,64,Resource Calendar 695,2990.646046400946,617.4989059923477
datamining,100,64,Resource Calendar 6952,2689.537380324192,527.7699601433452
datamining,100,64,Resource Calendar 6954,2791.6295745408725,513.6725519254753
datamining,100,64,Resource Calendar 6958,2567.211536223464,403.70442577866237
datamining,100,64,Resource Calendar 6971,2773.345016079328,484.03900067463917
datamining,100,64,Resource Calendar 6979,3571.5702125009243,694.772377223586
datamining,100,64,Resource Calendar 6985,2670.0922445211495,468.2665545569906
datamining,100,64,Resource Calendar 6987,2909.866828889444,554.942300835541
datamining,100,64,Resource Calendar 6990,2486.3292828272524,439.0414170884627
datamining,100,64,Resource Calendar 6995,2658.868345319346,471.9430303689562
datamining,100,64,Resource Calendar 7007,2914.050157410906,452.642281592548
datamining,100,64,Resource Calendar 7010,2867.504634662319,553.523749028457
datamining,100,64,Resource Calendar 7019,2890.1820767464415,568.6124478998053
datamining,100,64,Resource Calendar 7039,2792.2554773117618,473.7584828427297
datamining,100,64,Resource Calendar 7071,2899.04932901804,476.3880710837174
datamining,100,64,Resource Calendar 7080,3092.5051090380593,529.8647031311114
datamining,100,64,Resource Calendar 7088,2904.2255588685684,592.6993576940934
datamining,100,64,Resource Calendar 7091,2714.2630800414236,454.4959435277237
datamining,100,64,Resource Calendar 7137,3184.4387723984623,516.9235240373499
datamining,100,64,Resource Calendar 7143,2644.7401577230185,412.0909944070992
datamining,100,64,Resource Calendar 7144,3192.3956218707863,597.6786713320778
datamining,100,64,Resource Calendar 7147,2475.097558215571,375.34937423129327
datamining,100,64,Resource Calendar 716,3579.56716104757,650.8514129530982
datamining,100,64,Resource Calendar 7177,3156.67538828768,547.4163773057785
datamining,100,64,Resource Calendar 7186,2954.1569837191887,500.20745034231305
datamining,100,64,Resource Calendar 7297,3168.351493044313,510.91306880632857
datamining,100,64,Resource Calendar 7299,3139.1208229491094,572.9572899783844
datamining,100,64,Resource Calendar 7304,2408.1205044384637,526.5827784049472
datamining,100,64,Resource Calendar 7311,2466.548273096457,491.0419765458703
datamining,100,64,Resource Calendar 7314,2279.084131062657,455.9318926986083
datamining,100,64,Resource Calendar 7316,3182.536116170815,662.2151907745717
datamining,100,64,Resource Calendar 7320,3131.923200000115,633.8244855155299
datamining,100,64,Resource Calendar 7323,3367.207055262124,577.7757464372771
datamining,100,64,Resource Calendar 7324,3088.1718746809056,473.96479065570776
datamining,100,64,Resource Calendar 7331,2489.4128741558884,567.2847318614209
datamining,100,64,Resource Calendar 7355,3841.726759277328,564.1915278847731
datamining,100,64,Resource Calendar 7369,2804.123615601162,453.1803850810282
datamining,100,64,Resource Calendar 7374,2855.960079480949,567.893037400838
datamining,100,64,Resource Calendar 7387,3249.0052788796224,637.7586081432337
datamining,100,64,Resource Calendar 7389,2666.441918996344,348.81016486998095
datamining,100,64,Resource Calendar 7394,2741.8749272280243,487.0876640274639
datamining,100,64,Resource Calendar 7423,2411.0450315030093,500.35461218145804
datamining,100,64,Resource Calendar 7490,2535.1816013736393,477.76121583757555
datamining,100,64,Resource Calendar 7492,2856.688942275116,525.8592205197396
datamining,100,64,Resource Calendar 7518,2678.727263273543,458.7896712016251
datamining,100,64,Resource Calendar 754,2805.9873076839153,570.9834884046951
datamining,100,64,Resource Calendar 7573,2275.6226687677176,455.61511153739593
datamining,100,64,Resource Calendar 7574,2449.9411738156487,408.79838632080794
datamining,100,64,Resource Calendar 7592,2703.4821164102086,448.3904201101574
datamining,100,64,Resource Calendar 7599,2575.9821285807716,463.13501787006345
datamining,100,64,Resource Calendar 7611,2662.9028750647312,469.2742143519299
datamining,100,64,Resource Calendar 7628,2609.195797284201,457.28906331069413
datamining,100,64,Resource Calendar 7638,2730.1875854350283,415.5595728948453
datamining,100,64,Resource Calendar 7641,2808.2316455811974,565.8332429919794
datamining,100,64,Resource Calendar 7650,2852.1307099920323,536.8732022363537
datamining,100,64,Resource Calendar 7660,2936.1064426583794,569.3575879946061
datamining,100,64,Resource Calendar 7664,2896.496901186968,560.0773162188344
datamining,100,64,Resource Calendar 7682,3013.1151778869203,503.51960923986655
datamining,100,64,Resource Calendar 7717,2621.9706617382503,496.30776970323285
datamining,100,64,Resource Calendar 7736,2471.0770774671323,530.3381339796898
datamining,100,64,Resource Calendar 7763,3195.989973645616,464.014644772979
datamining,100,64,Resource Calendar 7770,2940.7355433254033,567.8123664188902
datamining,100,64,Resource Calendar 7775,2249.350222027135,428.9350254129084
datamining,100,64,Resource Calendar 7781,2473.7371370298174,468.2474443473856
datamining,100,64,Resource Calendar 7783,2918.161329638709,580.1661904814064
datamining,100,64,Resource Calendar 7819,3344.678726705588,649.5853748097396
datamining,100,64,Resource Calendar 7820,2663.5748872070817,485.9164565889768
datamining,100,64,Resource Calendar 7824,2475.7878159692964,437.47073266725823
datamining,100,64,Resource Calendar 7836,3114.9616900067113,449.14850786351536
datamining,100,64,Resource Calendar 7854,2673.7416213339266,466.0350205796577
datamining,100,64,Resource Calendar 7862,2604.553465230732,448.7199116862524
datamining,100,64,Resource Calendar 7897,2846.4393959793138,524.570938793188
datamining,100,64,Resource Calendar 7963,3432.2994770796536,614.3752470967806
datamining,100,64,Resource Calendar 8022,2939.5384629394266,496.3878011119651
datamining,100,64,Resource Calendar 8032,2788.987695330124,464.7081569521316
datamining,100,64,Resource Calendar 8033,2829.0853852239534,570.7556411881196
datamining,100,64,Resource Calendar 8064,2820.393617707872,516.5551632361648
datamining,100,64,Resource Calendar 8065,3144.4261482223046,525.6114754853631
datamining,100,64,Resource Calendar 8112,3109.0600831611,510.60223118017507
datamining,100,64,Resource Calendar 8121,3072.3386676177115,449.593683877739
datamining,100,64,Resource Calendar 8139,2898.062208404949,519.2600586690406
datamining,100,64,Resource Calendar 8142,2244.325819866946,464.79769972108215
datamining,100,64,Resource Calendar 8147,3413.0340385415743,496.46059013816915
datamining,100,64,Resource Calendar 8160,2518.9644309478085,607.8069574670793
datamining,100,64,Resource Calendar 8164,2867.475991431902,548.6532100083588
datamining,100,64,Resource Calendar 8177,2573.2172853146576,410.73537967853747
datamining,100,64,Resource Calendar 8186,3024.474597657857,577.9112902285344
datamining,100,64,Resource Calendar 8188,2744.4849523756266,483.89520936987174
datamining,100,64,Resource Calendar 8203,2345.9943426054947,424.120470493992
datamining,100,64,Resource Calendar 8213,3059.267365964808,617.0775557332901
datamining,100,64,Resource Calendar 8223,2959.1472998711492,483.6153970867982
datamining,100,64,Resource Calendar 8225,2494.6808167339104,510.45035405100873
datamining,100,64,Resource Calendar 8248,2442.1988641018497,486.6764957395301
datamining,100,64,Resource Calendar 8263,2146.490954958735,465.2909212817122
datamining,100,64,Resource Calendar 8268,3000.2570757508465,617.1547673610594
datamining,100,64,Resource Calendar 8365,3129.0656013374023,591.9032834880136
datamining,100,64,Resource Calendar 8371,2682.6273894297065,455.66304888872867
datamining,100,64,Resource Calendar 8382,2809.772292038524,587.1420817244395
datamining,100,64,Resource Calendar 8416,2451.7908419776,533.05663364754
datamining,100,64,Resource Calendar 8428,2970.3456905043736,658.0342453169812
datamining,100,64,Resource Calendar 8443,2476.674742033864,601.0430556776028
datamining,100,64,Resource Calendar 8450,2963.3905549998867,580.73514124271
datamining,100,64,Resource Calendar 8455,2531.4011137627795,517.6777101801391
datamining,100,64,Resource Calendar 8461,2890.191599191609,480.7557673256493
datamining,100,64,Resource Calendar 8475,2656.4626154155912,465.7036334536522
datamining,100,64,Resource Calendar 8486,2909.8004142158397,535.1208217258124
datamining,100,64,Resource Calendar 8491,2560.45169432189,559.2267987396498
datamining,100,64,Resource Calendar 8498,3415.794511902538,561.0440015358928
datamining,100,64,Resource Calendar 8525,2642.344069790134,493.30161666464176
datamining,100,64,Resource Calendar 8528,2985.0278394764237,542.715258629276
datamining,100,64,Resource Calendar 8532,3171.71485303511,538.5031467526805
datamining,100,64,Resource Calendar 8536,2345.12574992882,457.73801528672385
datamining,100,64,Resource Calendar 8556,2861.7439363192902,618.3694536670729
datamining,100,64,Resource Calendar 8572,2568.4342680680975,488.75200416928465
datamining,100,64,Resource Calendar 8587,2451.0442859032287,497.65354396796783
datamining,100,64,Resource Calendar 8588,2685.1522840058856,476.23508024119883
datamining,100,64,Resource Calendar 8614,2951.7851746947995,532.4489129950904
datamining,100,64,Resource Calendar 8651,2859.7494147749635,522.5459176480969
datamining,100,64,Resource Calendar 8655,3531.033919284958,679.4485148548138
datamining,100,64,Resource Calendar 8661,2921.9519653571024,470.0173972976166
datamining,100,64,Resource Calendar 8688,3618.6458099461634,551.4558117293268
datamining,100,64,Resource Calendar 8708,2913.9834206866362,460.64131611739714
datamining,100,64,Resource Calendar 8727,2866.4732925114076,423.2802366892145
datamining,100,64,Resource Calendar 8736,2744.2184704268802,555.732064494357
datamining,100,64,Resource Calendar 8744,2628.1269123152715,445.4415486734738
datamining,100,64,Resource Calendar 8749,2876.5414673153073,483.2034209510039
datamining,100,64,Resource Calendar 8772,2690.295116432244,529.4619240847761
datamining,100,64,Resource Calendar 8774,2524.251881767607,596.7494732755398
datamining,100,64,Resource Calendar 8786,3549.0539152709484,541.6655403806836
datamining,100,64,Resource Calendar 8797,2528.9239609777983,559.3698577045546
datamining,100,64,Resource Calendar 8813,2464.228495472697,379.0089087954739
datamining,100,64,Resource Calendar 8819,2634.9844966219766,466.0300838617149
datamining,100,64,Resource Calendar 8824,2953.5584011252513,539.4830207176989
datamining,100,64,Resource Calendar 8854,2605.0011359728837,545.4018862523784
datamining,100,64,Resource Calendar 8856,2499.3850089461107,618.962610196389
datamining,100,64,Resource Calendar 8882,2611.8590636327885,434.2434240370336
datamining,100,64,Resource Calendar 8916,2649.4668986789497,458.6381558757813
datamining,100,64,Resource Calendar 8955,3024.0903612007796,635.8978947892429
datamining,100,64,Resource Calendar 8973,2798.8607546016638,526.9078259426345
datamining,100,64,Resource Calendar 8995,3210.9103119935917,663.402577316884
datamining,100,64,Resource Calendar 8997,2176.7068303367237,382.898976739856
datamining,100,64,Resource Calendar 9146,2519.0234197303757,496.53099019360167
datamining,100,64,Resource Calendar 9154,3029.898906522384,573.9857455975897
datamining,100,64,Resource Calendar 9184,2688.26371605832,500.44826555280645
datamining,100,64,Resource Calendar 9187,2334.4283681012157,396.80942742565304
datamining,100,64,Resource Calendar 920,3263.1012942469383,649.6774587691757
datamining,100,64,Resource Calendar 9249,2296.7198374436657,461.0523633417465
datamining,100,64,Resource Calendar 9298,2709.094702601334,537.7150066997622
datamining,100,64,Resource Calendar 9332,3348.412762230165,653.8922527474994
datamining,100,64,Resource Calendar 9335,2848.5684838783154,506.1847496993958
datamining,100,64,Resource Calendar 9336,2941.2892823396696,487.3320158148526
datamining,100,64,Resource Calendar 9348,2402.7290129057506,457.5965021993629
datamining,100,64,Resource Calendar 9379,2763.156563863829,506.18810084944124
datamining,100,64,Resource Calendar 9384,2969.2207824149646,553.7003210527928
datamining,100,64,Resource Calendar 9404,2635.961905159146,555.0441141162805
datamining,100,64,Resource Calendar 9420,2759.825761522861,500.44970560823765
datamining,100,64,Resource Calendar 9427,2633.161045425057,406.430700014269
datamining,100,64,Resource Calendar 943,3042.7467279981106,530.0770823166646
datamining,100,64,Resource Calendar 9433,2540.7304207415377,372.5435668856226
datamining,100,64,Resource Calendar 9437,2845.987126100987,556.2976037272614
datamining,100,64,Resource Calendar 9445,2782.9933271897803,503.0837282825748
datamining,100,64,Resource Calendar 9449,2884.385021168175,506.1534723026014
datamining,100,64,Resource Calendar 9451,3190.9416399306233,551.4255372813321
datamining,100,64,Resource Calendar 9452,2644.490384983478,402.9773601625267
datamining,100,64,Resource Calendar 9477,2668.677915529779,443.4238075270591
datamining,100,64,Resource Calendar 9483,2887.717677042604,498.5658199601472
datamining,100,64,Resource Calendar 9484,3243.953027898122,590.6036745624028
datamining,100,64,Resource Calendar 9489,2876.873155881407,546.4789453591519
datamining,100,64,Resource Calendar 9509,2581.5629804373243,363.9238699445716
datamining,100,64,Resource Calendar 9519,2629.686292166425,456.3174759855028
datamining,100,64,Resource Calendar 9531,2649.982699307142,532.8078949860854
datamining,100,64,Resource Calendar 955,3124.564489533035,643.0515828132793
datamining,100,64,Resource Calendar 957,3201.4967579741483,538.8300924890681
datamining,100,64,Resource Calendar 9711,2825.5940626197653,529.0069140865721
datamining,100,64,Resource Calendar 9761,2908.1623125739816,555.6103368219417
datamining,100,64,Resource Calendar 9872,2309.5216951524767,517.3706924238376
datamining,100,64,Resource Calendar 9886,2818.5913801043216,540.8300378915438
datamining,100,64,Resource Calendar 9890,2827.235058858966,507.2916951023156
datamining,100,64,Resource Calendar 9987,2770.8531913877846,490.6035351223151
datamining,100,64,Resource Calendar End,36460.121132823566,9420.656807234898
datamining,100,64,Resource Calendar Start,35338.624714432604,6243.511631386277
datamining,200,64,Resource Calendar 1,2851.7354546604497,551.3223211841374
datamining,200,64,Resource Calendar 1007,2464.7995124722524,406.5655005653731
datamining,200,64,Resource Calendar 10168,3129.1901276777317,542.0841666837913
datamining,200,64,Resource Calendar 10176,2269.8559162112633,404.2560246326301
datamining,200,64,Resource Calendar 10183,2563.4174925132543,466.7316313928722
datamining,200,64,Resource Calendar 10228,3093.4026337594632,551.7817324222162
datamining,200,64,Resource Calendar 10280,3106.7615355384846,479.6968017312732
datamining,200,64,Resource Calendar 10296,2925.033387701212,572.7712165513491
datamining,200,64,Resource Calendar 10348,3210.4824409277376,506.96357962475446
datamining,200,64,Resource Calendar 10665,2680.652752913185,401.738241460658
datamining,200,64,Resource Calendar 10716,2625.90117079225,555.8042690436176
datamining,200,64,Resource Calendar 10726,2427.3429710662826,404.7231109341119
datamining,200,64,Resource Calendar 10742,2571.964343855257,535.5669269866978
datamining,200,64,Resource Calendar 10923,2852.6152671067316,520.404814991531
datamining,200,64,Resource Calendar 10962,2858.4904472899766,500.92847720769817
datamining,200,64,Resource Calendar 10995,2575.401273280511,511.70668986961454
datamining,200,64,Resource Calendar 11041,2388.869996591653,451.7105591317705
datamining,200,64,Resource Calendar 1113,2587.0465904245807,394.014259191275
datamining,200,64,Resource Calendar 11150,2516.001646716375,512.0228512266116
datamining,200,64,Resource Calendar 11159,2784.0686559600185,570.4574326551714
datamining,200,64,Resource Calendar 11174,2390.2953859945223,547.259376910154
datamining,200,64,Resource Calendar 11175,2290.186798444144,350.2245978464347
datamining,200,64,Resource Calendar 11181,2543.1952043389238,520.6913554170496
datamining,200,64,Resource Calendar 11197,2507.3585462273877,468.520900628341
datamining,200,64,Resource Calendar 11204,2709.7271431978265,482.78474321276894
datamining,200,64,Resource Calendar 11218,2937.8157064296734,532.4135037551671
datamining,200,64,Resource Calendar 11302,2945.640977565298,499.1435972586834
datamining,200,64,Resource Calendar 11314,2397.9113490652194,433.791997520481
datamining,200,64,Resource Calendar 11327,2271.1799831306525,411.86528968031047
datamining,200,64,Resource Calendar 1134,1723.3192875871723,315.9474417450858
datamining,200,64,Resource Calendar 11342,2803.480828697228,592.3736751788996
datamining,200,64,Resource Calendar 11349,2850.824061449629,428.2622172778998
datamining,200,64,Resource Calendar 11353,2936.8677488098106,473.1222203225063
datamining,200,64,Resource Calendar 11387,2739.3625674504356,488.0815223948427
datamining,200,64,Resource Calendar 11393,2716.872443835605,549.3668040053891
datamining,200,64,Resource Calendar 11395,2741.0883533785013,476.64896425786463
datamining,200,64,Resource Calendar 11415,2761.2122998109517,449.4896825002914
datamining,200,64,Resource Calendar 11469,3020.617857345334,536.1682289802178
datamining,200,64,Resource Calendar 11509,2525.5389382089606,483.74565735319277
datamining,200,64,Resource Calendar 11515,2473.498870423038,500.9201705353089
datamining,200,64,Resource Calendar 11548,2448.613120099474,497.79943230166384
datamining,200,64,Resource Calendar 11557,2853.7663573657337,452.59868884477396
datamining,200,64,Resource Calendar 11568,2720.21920683139,467.3337409164015
datamining,200,64,Resource Calendar 11571,2390.726475680835,392.37331942467836
datamining,200,64,Resource Calendar 11583,2805.075325289392,617.3770263960673
datamining,200,64,Resource Calendar 11611,2600.061195331867,545.7586784051662
datamining,200,64,Resource Calendar 11613,2811.1968429901117,457.8571642177517
datamining,200,64,Resource Calendar 11614,2833.7086486074686,443.1054308242004
datamining,200,64,Resource Calendar 11653,2671.0172355713103,552.9492784710291
datamining,200,64,Resource Calendar 11678,2153.8457473793214,412.9018819913189
datamining,200,64,Resource Calendar 11692,2381.7670877016203,407.04404677321946
datamining,200,64,Resource Calendar 117,3000.354153686754,558.428092109096
datamining,200,64,Resource Calendar 11706,2288.8303618507807,414.8599724902441
datamining,200,64,Resource Calendar 11759,2679.3428005697506,526.0910614476921
datamining,200,64,Resource Calendar 11760,2028.5464991761162,352.97959863845955
datamining,200,64,Resource Calendar 11772,2253.018914720712,492.1218341181925
datamining,200,64,Resource Calendar 11775,2793.087236910016,572.8054969328141
datamining,200,64,Resource Calendar 11799,2620.388509516298,517.3481136825478
datamining,200,64,Resource Calendar 11805,2258.2744093428496,419.67461917050207
datamining,200,64,Resource Calendar 11811,2299.7892497208745,373.4696297463077
datamining,200,64,Resource Calendar 11829,2484.0205000854066,512.2174850603081
datamining,200,64,Resource Calendar 11854,2675.9661966760464,408.40114998485706
datamining,200,64,Resource Calendar 11858,2362.4929152059663,466.1185405954583
datamining,200,64,Resource Calendar 11861,2649.753388949771,457.85556899616466
datamining,200,64,Resource Calendar 11959,2825.389353538998,495.76670200770747
datamining,200,64,Resource Calendar 11961,2546.5899336449784,455.2697476467828
datamining,200,64,Resource Calendar 11973,2736.888300333976,482.31061515826724
datamining,200,64,Resource Calendar 11993,2898.2039890652413,462.3192906987649
datamining,200,64,Resource Calendar 12006,3038.723285239124,558.0733009315959
datamining,200,64,Resource Calendar 12062,2464.797708829799,499.17346251398936
datamining,200,64,Resource Calendar 12093,2638.354264464042,531.1110670587021
datamining,200,64,Resource Calendar 12129,2608.2324639698872,501.9164341346009
datamining,200,64,Resource Calendar 12175,2514.365618977274,508.0800962643948
datamining,200,64,Resource Calendar 12196,2646.343524027119,436.42113319421605
datamining,200,64,Resource Calendar 12452,2787.2377978311256,615.838119378441
datamining,200,64,Resource Calendar 12459,2162.8268521412606,380.97090451163797
datamining,200,64,Resource Calendar 12521,2886.0353981571943,510.7432328349068
datamining,200,64,Resource Calendar 12532,2631.5246214464023,429.27147179065634
datamining,200,64,Resource Calendar 12535,3084.8220945879348,513.234238275455
datamining,200,64,Resource Calendar 12548,2906.010871440894,507.64300830742724
datamining,200,64,Resource Calendar 12814,2782.3184172972014,466.7118398371799
datamining,200,64,Resource Calendar 12836,2516.5581145808574,554.2937813292078
datamining,200,64,Resource Calendar 12915,2797.173347912879,504.48156555042743
datamining,200,64,Resource Calendar 12935,2385.8364900897573,442.7211930384203
datamining,200,64,Resource Calendar 1295,2607.6071798773974,468.85361690420893
datamining,200,64,Resource Calendar 13014,2454.0924539690977,442.8149187104451
datamining,200,64,Resource Calendar 1314,2988.735445827931,534.6942203571137
datamining,200,64,Resource Calendar 1343,2907.8502259127063,593.3167406510615
datamining,200,64,Resource Calendar 13544,2288.5741964673625,519.1870805755672
datamining,200,64,Resource Calendar 13559,2885.1045397772336,574.83760237444
datamining,200,64,Resource Calendar 13733,2938.6293447280154,495.25436257672106
datamining,200,64,Resource Calendar 1378,2443.0972721154944,454.1141084722759
datamining,200,64,Resource Calendar 13803,2919.0228699275253,469.0176371021016
datamining,200,64,Resource Calendar 14126,2913.052144504379,407.8648025100473
datamining,200,64,Resource Calendar 14128,2886.160928875645,583.3501103779554
datamining,200,64,Resource Calendar 1422,2715.120000144699,637.9248959016206
datamining,200,64,Resource Calendar 14440,2645.036970362038,434.0200710325691
datamining,200,64,Resource Calendar 1471,2440.8844610137107,447.04804878375165
datamining,200,64,Resource Calendar 15057,2766.59737393897,474.0147400164202
datamining,200,64,Resource Calendar 1515,2839.2902532965622,478.0162688894974
datamining,200,64,Resource Calendar 1524,2573.7842816865514,450.05700055009845
datamining,200,64,Resource Calendar 15315,2590.2527330069847,484.78373308133496
datamining,200,64,Resource Calendar 15323,2539.613124326973,489.44159116454875
datamining,200,64,Resource Calendar 15345,2181.895172339048,371.0765261037281
datamining,200,64,Resource Calendar 15352,2853.404167614888,515.6484989274715
datamining,200,64,Resource Calendar 15356,2485.2202578103056,396.1777837854788
datamining,200,64,Resource Calendar 15370,2464.239474929649,497.0114629976405
datamining,200,64,Resource Calendar 15547,2564.1232083758987,597.0662942116037
datamining,200,64,Resource Calendar 15612,2698.212348262298,423.04612769908675
datamining,200,64,Resource Calendar 157,2098.597068386558,356.48091522300683
datamining,200,64,Resource Calendar 15862,2775.7944543764365,406.9971100578378
datamining,200,64,Resource Calendar 15884,2556.287991407407,354.3993189381348
datamining,200,64,Resource Calendar 15930,3060.331189197211,481.10954318866516
datamining,200,64,Resource Calendar 15957,2259.9693447038776,363.4270247964937
datamining,200,64,Resource Calendar 16273,3020.489418661418,429.32882956878814
datamining,200,64,Resource Calendar 163,2567.4914548994543,513.7576480597048
datamining,200,64,Resource Calendar 1646,3095.1286141301325,521.3486697534161
datamining,200,64,Resource Calendar 16695,2308.938023714574,436.2859850164065
datamining,200,64,Resource Calendar 1684,2651.355874463601,476.34012956432963
datamining,200,64,Resource Calendar 1707,2906.9129475992927,565.7579413382914
datamining,200,64,Resource Calendar 17296,2644.346476629934,408.38447410201695
datamining,200,64,Resource Calendar 17379,2378.2102527574775,358.7021938408617
datamining,200,64,Resource Calendar 17525,2525.324333209603,422.42516649899545
datamining,200,64,Resource Calendar 17625,3242.2232555031073,544.6862803102146
datamining,200,64,Resource Calendar 17642,2447.925188646897,499.74028985910326
datamining,200,64,Resource Calendar 17769,2500.4212333029836,394.4923135435946
datamining,200,64,Resource Calendar 17807,2046.0317461192317,448.0923750136304
datamining,200,64,Resource Calendar 17872,2601.541562528764,436.8782814404302
datamining,200,64,Resource Calendar 1792,2476.09586018569,475.0299976351959
datamining,200,64,Resource Calendar 1795,2680.2329595593465,590.2086242098146
datamining,200,64,Resource Calendar 17965,2647.506558798319,543.4052707553111
datamining,200,64,Resource Calendar 18289,2485.979273346527,577.3404193395933
datamining,200,64,Resource Calendar 18317,2753.5292951247147,403.95515438529304
datamining,200,64,Resource Calendar 18501,3028.5807715908572,543.3003260534466
datamining,200,64,Resource Calendar 186,2729.502821983412,674.4730338538318
datamining,200,64,Resource Calendar 1860,2498.1883912543135,509.41379468462986
datamining,200,64,Resource Calendar 18760,2805.6147187644347,606.8980341176815
datamining,200,64,Resource Calendar 18929,2928.6226186582167,525.8718328486232
datamining,200,64,Resource Calendar 18942,2849.815605438831,563.4263677281326
datamining,200,64,Resource Calendar 19019,3272.741354649219,590.813243641844
datamining,200,64,Resource Calendar 1910,2673.9258020269494,625.4113945546967
datamining,200,64,Resource Calendar 19214,2613.1944994044793,576.3186252637287
datamining,200,64,Resource Calendar 19295,2532.9867366979097,485.6454481778288
datamining,200,64,Resource Calendar 19296,2650.398093287365,536.6298844121413
datamining,200,64,Resource Calendar 1934,2782.6261982990513,494.14607537263987
datamining,200,64,Resource Calendar 19422,3231.73846922701,545.6954651681243
datamining,200,64,Resource Calendar 19531,2456.7850764627656,448.2136843610634
datamining,200,64,Resource Calendar 19572,2816.777461737491,549.038005500767
datamining,200,64,Resource Calendar 19582,2650.291840102224,455.78242140297783
datamining,200,64,Resource Calendar 1959,2368.9528819403677,351.0528818001444
datamining,200,64,Resource Calendar 19591,2827.219258841801,479.8982724732094
datamining,200,64,Resource Calendar 19692,2617.0947321314875,630.2244232128627
datamining,200,64,Resource Calendar 19746,2346.917715539442,505.35632526807836
datamining,200,64,Resource Calendar 19811,3185.0472641806027,418.98022692391936
datamining,200,64,Resource Calendar 19916,2885.7305369057335,421.6573324202063
datamining,200,64,Resource Calendar 1995,3024.0264922554975,510.02951494166985
datamining,200,64,Resource Calendar 20194,2774.5324225346144,605.8907446900387
datamining,200,64,Resource Calendar 2045,2310.0949813483885,428.3546811404305
datamining,200,64,Resource Calendar 2091,2162.875452751924,437.1838633244001
datamining,200,64,Resource Calendar 21188,2495.374196627626,451.07291908066
datamining,200,64,Resource Calendar 2133,2696.131138214025,496.6195461991418
datamining,200,64,Resource Calendar 2144,2028.3278586293252,455.9820016422343
datamining,200,64,Resource Calendar 2150,2838.6792685165606,467.6481912741653
datamining,200,64,Resource Calendar 2154,2781.290206881006,523.5197626525345
datamining,200,64,Resource Calendar 21562,2905.266972676543,465.7736137605833
datamining,200,64,Resource Calendar 22074,2677.5782007200455,459.02997472028545
datamining,200,64,Resource Calendar 22377,2790.072649269975,464.5255407400234
datamining,200,64,Resource Calendar 22404,3250.049047482627,543.3466046199943
datamining,200,64,Resource Calendar 22437,2745.8694763031585,495.2768330173461
datamining,200,64,Resource Calendar 22438,3002.480278953521,597.3820492244282
datamining,200,64,Resource Calendar 22439,2437.6316026669338,483.6686980386452
datamining,200,64,Resource Calendar 22475,2938.808219503974,525.8624939463632
datamining,200,64,Resource Calendar 22476,2883.051730878383,473.7460834888104
datamining,200,64,Resource Calendar 22478,2472.3173545034356,494.3297433842873
datamining,200,64,Resource Calendar 22485,2516.4719325117117,466.18311074041503
datamining,200,64,Resource Calendar 22490,2591.5781732986725,459.7083420355379
datamining,200,64,Resource Calendar 22491,2684.5449392041387,541.033980067082
datamining,200,64,Resource Calendar 22496,2964.8818225895448,578.0207692199981
datamining,200,64,Resource Calendar 22529,2631.982332142686,587.1757087687176
datamining,200,64,Resource Calendar 22533,2634.096037135176,593.9095918635912
datamining,200,64,Resource Calendar 22534,2586.2470855821966,510.6033509087817
datamining,200,64,Resource Calendar 22543,2630.511486888771,448.30230542046246
datamining,200,64,Resource Calendar 22560,2637.7906580590898,441.6118394430138
datamining,200,64,Resource Calendar 22592,2556.6526163811473,506.7052496832397
datamining,200,64,Resource Calendar 22624,2511.2904751684373,467.8472882572073
datamining,200,64,Resource Calendar 22736,2659.5155135515347,405.1907751442103
datamining,200,64,Resource Calendar 2274,2897.78858563248,574.3448586400909
datamining,200,64,Resource Calendar 22785,2318.114759689343,414.9863066841893
datamining,200,64,Resource Calendar 22795,2745.303127307446,470.8109909655749
datamining,200,64,Resource Calendar 22829,2909.8227116426892,618.4329199951139
datamining,200,64,Resource Calendar 2292,2893.849258929986,541.4941163916413
datamining,200,64,Resource Calendar 22940,2939.2859267367144,490.6489561849811
datamining,200,64,Resource Calendar 22950,2764.3252043444463,509.4586683965262
datamining,200,64,Resource Calendar 22962,2571.5195547389726,513.3324868359139
datamining,200,64,Resource Calendar 23335,2393.5663072101247,443.8837936787417
datamining,200,64,Resource Calendar 23530,3067.549052467664,443.13453839858795
datamining,200,64,Resource Calendar 23842,2564.705682427959,526.0696319666008
datamining,200,64,Resource Calendar 2391,2622.395585952427,480.28164729529226
datamining,200,64,Resource Calendar 23934,2726.0755618746393,573.9574793581165
datamining,200,64,Resource Calendar 23978,2442.2986584389123,456.26374436136734
datamining,200,64,Resource Calendar 2408,2750.3883729630893,431.6202877206189
datamining,200,64,Resource Calendar 241,2742.455093517372,559.6476830887868
datamining,200,64,Resource Calendar 2440,2871.7049973771873,478.12213485115393
datamining,200,64,Resource Calendar 24517,2642.8975042346774,423.4588609858068
datamining,200,64,Resource Calendar 24519,2841.979948639451,530.4984203840285
datamining,200,64,Resource Calendar 2453,2883.3055326507565,559.3040140743689
datamining,200,64,Resource Calendar 24536,2599.3018626373137,546.2964585623763
datamining,200,64,Resource Calendar 24544,2493.978374416353,400.9485932044163
datamining,200,64,Resource Calendar 2463,3365.4692374486954,670.803214618841
datamining,200,64,Resource Calendar 2465,2760.3467070354905,466.50288923897426
datamining,200,64,Resource Calendar 2506,2734.763366564693,522.8896805819102
datamining,200,64,Resource Calendar 2512,2508.7968497150623,550.4378284112638
datamining,200,64,Resource Calendar 25141,2365.641501101975,426.29794889647894
datamining,200,64,Resource Calendar 2541,2425.775481664062,468.2693383448945
datamining,200,64,Resource Calendar 261,2378.179783463138,472.6470880084057
datamining,200,64,Resource Calendar 26147,2401.407718898936,498.21753502163256
datamining,200,64,Resource Calendar 26248,2355.4486433509596,448.9860413394375
datamining,200,64,Resource Calendar 26259,2400.6796626261985,385.3905652885377
datamining,200,64,Resource Calendar 26271,2707.4626681573554,459.5910141353797
datamining,200,64,Resource Calendar 26298,3070.025436795719,613.3154192150263
datamining,200,64,Resource Calendar 26321,2614.5767132993906,512.5562896334083
datamining,200,64,Resource Calendar 26344,2700.0786027577337,530.5925445574394
datamining,200,64,Resource Calendar 26348,2123.240126892928,263.2459090942771
datamining,200,64,Resource Calendar 26359,2899.5956971413193,481.4851240954789
datamining,200,64,Resource Calendar 2649,2370.496625148222,450.7211422894014
datamining,200,64,Resource Calendar 26756,2469.3032162182703,449.69877595342075
datamining,200,64,Resource Calendar 26757,3001.6071351294454,567.416525560049
datamining,200,64,Resource Calendar 26758,2621.958047815779,448.5798674029422
datamining,200,64,Resource Calendar 26759,2781.8400252417505,592.6441239170067
datamining,200,64,Resource Calendar 26762,2598.4417329643966,426.05335374888836
datamining,200,64,Resource Calendar 26763,3385.2580848061866,624.0025525192025
datamining,200,64,Resource Calendar 26767,2623.6826381536725,579.4041982506772
datamining,200,64,Resource Calendar 26772,2783.299601296635,446.47300556873404
datamining,200,64,Resource Calendar 26780,3116.462757367889,509.0805393281689
datamining,200,64,Resource Calendar 26788,2665.739172765497,495.52107173569186
datamining,200,64,Resource Calendar 26789,2619.678959713561,478.39870807687
datamining,200,64,Resource Calendar 26793,3072.00295874835,565.6140837709805
datamining,200,64,Resource Calendar 26796,2511.7137403496226,424.5134878504855
datamining,200,64,Resource Calendar 27293,2057.2094134363447,389.389869634425
datamining,200,64,Resource Calendar 2735,2648.6826238879876,493.87138865712063
datamining,200,64,Resource Calendar 2740,3085.677120621199,552.0010817334884
datamining,200,64,Resource Calendar 2804,2845.3457487238497,513.9004881556341
datamining,200,64,Resource Calendar 2834,2502.1790428134364,487.0665469578211
datamining,200,64,Resource Calendar 28881,2896.401082748861,451.97666720041434
datamining,200,64,Resource Calendar 2925,2403.852143496583,441.9940722526095
datamining,200,64,Resource Calendar 29274,2568.243913962314,501.8831258794438
datamining,200,64,Resource Calendar 29276,2458.3811282832585,469.75903330566723
datamining,200,64,Resource Calendar 29277,2423.1239153741103,470.5202371726298
datamining,200,64,Resource Calendar 29280,2945.533849894383,576.2048683674925
datamining,200,64,Resource Calendar 29281,2755.903523904226,480.68068559921886
datamining,200,64,Resource Calendar 294,2834.671619707758,526.4315418306152
datamining,200,64,Resource Calendar 29577,2394.636250890288,405.3830349336574
datamining,200,64,Resource Calendar 29578,2680.421889810777,566.0656811126672
datamining,200,64,Resource Calendar 29579,2238.7121690301406,505.61408318639025
datamining,200,64,Resource Calendar 2970,2784.815577761514,444.29394108580885
datamining,200,64,Resource Calendar 29704,3291.777995569126,565.3827894912316
datamining,200,64,Resource Calendar 2981,2821.022676588695,541.6475870289063
datamining,200,64,Resource Calendar 3003,2471.638437153345,408.10324857267614
datamining,200,64,Resource Calendar 3019,2567.923497055251,450.66722440338407
datamining,200,64,Resource Calendar 305,2396.906763861004,348.61244519501116
datamining,200,64,Resource Calendar 3057,2486.4635802849944,411.4957277939842
datamining,200,64,Resource Calendar 308,2415.22684704137,425.0801578043444
datamining,200,64,Resource Calendar 3108,2692.4793954327147,565.4493927762899
datamining,200,64,Resource Calendar 3113,2888.266280194079,563.533482671376
datamining,200,64,Resource Calendar 3149,2600.548565888248,366.06499120654934
datamining,200,64,Resource Calendar 3296,2786.995628024519,643.5155792052005
datamining,200,64,Resource Calendar 3409,2095.8358900426215,405.42571825626567
datamining,200,64,Resource Calendar 341,2279.233501588346,447.99136562040803
datamining,200,64,Resource Calendar 3421,2810.4950020312804,552.1690406288632
datamining,200,64,Resource Calendar 3445,2830.770757739926,491.2049849782343
datamining,200,64,Resource Calendar 3480,2792.4600075498174,630.5605473290301
datamining,200,64,Resource Calendar 3502,2257.3579894558898,488.8209119832002
datamining,200,64,Resource Calendar 3510,2964.4535490898897,500.82423391582734
datamining,200,64,Resource Calendar 3603,2766.9183672759923,474.57795437905264
datamining,200,64,Resource Calendar 3656,2815.3170946512087,449.2362033937864
datamining,200,64,Resource Calendar 369,2326.443791666641,564.8899225059994
datamining,200,64,Resource Calendar 3695,2778.223770735831,511.55927799560203
datamining,200,64,Resource Calendar 3703,2475.8602597269946,372.1909986675814
datamining,200,64,Resource Calendar 3729,2361.4448314124475,368.66189978950723
datamining,200,64,Resource Calendar 3747,2844.090868898191,452.9770856620397
datamining,200,64,Resource Calendar 3796,2542.4232477235664,537.3194121364128
datamining,200,64,Resource Calendar 3815,2693.224504453832,479.58507644579566
datamining,200,64,Resource Calendar 387,2880.8002354503124,485.6687665542989
datamining,200,64,Resource Calendar 3917,2939.083911553843,669.4114289811092
datamining,200,64,Resource Calendar 3926,2553.8427432158846,540.8308935614375
datamining,200,64,Resource Calendar 397,2288.476588246837,319.927744956738
datamining,200,64,Resource Calendar 4032,2646.754894362093,479.10877880296755
datamining,200,64,Resource Calendar 4067,2292.8314789559204,407.6377308201952
datamining,200,64,Resource Calendar 410,3191.5352677767546,617.7866569861244
datamining,200,64,Resource Calendar 4126,2559.911331010472,512.4747570350227
datamining,200,64,Resource Calendar 4130,2679.987724516773,457.74106821757687
datamining,200,64,Resource Calendar 4148,2908.767511237527,505.662520717701
datamining,200,64,Resource Calendar 436,2512.612397436122,565.6313988465747
datamining,200,64,Resource Calendar 4441,2789.798685653786,524.3486120024108
datamining,200,64,Resource Calendar 4457,3000.315656235318,534.6092103000599
datamining,200,64,Resource Calendar 448,2917.257795362497,473.9776942434841
datamining,200,64,Resource Calendar 4560,2493.7979813415373,387.0832960991562
datamining,200,64,Resource Calendar 4701,2878.358806121253,487.07895919875733
datamining,200,64,Resource Calendar 4708,2419.997425560401,487.9633014378364
datamining,200,64,Resource Calendar 4745,2464.3532132891187,546.3943099814552
datamining,200,64,Resource Calendar 4765,2944.98875584892,533.7791669430509
datamining,200,64,Resource Calendar 4834,2711.6059935429716,571.0411256646527
datamining,200,64,Resource Calendar 4840,2612.6723617183025,525.7132854600721
datamining,200,64,Resource Calendar 4867,2904.636703692874,419.60558231729425
datamining,200,64,Resource Calendar 49,3205.3030837113174,704.8413912800418
datamining,200,64,Resource Calendar 4905,2733.366882232337,525.6532848315125
datamining,200,64,Resource Calendar 4912,2235.9541960593297,447.4850145598136
datamining,200,64,Resource Calendar 4913,2419.653380837247,472.5828841890836
datamining,200,64,Resource Calendar 4918,2401.29028059741,491.12622375734634
datamining,200,64,Resource Calendar 4924,2563.243403610786,480.44210268908347
datamining,200,64,Resource Calendar 5020,2494.2315265301863,462.6132198131917
datamining,200,64,Resource Calendar 5028,2924.3076085740245,464.9192991136757
datamining,200,64,Resource Calendar 5064,2972.1878004282394,645.8225147159154
datamining,200,64,Resource Calendar 5151,2512.4355807935817,465.56731943997767
datamining,200,64,Resource Calendar 5154,2796.8103012868914,581.1819577572043
datamining,200,64,Resource Calendar 5183,2572.7823745620076,434.3938246277658
datamining,200,64,Resource Calendar 5189,2562.501031312296,471.345754270871
datamining,200,64,Resource Calendar 5221,2709.5890806129096,476.92005440320673
datamining,200,64,Resource Calendar 5275,2398.4832587743267,504.73438327536314
datamining,200,64,Resource Calendar 528,2937.2003949606496,544.0939936641857
datamining,200,64,Resource Calendar 5290,2486.9959690021547,391.853628655433
datamining,200,64,Resource Calendar 5292,3087.468213003242,556.7130894802552
datamining,200,64,Resource Calendar 5330,2579.6068000779146,495.2923379294205
datamining,200,64,Resource Calendar 5396,2403.4754032113196,394.76270070997884
datamining,200,64,Resource Calendar 5488,2670.2081095152635,538.4615618108887
datamining,200,64,Resource Calendar 5506,2766.566677542325,522.1725619779695
datamining,200,64,Resource Calendar 5571,2720.3735526371283,642.83799497459
datamining,200,64,Resource Calendar 5573,2998.6446560768095,513.0219386841651
datamining,200,64,Resource Calendar 5588,2663.8511999824186,500.2490596463999
datamining,200,64,Resource Calendar 559,3330.3909005252567,612.2942003979335
datamining,200,64,Resource Calendar 5593,2162.5565700302236,364.7732308003597
datamining,200,64,Resource Calendar 5613,2734.3639837632863,559.1866868214024
datamining,200,64,Resource Calendar 5641,2726.0190745644645,458.1273751398591
datamining,200,64,Resource Calendar 566,2621.085298050967,491.63169896926365
datamining,200,64,Resource Calendar 5667,3062.1956631421517,452.8900043436198
datamining,200,64,Resource Calendar 5668,2892.7125620832253,566.6087848595512
datamining,200,64,Resource Calendar 5714,2822.6267589356557,500.8662396529506
datamining,200,64,Resource Calendar 5778,2585.886312646709,554.5162857620303
datamining,200,64,Resource Calendar 5793,2956.0148931298813,566.3604899298984
datamining,200,64,Resource Calendar 5802,2768.7121787762258,487.0593740695328
datamining,200,64,Resource Calendar 5858,2319.433664792806,402.4129367568831
datamining,200,64,Resource Calendar 5883,2675.734349135735,458.4970335112198
datamining,200,64,Resource Calendar 5972,2582.1334358675963,486.42482776506233
datamining,200,64,Resource Calendar 6004,2538.328415359495,453.5169616691517
datamining,200,64,Resource Calendar 6039,2813.9231847624733,563.5094043085192
datamining,200,64,Resource Calendar 6101,2536.699223185828,470.8286734273087
datamining,200,64,Resource Calendar 6107,2889.226834091919,445.310518987166
datamining,200,64,Resource Calendar 6159,2716.3357756217315,439.01044259142753
datamining,200,64,Resource Calendar 6186,2877.0776431823992,499.6304199765034
datamining,200,64,Resource Calendar 6204,2671.6057780945457,453.9708012110601
datamining,200,64,Resource Calendar 6229,2856.7624551709264,530.615710343955
datamining,200,64,Resource Calendar 6231,2828.1943045626185,466.52242999536065
datamining,200,64,Resource Calendar 6260,2037.869214125112,421.56194025256013
datamining,200,64,Resource Calendar 6369,3176.736838921335,582.8976359698081
datamining,200,64,Resource Calendar 6400,2345.8110420661337,478.09015346955215
datamining,200,64,Resource Calendar 6410,2358.335961241404,392.3999313980844
datamining,200,64,Resource Calendar 6426,2533.1535833343523,359.12245238581374
datamining,200,64,Resource Calendar 6437,2442.9707243330913,473.11173927958066
datamining,200,64,Resource Calendar 6469,2570.5379330974565,472.4886160731451
datamining,200,64,Resource Calendar 6497,2905.595739903883,535.0365111557195
datamining,200,64,Resource Calendar 6520,2957.445501072349,530.9614045411648
datamining,200,64,Resource Calendar 6551,2876.646292518666,430.71477625214715
datamining,200,64,Resource Calendar 6572,2867.766669729747,564.270828909038
datamining,200,64,Resource Calendar 659,3212.1712211636186,548.3157030249565
datamining,200,64,Resource Calendar 6598,2682.05304070665,491.8987429387922
datamining,200,64,Resource Calendar 6625,2515.404761619976,504.0219592503763
datamining,200,64,Resource Calendar 6629,2273.009656435043,422.23924621938664
datamining,200,64,Resource Calendar 6639,2435.4296882412086,564.8594519247146
datamining,200,64,Resource Calendar 669,2500.908409817473,619.1424642938011
datamining,200,64,Resource Calendar 6694,2562.723138367014,437.3129755570461
datamining,200,64,Resource Calendar 6723,2740.8583193559216,447.4227702310883
datamining,200,64,Resource Calendar 6767,2974.701432965722,482.03341148610485
datamining,200,64,Resource Calendar 677,3125.2990200568556,648.899598751068
datamining,200,64,Resource Calendar 6799,2536.885761327304,393.2254906781891
datamining,200,64,Resource Calendar 6844,2267.7207727739906,464.8032508087891
datamining,200,64,Resource Calendar 6851,2470.939407879998,443.19022074125417
datamining,200,64,Resource Calendar 6872,2448.957550947194,437.1028928638784
datamining,200,64,Resource Calendar 6876,2089.9408800873216,498.77185837184993
datamining,200,64,Resource Calendar 6889,2779.016749661165,631.8312572093201
datamining,200,64,Resource Calendar 6894,2618.3061593321163,505.61438299479533
datamining,200,64,Resource Calendar 695,2967.9101269465427,454.04379332330217
datamining,200,64,Resource Calendar 6952,2684.02847187992,548.1383552247643
datamining,200,64,Resource Calendar 6954,3041.746186769581,539.1867007519488
datamining,200,64,Resource Calendar 6958,2120.4336309543387,416.0876302796859
datamining,200,64,Resource Calendar 6971,2938.67863395636,454.0921958405145
datamining,200,64,Resource Calendar 6979,2914.16132167917,556.5471891629101
datamining,200,64,Resource Calendar 6985,2527.795433964628,552.6399549932362
datamining,200,64,Resource Calendar 6987,2500.331807298785,422.1403829952404
datamining,200,64,Resource Calendar 6990,2873.5234558929974,438.48043075795215
datamining,200,64,Resource Calendar 6995,3003.1594776123056,549.5565828155085
datamining,200,64,Resource Calendar 7007,2565.07702401998,491.6725367153279
datamining,200,64,Resource Calendar 7010,2601.8504182614665,443.73676931513756
datamining,200,64,Resource Calendar 7019,2872.4375108030176,527.8938960452846
datamining,200,64,Resource Calendar 7039,2412.935451898833,525.7760736922056
datamining,200,64,Resource Calendar 7071,2844.209938419963,561.4546732155675
datamining,200,64,Resource Calendar 7080,2563.69261538709,548.0106079489292
datamining,200,64,Resource Calendar 7088,2583.1190883168124,462.6644447291055
datamining,200,64,Resource Calendar 7091,2602.521392372021,560.5579307770892
datamining,200,64,Resource Calendar 7137,2568.7938669959262,406.9261920858397
datamining,200,64,Resource Calendar 7143,2908.4048987353012,527.986961977281
datamining,200,64,Resource Calendar 7144,2901.932219028026,476.50544446622115
datamining,200,64,Resource Calendar 7147,2153.253436958354,427.0369297581643
datamining,200,64,Resource Calendar 716,2919.657654081153,579.3318797206997
datamining,200,64,Resource Calendar 7177,2529.037639356156,483.73859099008683
datamining,200,64,Resource Calendar 7186,2576.1082333125937,435.31219326452003
datamining,200,64,Resource Calendar 7297,2571.770924403027,429.31393732941245
datamining,200,64,Resource Calendar 7299,2794.757531448792,603.471883110365
datamining,200,64,Resource Calendar 7304,2734.091547091289,593.5565745878752
datamining,200,64,Resource Calendar 7311,2668.5416888726345,490.80791160598403
datamining,200,64,Resource Calendar 7314,2758.1241730244647,528.9624994230973
datamining,200,64,Resource Calendar 7316,2385.07800847033,377.9525895078908
datamining,200,64,Resource Calendar 7320,2811.4919312331585,524.4466952861783
datamining,200,64,Resource Calendar 7323,2461.8036516401094,415.09545157571955
datamining,200,64,Resource Calendar 7324,3094.5046668421587,458.3491963262593
datamining,200,64,Resource Calendar 7331,2693.6720398890316,559.6848198975031
datamining,200,64,Resource Calendar 7355,2940.848447736588,571.0187473835169
datamining,200,64,Resource Calendar 7369,2832.2997608386204,493.6999381496659
datamining,200,64,Resource Calendar 7374,2517.9966416257453,540.2444301229398
datamining,200,64,Resource Calendar 7387,3092.7996369406274,603.4075664486774
datamining,200,64,Resource Calendar 7389,2792.8411210459194,660.8097245304023
datamining,200,64,Resource Calendar 7394,2984.759208458154,516.7317871111958
datamining,200,64,Resource Calendar 7423,2461.676649379972,389.333637331319
datamining,200,64,Resource Calendar 7490,2538.9302394751508,492.78790703250274
datamining,200,64,Resource Calendar 7492,2807.4987356277425,558.6463699355849
datamining,200,64,Resource Calendar 7518,2723.3498010309627,486.0386329626112
datamining,200,64,Resource Calendar 754,2767.6389678673086,530.8854009527273
datamining,200,64,Resource Calendar 7573,3189.1321793129573,581.718749815147
datamining,200,64,Resource Calendar 7574,2766.5785487322505,506.30113272338434
datamining,200,64,Resource Calendar 7592,2551.212641635138,463.6479785760306
datamining,200,64,Resource Calendar 7599,2823.4320786581097,504.3336948605453
datamining,200,64,Resource Calendar 7611,3309.4462553761714,628.8192503676948
datamining,200,64,Resource Calendar 7628,2723.1571592683586,538.5265561007163
datamining,200,64,Resource Calendar 7638,2777.3218620238963,567.9362459951376
datamining,200,64,Resource Calendar 7641,2521.420486517958,536.8936680870557
datamining,200,64,Resource Calendar 7650,2823.5171931648474,384.5303315104173
datamining,200,64,Resource Calendar 7660,2556.682825827013,498.6553377493845
datamining,200,64,Resource Calendar 7664,3262.2039236071723,558.707851559376
datamining,200,64,Resource Calendar 7682,2752.3848112526316,486.12179563359985
datamining,200,64,Resource Calendar 7717,2811.9863281143025,654.9522577250151
datamining,200,64,Resource Calendar 7736,2657.879290448969,469.6333656331263
datamining,200,64,Resource Calendar 7763,2844.1370368994194,593.8600979587245
datamining,200,64,Resource Calendar 7770,2611.5290483133276,578.8970406491716
datamining,200,64,Resource Calendar 7775,3159.44339379094,574.8149926537777
datamining,200,64,Resource Calendar 7781,2634.0328017541274,576.4638516399807
datamining,200,64,Resource Calendar 7783,2713.375589574936,550.3226434933601
datamining,200,64,Resource Calendar 7819,2632.2775544334745,474.927335477897
datamining,200,64,Resource Calendar 7820,2882.5147313513357,527.3141401561893
datamining,200,64,Resource Calendar 7824,2938.488314992252,559.0552131680539
datamining,200,64,Resource Calendar 7836,2328.4325973964997,490.390232305236
datamining,200,64,Resource Calendar 7854,2486.5238876601074,400.29482427948597
datamining,200,64,Resource Calendar 7862,2560.757814840368,534.0318143859204
datamining,200,64,Resource Calendar 7897,2823.4973916560757,448.5195900383132
datamining,200,64,Resource Calendar 7963,2833.600851373189,541.7894854790918
datamining,200,64,Resource Calendar 8022,2722.9813090281446,482.9694228971187
datamining,200,64,Resource Calendar 8032,2481.674875048769,412.55496567452207
datamining,200,64,Resource Calendar 8033,2418.709045562367,475.63733329430977
datamining,200,64,Resource Calendar 8064,2679.9118306941073,461.7258263807893
datamining,200,64,Resource Calendar 8065,2697.916704880874,578.1653621248875
datamining,200,64,Resource Calendar 8112,2942.32947726604,461.4182848862281
datamining,200,64,Resource Calendar 8121,2292.3406950468575,376.3192816618858
datamining,200,64,Resource Calendar 8139,2549.5762563881854,558.7201732046759
datamining,200,64,Resource Calendar 8142,2518.284379437759,506.29543375878234
datamining,200,64,Resource Calendar 8147,2909.8526963766667,472.0534941606009
datamining,200,64,Resource Calendar 8160,2558.5951693309926,540.0503899098254
datamining,200,64,Resource Calendar 8164,3091.6638963341074,540.7841282818902
datamining,200,64,Resource Calendar 8177,2268.318326078513,380.8129745349663
datamining,200,64,Resource Calendar 8186,2636.4002369017408,489.9189925190207
datamining,200,64,Resource Calendar 8188,2715.7580824601514,501.53847834891974
datamining,200,64,Resource Calendar 8203,2614.7845749262533,465.1723121486506
datamining,200,64,Resource Calendar 8213,2567.9371703682705,449.10547091046885
datamining,200,64,Resource Calendar 8223,2943.5529784444143,580.1158277181192
datamining,200,64,Resource Calendar 8225,3074.729638574348,537.5512210417614
datamining,200,64,Resource Calendar 8248,2208.900230889153,394.9722061651229
datamining,200,64,Resource Calendar 8263,3188.3929433342664,421.59342242370275
datamining,200,64,Resource Calendar 8268,2485.332894884776,426.52750546876416
datamining,200,64,Resource Calendar 8365,2764.6815484633903,430.82722625721607
datamining,200,64,Resource Calendar 8371,2832.6526766907723,498.3152468900567
datamining,200,64,Resource Calendar 8382,2735.8702081053552,490.8526204885486
datamining,200,64,Resource Calendar 8416,2577.28629138369,425.9687132158693
datamining,200,64,Resource Calendar 8428,2642.452489090801,457.2345222570027
datamining,200,64,Resource Calendar 8443,2334.3038417100483,529.7294979636433
datamining,200,64,Resource Calendar 8450,2414.183410933185,469.70789233422767
datamining,200,64,Resource Calendar 8455,2366.2126172739845,383.6988444304922
datamining,200,64,Resource Calendar 8461,2665.920410806319,445.1875705858857
datamining,200,64,Resource Calendar 8475,2210.931669904675,437.385849591084
datamining,200,64,Resource Calendar 8486,2762.841359903387,501.29808779528884
datamining,200,64,Resource Calendar 8491,2899.573791722916,537.1966378189144
datamining,200,64,Resource Calendar 8498,2654.125609767421,430.39203247431266
datamining,200,64,Resource Calendar 8525,2265.4809220095312,469.94862286119684
datamining,200,64,Resource Calendar 8528,2735.8463427012894,486.98787564242787
datamining,200,64,Resource Calendar 8532,2247.6759358667678,356.0306974429482
datamining,200,64,Resource Calendar 8536,2692.6640461156776,520.5107744049737
datamining,200,64,Resource Calendar 8556,2635.0389093986046,547.0814655120147
datamining,200,64,Resource Calendar 8572,3091.7770393116953,620.1760800549789
datamining,200,64,Resource Calendar 8587,2579.227759083702,598.0041282398098
datamining,200,64,Resource Calendar 8588,2504.7413549344706,454.0735685355263
datamining,200,64,Resource Calendar 8614,2446.2877994857677,500.54868464304667
datamining,200,64,Resource Calendar 8651,2684.001230660152,578.1341185926007
datamining,200,64,Resource Calendar 8655,2934.885400136071,572.4064749329292
datamining,200,64,Resource Calendar 8661,2607.216267414166,580.7145465714891
datamining,200,64,Resource Calendar 8688,2447.1327670955015,457.6140942465071
datamining,200,64,Resource Calendar 8708,2460.3215967407546,386.49783111508907
datamining,200,64,Resource Calendar 8727,2728.3478142076083,456.906853555276
datamining,200,64,Resource Calendar 8736,2637.814748629203,460.25616356232524
datamining,200,64,Resource Calendar 8744,3180.224751220843,508.9176176386588
datamining,200,64,Resource Calendar 8749,2955.1853958721717,534.4421826650314
datamining,200,64,Resource Calendar 8772,2664.89602487617,534.3975855680825
datamining,200,64,Resource Calendar 8774,2876.811434608628,449.81594799934953
datamining,200,64,Resource Calendar 8786,2817.970418518435,452.83206074340114
datamining,200,64,Resource Calendar 8797,2699.1331106732564,462.83196301508826
datamining,200,64,Resource Calendar 8813,2860.8980722907113,541.2056482066264
datamining,200,64,Resource Calendar 8819,2809.673536023533,436.315817580398
datamining,200,64,Resource Calendar 8824,3197.6004995534004,511.87080898005513
datamining,200,64,Resource Calendar 8854,2487.912600839149,544.7564582560742
datamining,200,64,Resource Calendar 8856,2427.6451888545885,457.990506032776
datamining,200,64,Resource Calendar 8882,2629.121013024061,423.7992916192249
datamining,200,64,Resource Calendar 8916,2490.8718044973284,547.6146168957457
datamining,200,64,Resource Calendar 8955,2472.818109139285,511.88837945726624
datamining,200,64,Resource Calendar 8973,2622.2250691126646,490.56154111804807
datamining,200,64,Resource Calendar 8995,2602.9441397535516,523.9841048434394
datamining,200,64,Resource Calendar 8997,2498.7199351968156,477.660918525798
datamining,200,64,Resource Calendar 9146,2849.676464982839,465.45093594252575
datamining,200,64,Resource Calendar 9154,2749.7059399600926,435.41403614901856
datamining,200,64,Resource Calendar 9184,2676.2918075085586,480.1690412197537
datamining,200,64,Resource Calendar 9187,2517.491723606547,451.22962467273203
datamining,200,64,Resource Calendar 920,2375.0058079908026,437.90599015793936
datamining,200,64,Resource Calendar 9249,2435.8213969264984,438.58670153025514
datamining,200,64,Resource Calendar 9298,2876.2567982502783,509.89578524895643
datamining,200,64,Resource Calendar 9332,2559.1111218855094,524.3789478212993
datamining,200,64,Resource Calendar 9335,2551.5680742179493,549.3393889841323
datamining,200,64,Resource Calendar 9336,2513.0584966997553,443.35441300160846
datamining,200,64,Resource Calendar 9348,2585.9654526296986,449.3029620578929
datamining,200,64,Resource Calendar 9379,2507.8925838982423,480.3126143678219
datamining,200,64,Resource Calendar 9384,2521.550953616879,378.64519955032375
datamining,200,64,Resource Calendar 9404,2775.839079193114,624.5247689036079
datamining,200,64,Resource Calendar 9420,3320.8664207907877,603.3092800765158
datamining,200,64,Resource Calendar 9427,2511.9714387033705,585.8804361478801
datamining,200,64,Resource Calendar 943,3079.9268337486433,564.981561754976
datamining,200,64,Resource Calendar 9433,2230.555385933767,385.0326452014598
datamining,200,64,Resource Calendar 9437,3046.921652839092,530.241845845207
datamining,200,64,Resource Calendar 9445,2704.454319802877,594.7993363487977
datamining,200,64,Resource Calendar 9449,2839.8729052932777,557.1811997178028
datamining,200,64,Resource Calendar 9451,2876.085658844782,556.3182624409994
datamining,200,64,Resource Calendar 9452,2404.2530195264217,510.0747154383223
datamining,200,64,Resource Calendar 9477,2598.997247793517,545.3898552759945
datamining,200,64,Resource Calendar 9483,2599.9476330079533,436.86431128056915
datamining,200,64,Resource Calendar 9484,2892.1578391375865,509.1599962251224
datamining,200,64,Resource Calendar 9489,2432.2997504167065,490.7341378263005
datamining,200,64,Resource Calendar 9509,2721.1699737121908,480.0873596986445
datamining,200,64,Resource Calendar 9519,3020.4072635517027,546.6382160425444
datamining,200,64,Resource Calendar 9531,2337.702094299565,496.4545548766207
datamining,200,64,Resource Calendar 955,2898.3511987967904,404.4223035481124
datamining,200,64,Resource Calendar 957,2733.3957535049267,515.5385543682155
datamining,200,64,Resource Calendar 9711,2662.7191175490752,393.46354644460695
datamining,200,64,Resource Calendar 9761,2889.4807152633934,483.20892363531635
datamining,200,64,Resource Calendar 9872,2650.1457950397803,440.36213580668766
datamining,200,64,Resource Calendar 9886,2387.6549795535943,462.61607564214614
datamining,200,64,Resource Calendar 9890,3208.549677823121,478.5214332699207
datamining,200,64,Resource Calendar 9987,2703.8200825970407,566.2359243549986
datamining,200,64,Resource Calendar End,48141.77417641759,12260.798964054145
datamining,200,64,Resource Calendar Start,32869.8195292367,8781.314699697017
datamining,300,64,Resource Calendar 1,2593.3258720078693,466.74780013140196
datamining,300,64,Resource Calendar 1007,3081.688618721331,504.6809327851942
datamining,300,64,Resource Calendar 10168,2635.556832217338,442.0378121084881
datamining,300,64,Resource Calendar 10176,2498.445304576431,476.90829757191784
datamining,300,64,Resource Calendar 10183,3031.807142342491,496.5457567295907
datamining,300,64,Resource Calendar 10228,3001.961942783998,503.23088601291494
datamining,300,64,Resource Calendar 10280,2588.9868706854027,527.7508005686017
datamining,300,64,Resource Calendar 10296,2273.7119154783254,441.0911584062522
datamining,300,64,Resource Calendar 10348,2422.8112311677924,487.83599461761395
datamining,300,64,Resource Calendar 10665,2407.206273228386,410.8228398583652
datamining,300,64,Resource Calendar 10716,2406.870946218207,419.021641279629
datamining,300,64,Resource Calendar 10726,2859.7530063051368,574.181743181256
datamining,300,64,Resource Calendar 10742,2815.1336398395397,461.2884393888601
datamining,300,64,Resource Calendar 10923,2858.3523491740816,569.205870372708
datamining,300,64,Resource Calendar 10962,2286.6654595322357,405.7784098511922
datamining,300,64,Resource Calendar 10995,2079.3028299550806,363.7483764407272
datamining,300,64,Resource Calendar 11041,2328.3309431848807,410.7978057900981
datamining,300,64,Resource Calendar 1113,2440.82461888411,462.7346591397198
datamining,300,64,Resource Calendar 11150,2644.327565275836,458.7004687093497
datamining,300,64,Resource Calendar 11159,2527.4464350327353,490.93630929928895
datamining,300,64,Resource Calendar 11174,2732.606526816444,473.70597505329715
datamining,300,64,Resource Calendar 11175,2494.653079024525,506.5723478368295
datamining,300,64,Resource Calendar 11181,2247.665762226802,454.0611989941101
datamining,300,64,Resource Calendar 11197,2130.6319729105985,419.66474891150636
datamining,300,64,Resource Calendar 11204,2693.729685503273,499.8755806370618
datamining,300,64,Resource Calendar 11218,2560.918578748883,421.02364428668955
datamining,300,64,Resource Calendar 11302,2201.414208107296,467.94387078432453
datamining,300,64,Resource Calendar 11314,2728.003458441012,542.5539221249505
datamining,300,64,Resource Calendar 11327,2468.580010612307,465.0345373465904
datamining,300,64,Resource Calendar 1134,2281.463493922935,425.16291208314055
datamining,300,64,Resource Calendar 11342,2688.9192758380946,548.0473495560123
datamining,300,64,Resource Calendar 11349,2827.6493436210812,529.7803872855467
datamining,300,64,Resource Calendar 11353,3001.4425431143827,405.7433503075331
datamining,300,64,Resource Calendar 11387,2312.186181211156,394.88494044045706
datamining,300,64,Resource Calendar 11393,1838.0461983000564,437.44428419857405
datamining,300,64,Resource Calendar 11395,2149.97514959316,424.9866210220809
datamining,300,64,Resource Calendar 11415,2609.684658623427,441.28650890663255
datamining,300,64,Resource Calendar 11469,2660.074675203008,487.8879996290253
datamining,300,64,Resource Calendar 11509,2400.80499576376,572.4997240248734
datamining,300,64,Resource Calendar 11515,2670.806287537899,442.6608430696073
datamining,300,64,Resource Calendar 11548,2482.0851668955065,371.2439963883776
datamining,300,64,Resource Calendar 11557,2546.8445148951664,460.4029024733503
datamining,300,64,Resource Calendar 11568,2443.261071495138,439.2022145321239
datamining,300,64,Resource Calendar 11571,2298.1890483061825,386.8228350875108
datamining,300,64,Resource Calendar 11583,2072.105561968959,385.223851811735
datamining,300,64,Resource Calendar 11611,2762.681235003712,525.467091767298
datamining,300,64,Resource Calendar 11613,2445.1156950206628,450.09692857127044
datamining,300,64,Resource Calendar 11614,2860.194916786376,530.5630266090016
datamining,300,64,Resource Calendar 11653,2296.6379568946504,516.3428260381249
datamining,300,64,Resource Calendar 11678,2683.673666751238,448.3703069703009
datamining,300,64,Resource Calendar 11692,2316.8029616424483,414.5941851632424
datamining,300,64,Resource Calendar 117,2205.304590219849,442.12988608299764
datamining,300,64,Resource Calendar 11706,2053.2710644203794,355.4568582869862
datamining,300,64,Resource Calendar 11759,2490.2633010340396,451.23114770583896
datamining,300,64,Resource Calendar 11760,2196.148933041338,490.5124019164137
datamining,300,64,Resource Calendar 11772,2239.6327736647363,413.2020149435156
datamining,300,64,Resource Calendar 11775,2601.725809777082,526.7392336203443
datamining,300,64,Resource Calendar 11799,2344.14219644599,529.1888794615975
datamining,300,64,Resource Calendar 11805,2933.6756747109034,546.3559528340896
datamining,300,64,Resource Calendar 11811,2463.8508708760182,447.7335754482369
datamining,300,64,Resource Calendar 11829,2506.027283636733,493.59021705075014
datamining,300,64,Resource Calendar 11854,2380.382817905828,448.77944110725616
datamining,300,64,Resource Calendar 11858,2278.595107747188,500.2804291093019
datamining,300,64,Resource Calendar 11861,2571.540211952712,404.99348751351374
datamining,300,64,Resource Calendar 11959,2655.8730790120726,446.16424768964026
datamining,300,64,Resource Calendar 11961,2703.4003907591355,498.605706185915
datamining,300,64,Resource Calendar 11973,2421.509157376265,510.37748484505306
datamining,300,64,Resource Calendar 11993,2475.651906896827,401.259695836519
datamining,300,64,Resource Calendar 12006,3138.2001991243387,588.8079613175222
datamining,300,64,Resource Calendar 12062,2582.0426300262325,518.9680751778491
datamining,300,64,Resource Calendar 12093,2421.021513995132,485.6294098653856
datamining,300,64,Resource Calendar 12129,2690.824706110252,534.1125830393131
datamining,300,64,Resource Calendar 12175,2690.25362411494,571.1278499480204
datamining,300,64,Resource Calendar 12196,2148.769421247727,385.6119606851833
datamining,300,64,Resource Calendar 12452,2371.26395859405,454.67033422282515
datamining,300,64,Resource Calendar 12459,2483.25639312064,539.3467097476153
datamining,300,64,Resource Calendar 12521,2551.8509116731357,564.2043346142627
datamining,300,64,Resource Calendar 12532,2511.184433036308,442.0923290928971
datamining,300,64,Resource Calendar 12535,2664.3565387566323,429.73776356730366
datamining,300,64,Resource Calendar 12548,2579.2888598710765,479.913816078825
datamining,300,64,Resource Calendar 12814,2480.2478696773264,441.1607319764468
datamining,300,64,Resource Calendar 12836,2524.86854000761,413.5655354885759
datamining,300,64,Resource Calendar 12915,2376.8931519468742,493.3379230107356
datamining,300,64,Resource Calendar 12935,2730.1010120914993,395.29454832406924
datamining,300,64,Resource Calendar 1295,2286.1780760363613,454.2316467530762
datamining,300,64,Resource Calendar 13014,2275.429183996218,466.7386697413055
datamining,300,64,Resource Calendar 1314,2866.1578496120696,560.3716637557529
datamining,300,64,Resource Calendar 1343,3175.7819948561564,616.0692449614843
datamining,300,64,Resource Calendar 13544,2408.562701639053,461.80271716332487
datamining,300,64,Resource Calendar 13559,2784.6013702091873,472.8676240305728
datamining,300,64,Resource Calendar 13733,2485.4929174457325,502.4010449716054
datamining,300,64,Resource Calendar 1378,2110.3847580413944,388.96531354346604
datamining,300,64,Resource Calendar 13803,2526.5711553874257,480.02281763089127
datamining,300,64,Resource Calendar 14126,1999.255755532743,531.1768910537452
datamining,300,64,Resource Calendar 14128,2585.7064195377975,448.7382339082932
datamining,300,64,Resource Calendar 1422,3007.77068980672,616.4634965267638
datamining,300,64,Resource Calendar 14440,2144.933914191504,384.27505991044006
datamining,300,64,Resource Calendar 1471,2515.143053934931,465.90379365471364
datamining,300,64,Resource Calendar 15057,2796.0259103317194,437.9593904416047
datamining,300,64,Resource Calendar 1515,2467.106233229249,545.3232249576934
datamining,300,64,Resource Calendar 1524,2265.8520472701653,412.08944409314955
datamining,300,64,Resource Calendar 15315,2572.9960226570242,424.39427237987917
datamining,300,64,Resource Calendar 15323,2288.2972192311668,456.5200512626031
datamining,300,64,Resource Calendar 15345,2342.812427767077,483.6057834206578
datamining,300,64,Resource Calendar 15352,2393.8379674127814,422.5643679808886
datamining,300,64,Resource Calendar 15356,2076.8275564952414,406.66293777108416
datamining,300,64,Resource Calendar 15370,2461.7982993152054,412.1059603832695
datamining,300,64,Resource Calendar 15547,2570.0856612086754,499.8283450885526
datamining,300,64,Resource Calendar 15612,2700.991429488127,540.0955810611742
datamining,300,64,Resource Calendar 157,2793.147672011474,488.6776333007816
datamining,300,64,Resource Calendar 15862,2181.1897219927528,386.9361992742035
datamining,300,64,Resource Calendar 15884,2307.535813644417,445.4177559278398
datamining,300,64,Resource Calendar 15930,2782.88575205247,492.7957632519404
datamining,300,64,Resource Calendar 15957,2430.824776670603,462.9164695433914
datamining,300,64,Resource Calendar 16273,2494.254381910296,456.88836651966056
datamining,300,64,Resource Calendar 163,2571.829633395167,507.41542318912724
datamining,300,64,Resource Calendar 1646,2853.8291078817274,640.1216246745203
datamining,300,64,Resource Calendar 16695,2877.142078099141,549.8657342966112
datamining,300,64,Resource Calendar 1684,2351.3303179558393,531.8370185020592
datamining,300,64,Resource Calendar 1707,2534.768690575398,414.7388530147854
datamining,300,64,Resource Calendar 17296,2934.813185231472,732.361632789047
datamining,300,64,Resource Calendar 17379,1999.3022432523676,297.58130124334537
datamining,300,64,Resource Calendar 17525,2602.5342402318875,502.64601627220924
datamining,300,64,Resource Calendar 17625,2611.3882269758155,446.8154851423702
datamining,300,64,Resource Calendar 17642,2827.119241891961,510.579434090353
datamining,300,64,Resource Calendar 17769,2466.3141564603243,291.4651191159603
datamining,300,64,Resource Calendar 17807,2841.6775048930213,614.4824065399595
datamining,300,64,Resource Calendar 17872,2876.869510486999,516.6282512913943
datamining,300,64,Resource Calendar 1792,2467.7261877705478,501.5967364320972
datamining,300,64,Resource Calendar 1795,2477.7393695950313,475.60379509619537
datamining,300,64,Resource Calendar 17965,2438.457655233552,490.05828940674036
datamining,300,64,Resource Calendar 18289,2120.4100767000705,431.73517975235137
datamining,300,64,Resource Calendar 18317,2682.9678090993116,373.2485582981486
datamining,300,64,Resource Calendar 18501,2624.121662823746,567.3943238109892
datamining,300,64,Resource Calendar 186,2946.3693423257273,450.9195252491518
datamining,300,64,Resource Calendar 1860,2620.3876525265596,490.81069171966
datamining,300,64,Resource Calendar 18760,2837.8389758159515,523.404066061624
datamining,300,64,Resource Calendar 18929,3088.909460407642,584.9043029329064
datamining,300,64,Resource Calendar 18942,2477.9401724127874,482.75546370680024
datamining,300,64,Resource Calendar 19019,3025.939619960631,665.6508137585289
datamining,300,64,Resource Calendar 1910,2623.9806337979503,428.1445466356928
datamining,300,64,Resource Calendar 19214,2362.1558318423768,479.38874450648837
datamining,300,64,Resource Calendar 19295,2552.0036453294338,453.3490571566255
datamining,300,64,Resource Calendar 19296,2278.2648717663483,334.9235753338692
datamining,300,64,Resource Calendar 1934,3026.3813074262202,524.1989414078454
datamining,300,64,Resource Calendar 19422,3140.812331945052,576.2043044554017
datamining,300,64,Resource Calendar 19531,2303.7705080939104,313.20399992610703
datamining,300,64,Resource Calendar 19572,2560.891948005383,433.01333199002175
datamining,300,64,Resource Calendar 19582,2630.864048817092,613.1974337302186
datamining,300,64,Resource Calendar 1959,2313.3834489268274,376.3070047125656
datamining,300,64,Resource Calendar 19591,2279.2873299002144,430.69630870220703
datamining,300,64,Resource Calendar 19692,2338.2774101432515,476.04489651776544
datamining,300,64,Resource Calendar 19746,2556.8894984377584,406.8340066495233
datamining,300,64,Resource Calendar 19811,2652.26855655772,426.02627081460616
datamining,300,64,Resource Calendar 19916,2356.4404180857523,411.80843270715354
datamining,300,64,Resource Calendar 1995,2484.600915438915,651.3811485023102
datamining,300,64,Resource Calendar 20194,2501.6141955415283,465.4590872735022
datamining,300,64,Resource Calendar 2045,2348.13348521525,477.6360390119328
datamining,300,64,Resource Calendar 2091,2685.2662775614926,468.3363596903073
datamining,300,64,Resource Calendar 21188,2457.073805155427,432.91950096046656
datamining,300,64,Resource Calendar 2133,2263.799638433284,446.63501699624624
datamining,300,64,Resource Calendar 2144,2509.1953635822547,496.0368682090798
datamining,300,64,Resource Calendar 2150,2163.0734357382603,331.325406512605
datamining,300,64,Resource Calendar 2154,2267.025932609227,498.25995559316914
datamining,300,64,Resource Calendar 21562,2761.8990619052615,415.76248012546955
datamining,300,64,Resource Calendar 22074,2271.860433520292,397.4738949870339
datamining,300,64,Resource Calendar 22377,2464.559311991169,485.49938182119826
datamining,300,64,Resource Calendar 22404,3317.6566834405894,641.8658062995047
datamining,300,64,Resource Calendar 22437,2417.9913934764795,458.2260221757636
datamining,300,64,Resource Calendar 22438,2619.2493882613203,430.8531622427658
datamining,300,64,Resource Calendar 22439,2466.0886764154166,437.2714078809691
datamining,300,64,Resource Calendar 22475,2991.7106167085344,402.4633576230341
datamining,300,64,Resource Calendar 22476,2609.8131563447314,480.2304165390802
datamining,300,64,Resource Calendar 22478,2608.356512710276,511.8683633492411
datamining,300,64,Resource Calendar 22485,2034.88783273994,472.415053057069
datamining,300,64,Resource Calendar 22490,2366.9276145803487,376.24316175728046
datamining,300,64,Resource Calendar 22491,2681.0221664078936,451.4824207144652
datamining,300,64,Resource Calendar 22496,2354.1527806150907,511.46450765689644
datamining,300,64,Resource Calendar 22529,2334.783165305016,415.2137922178915
datamining,300,64,Resource Calendar 22533,2795.373453977593,557.9665695718655
datamining,300,64,Resource Calendar 22534,2787.669835838733,498.59012696521756
datamining,300,64,Resource Calendar 22543,2566.55645003766,420.5516078646859
datamining,300,64,Resource Calendar 22560,2617.3184399750576,511.3100683982476
datamining,300,64,Resource Calendar 22592,3026.151216986934,557.8117686583735
datamining,300,64,Resource Calendar 22624,2558.903616111416,459.1767164207811
datamining,300,64,Resource Calendar 22736,2318.8980903265583,403.81725206791884
datamining,300,64,Resource Calendar 2274,2123.6082475192784,394.1757760712802
datamining,300,64,Resource Calendar 22785,2760.1247064616323,570.6443144491781
datamining,300,64,Resource Calendar 22795,2194.2913311404013,506.0572299975753
datamining,300,64,Resource Calendar 22829,2902.3685596928026,529.0190544752995
datamining,300,64,Resource Calendar 2292,2808.025502412607,548.2486349697853
datamining,300,64,Resource Calendar 22940,2633.7333598379414,483.32135134599736
datamining,300,64,Resource Calendar 22950,2586.4729822569943,480.04234703884185
datamining,300,64,Resource Calendar 22962,2176.6811044255105,404.18079422853697
datamining,300,64,Resource Calendar 23335,2359.9516158583556,444.8437315644466
datamining,300,64,Resource Calendar 23530,2494.3312933080497,427.3452746745437
datamining,300,64,Resource Calendar 23842,2642.0148905942297,475.88315968857785
datamining,300,64,Resource Calendar 2391,2501.01064646298,412.6922513733747
datamining,300,64,Resource Calendar 23934,2693.175976398485,491.9933051064685
datamining,300,64,Resource Calendar 23978,2792.945934217303,473.29904784135584
datamining,300,64,Resource Calendar 2408,2250.3914901826397,421.80952239825695
datamining,300,64,Resource Calendar 241,2455.0208210645324,458.8625552574982
datamining,300,64,Resource Calendar 2440,2403.0207670184245,425.99256561269885
datamining,300,64,Resource Calendar 24517,2436.7822425281724,414.05626973526284
datamining,300,64,Resource Calendar 24519,2938.3881469674443,593.1575432079918
datamining,300,64,Resource Calendar 2453,2556.576961642323,465.9560826978221
datamining,300,64,Resource Calendar 24536,2556.146381568654,498.8881416292679
datamining,300,64,Resource Calendar 24544,2378.6755530690803,457.7446588244234
datamining,300,64,Resource Calendar 2463,2330.6840770667145,411.9422826953641
datamining,300,64,Resource Calendar 2465,2157.2964370153454,413.45080774097516
datamining,300,64,Resource Calendar 2506,2431.05011332839,489.6558436407926
datamining,300,64,Resource Calendar 2512,2056.8924400851147,413.73009684594973
datamining,300,64,Resource Calendar 25141,2493.4324476248817,482.28156083458555
datamining,300,64,Resource Calendar 2541,2861.8975471225326,521.9290177965063
datamining,300,64,Resource Calendar 261,2658.414581747094,464.78463778982376
datamining,300,64,Resource Calendar 26147,2116.7873622323727,350.9669388145453
datamining,300,64,Resource Calendar 26248,2549.4210765522757,383.7314064405276
datamining,300,64,Resource Calendar 26259,2689.5393829522122,515.6896063982745
datamining,300,64,Resource Calendar 26271,2809.668227167598,425.8911954033526
datamining,300,64,Resource Calendar 26298,2488.434316785179,419.3918328279529
datamining,300,64,Resource Calendar 26321,2685.284878824083,443.27411043014575
datamining,300,64,Resource Calendar 26344,2138.7062281724525,480.9865535580403
datamining,300,64,Resource Calendar 26348,2199.0478265374654,424.25216765954553
datamining,300,64,Resource Calendar 26359,2593.967323586832,467.6028474394072
datamining,300,64,Resource Calendar 2649,2342.741675017269,393.29625761210235
datamining,300,64,Resource Calendar 26756,2292.100045010105,423.6881597795969
datamining,300,64,Resource Calendar 26757,2447.072510031666,467.7965197738802
datamining,300,64,Resource Calendar 26758,2514.2400568468893,463.9797062283655
datamining,300,64,Resource Calendar 26759,2443.927144094766,377.1392386631476
datamining,300,64,Resource Calendar 26762,2331.705863049875,541.5651525873848
datamining,300,64,Resource Calendar 26763,2649.3121899976204,492.3939762061692
datamining,300,64,Resource Calendar 26767,2269.024967840065,438.7044723743588
datamining,300,64,Resource Calendar 26772,2543.7096454690704,434.1452135568243
datamining,300,64,Resource Calendar 26780,2268.1126672633513,498.6941975420653
datamining,300,64,Resource Calendar 26788,2547.252124624538,458.3253136536789
datamining,300,64,Resource Calendar 26789,2486.9025025549963,537.4750627797292
datamining,300,64,Resource Calendar 26793,2673.5004357641,396.1816651757077
datamining,300,64,Resource Calendar 26796,2440.2744788411674,396.7985630477009
datamining,300,64,Resource Calendar 27293,2460.8744386361827,405.6778893714537
datamining,300,64,Resource Calendar 2735,2491.304754611031,537.9739698638606
datamining,300,64,Resource Calendar 2740,2713.2343342355016,549.160696929932
datamining,300,64,Resource Calendar 2804,1994.1513302976784,397.790107274397
datamining,300,64,Resource Calendar 2834,2387.273675537873,427.7314115341569
datamining,300,64,Resource Calendar 28881,2420.5995380359927,514.9769492992319
datamining,300,64,Resource Calendar 2925,2287.9327748229443,405.93267525360704
datamining,300,64,Resource Calendar 29274,2164.0922513409755,466.58598405529756
datamining,300,64,Resource Calendar 29276,2828.496644884579,519.9869709214632
datamining,300,64,Resource Calendar 29277,2756.6276259278657,514.9802918549711
datamining,300,64,Resource Calendar 29280,2394.0664379294185,487.72698251180003
datamining,300,64,Resource Calendar 29281,2506.710477971005,502.7268660777316
datamining,300,64,Resource Calendar 294,3195.2573366330985,608.214700621726
datamining,300,64,Resource Calendar 29577,2904.5606585592127,395.0825949625068
datamining,300,64,Resource Calendar 29578,2473.896760970222,475.8279000654242
datamining,300,64,Resource Calendar 29579,2455.9335803192816,529.9978464762017
datamining,300,64,Resource Calendar 2970,2551.258714903588,414.69200229142325
datamining,300,64,Resource Calendar 29704,2983.2388909549313,471.8516080348703
datamining,300,64,Resource Calendar 2981,2304.9393293957887,517.7472241785562
datamining,300,64,Resource Calendar 3003,2465.4758424893967,415.90992165074385
datamining,300,64,Resource Calendar 3019,2499.5466512664357,450.2757870625727
datamining,300,64,Resource Calendar 305,2164.3453149217667,513.7614766879705
datamining,300,64,Resource Calendar 3057,1954.3383480097714,356.8243160204761
datamining,300,64,Resource Calendar 308,2975.3433044171584,424.01166195285197
datamining,300,64,Resource Calendar 3108,2757.952771596986,532.8834788314937
datamining,300,64,Resource Calendar 3113,2750.028334365918,447.7430325960012
datamining,300,64,Resource Calendar 3149,2497.8740792431145,371.0369405059328
datamining,300,64,Resource Calendar 3296,2296.6820988592845,401.905680726888
datamining,300,64,Resource Calendar 3409,2428.3311289983453,403.0019718517016
datamining,300,64,Resource Calendar 341,2826.755950329921,494.56204924846867
datamining,300,64,Resource Calendar 3421,2629.008360608372,434.70027381241863
datamining,300,64,Resource Calendar 3445,3012.6459493206467,547.2522659651918
datamining,300,64,Resource Calendar 3480,2659.8177775705785,491.8589991734261
datamining,300,64,Resource Calendar 3502,2794.755594708005,425.5509258196098
datamining,300,64,Resource Calendar 3510,2287.0919510134236,433.5806110954091
datamining,300,64,Resource Calendar 3603,2618.629770490262,445.4711960894022
datamining,300,64,Resource Calendar 3656,2612.6458484851078,403.0647161252146
datamining,300,64,Resource Calendar 369,2171.998942120905,415.7650709310715
datamining,300,64,Resource Calendar 3695,2476.1879759722688,476.4434184212081
datamining,300,64,Resource Calendar 3703,2685.5816203491117,447.5909074094976
datamining,300,64,Resource Calendar 3729,2865.601572890927,587.1745507418074
datamining,300,64,Resource Calendar 3747,2727.543245203569,497.8419178012681
datamining,300,64,Resource Calendar 3796,2594.207890555809,513.8805198447689
datamining,300,64,Resource Calendar 3815,2858.82719217212,461.3456179870563
datamining,300,64,Resource Calendar 387,2629.6153177831384,511.11115773136265
datamining,300,64,Resource Calendar 3917,2575.6359268357423,573.6577006870882
datamining,300,64,Resource Calendar 3926,3176.897722321114,458.03787912296974
datamining,300,64,Resource Calendar 397,2461.815196520112,498.37371816515713
datamining,300,64,Resource Calendar 4032,2719.060376532116,392.7516980959018
datamining,300,64,Resource Calendar 4067,2360.398826092131,499.5764906176183
datamining,300,64,Resource Calendar 410,2770.5251019549555,499.37457680390287
datamining,300,64,Resource Calendar 4126,2483.723329376178,459.5215556490869
datamining,300,64,Resource Calendar 4130,2574.3082847304263,482.9394343795752
datamining,300,64,Resource Calendar 4148,2925.069205924871,531.7357803961168
datamining,300,64,Resource Calendar 436,2526.843212120133,464.64506574897223
datamining,300,64,Resource Calendar 4441,2618.5707493690475,418.0171287245104
datamining,300,64,Resource Calendar 4457,2482.136402360584,413.9029769629781
datamining,300,64,Resource Calendar 448,2715.180785179611,489.77029603390963
datamining,300,64,Resource Calendar 4560,3014.138528151136,564.220109626822
datamining,300,64,Resource Calendar 4701,2780.6243109786055,532.2634510011649
datamining,300,64,Resource Calendar 4708,2991.665736809537,425.7465346308888
datamining,300,64,Resource Calendar 4745,2669.6925570308067,515.1395669483377
datamining,300,64,Resource Calendar 4765,2974.573125603244,507.2537400025737
datamining,300,64,Resource Calendar 4834,2643.4146968866353,448.343039963974
datamining,300,64,Resource Calendar 4840,2233.6567152858133,532.779396147933
datamining,300,64,Resource Calendar 4867,2795.417914127303,498.3490583340353
datamining,300,64,Resource Calendar 49,3044.5232933190255,620.0811365075964
datamining,300,64,Resource Calendar 4905,2797.2478231253185,599.5200914905748
datamining,300,64,Resource Calendar 4912,2755.166928567312,474.66839217322087
datamining,300,64,Resource Calendar 4913,2948.9778173125906,534.6399101895398
datamining,300,64,Resource Calendar 4918,2640.4203418717834,410.02988482116535
datamining,300,64,Resource Calendar 4924,2309.654269369417,384.3219039754272
datamining,300,64,Resource Calendar 5020,3164.4727858706883,564.7333665953265
datamining,300,64,Resource Calendar 5028,2617.188835288495,439.4168879074605
datamining,300,64,Resource Calendar 5064,2770.2997265689396,470.6759873525322
datamining,300,64,Resource Calendar 5151,2508.0685824518837,468.1617146270845
datamining,300,64,Resource Calendar 5154,2626.3159819285997,446.751646550463
datamining,300,64,Resource Calendar 5183,2952.117897216065,607.4985723844674
datamining,300,64,Resource Calendar 5189,2342.944845138733,440.2508774638045
datamining,300,64,Resource Calendar 5221,2590.0634507036634,451.813961932303
datamining,300,64,Resource Calendar 5275,2525.363607366436,441.87225214874354
datamining,300,64,Resource Calendar 528,2611.04674954198,504.0165237149859
datamining,300,64,Resource Calendar 5290,2181.538202766378,485.344371306838
datamining,300,64,Resource Calendar 5292,2661.3674610781563,419.3892150563003
datamining,300,64,Resource Calendar 5330,2700.5550886231654,561.3382706395575
datamining,300,64,Resource Calendar 5396,2419.7733259747665,512.896810670174
datamining,300,64,Resource Calendar 5488,2816.0386064186187,502.1347843641536
datamining,300,64,Resource Calendar 5506,2492.443509335418,537.1679764799978
datamining,300,64,Resource Calendar 5571,2407.5169843968292,509.1256941081103
datamining,300,64,Resource Calendar 5573,2114.4580566409822,387.1010433947453
datamining,300,64,Resource Calendar 5588,2699.028325187551,475.4341602691591
datamining,300,64,Resource Calendar 559,2391.3771885397464,447.881161711912
datamining,300,64,Resource Calendar 5593,2580.9398598334037,441.3304000408443
datamining,300,64,Resource Calendar 5613,2417.058607256141,430.3171265642137
datamining,300,64,Resource Calendar 5641,2824.231554233925,487.1289562286124
datamining,300,64,Resource Calendar 566,2526.03624589753,418.88191606495985
datamining,300,64,Resource Calendar 5667,2316.6165809919476,487.9002720055197
datamining,300,64,Resource Calendar 5668,2473.8065599798965,577.401942009269
datamining,300,64,Resource Calendar 5714,2141.9670802970854,385.82391757420334
datamining,300,64,Resource Calendar 5778,2683.295929034085,517.3378122834702
datamining,300,64,Resource Calendar 5793,2254.5153298056935,478.830529748709
datamining,300,64,Resource Calendar 5802,2583.441506004305,652.5937493069398
datamining,300,64,Resource Calendar 5858,2490.0844478826266,525.3730290408143
datamining,300,64,Resource Calendar 5883,2193.520299945374,429.87083997864613
datamining,300,64,Resource Calendar 5972,2739.1976729815724,412.67046931262854
datamining,300,64,Resource Calendar 6004,2352.492295660352,473.35486981653554
datamining,300,64,Resource Calendar 6039,2305.0847182267185,582.2052232594283
datamining,300,64,Resource Calendar 6101,2319.519899102856,399.5924528290466
datamining,300,64,Resource Calendar 6107,2129.9084747692723,470.64947902884995
datamining,300,64,Resource Calendar 6159,2264.0591962724156,403.33446108800405
datamining,300,64,Resource Calendar 6186,2432.0905903127896,487.32443719026963
datamining,300,64,Resource Calendar 6204,2339.4325101489358,490.5585184223536
datamining,300,64,Resource Calendar 6229,2124.983524038814,385.555431387066
datamining,300,64,Resource Calendar 6231,2499.920026081808,418.0220529018182
datamining,300,64,Resource Calendar 6260,2543.793980481717,470.056648656073
datamining,300,64,Resource Calendar 6369,2466.96558526415,363.055901170898
datamining,300,64,Resource Calendar 6400,2641.1205143344587,497.58115321010547
datamining,300,64,Resource Calendar 6410,2236.9021513591365,482.3641370267569
datamining,300,64,Resource Calendar 6426,2331.0664111480405,523.6967506108939
datamining,300,64,Resource Calendar 6437,2262.86445522078,517.7836091377235
datamining,300,64,Resource Calendar 6469,2203.2659746264944,505.8264447778263
datamining,300,64,Resource Calendar 6497,2774.681013669837,593.3977325993912
datamining,300,64,Resource Calendar 6520,2834.900321537114,474.15663136648294
datamining,300,64,Resource Calendar 6551,2540.2049472856384,374.1493526826611
datamining,300,64,Resource Calendar 6572,2792.7149772187536,445.95510978403047
datamining,300,64,Resource Calendar 659,2484.053446177011,470.1150450410007
datamining,300,64,Resource Calendar 6598,2623.048636244216,544.2992288844781
datamining,300,64,Resource Calendar 6625,2483.893568722496,408.6707718123493
datamining,300,64,Resource Calendar 6629,2817.683741442588,522.4237405015007
datamining,300,64,Resource Calendar 6639,2090.4768753517824,408.6166308229595
datamining,300,64,Resource Calendar 669,2814.8677931887637,499.29847766007794
datamining,300,64,Resource Calendar 6694,2176.454620426147,471.75192775773445
datamining,300,64,Resource Calendar 6723,2504.2557883841464,458.2691985356782
datamining,300,64,Resource Calendar 6767,2645.1860689030514,484.8111450302997
datamining,300,64,Resource Calendar 677,2763.833179602806,658.4140348579573
datamining,300,64,Resource Calendar 6799,2627.634732669925,635.5765566686301
datamining,300,64,Resource Calendar 6844,2635.419376620014,540.0254946757271
datamining,300,64,Resource Calendar 6851,2421.338717457833,440.2861711921986
datamining,300,64,Resource Calendar 6872,2684.56940419478,435.6385553524492
datamining,300,64,Resource Calendar 6876,2517.230036637101,472.94969913006884
datamining,300,64,Resource Calendar 6889,2468.897427298452,488.9475333623549
datamining,300,64,Resource Calendar 6894,2588.2347371580154,435.56600183186686
datamining,300,64,Resource Calendar 695,2151.0748786688036,438.7405956292769
datamining,300,64,Resource Calendar 6952,2894.734217349892,588.0017929740004
datamining,300,64,Resource Calendar 6954,2440.1966868342665,423.1323309529402
datamining,300,64,Resource Calendar 6958,2624.5751892161043,487.82955650806304
datamining,300,64,Resource Calendar 6971,2418.7710776752133,393.17640867508254
datamining,300,64,Resource Calendar 6979,2888.078860349435,449.57068037940434
datamining,300,64,Resource Calendar 6985,2337.5431622702354,492.0532503911637
datamining,300,64,Resource Calendar 6987,2277.8485294302163,443.0899181119159
datamining,300,64,Resource Calendar 6990,2643.8277973114127,426.4567059940284
datamining,300,64,Resource Calendar 6995,2637.534258119251,400.40556707281416
datamining,300,64,Resource Calendar 7007,2189.854918172673,387.2268836919961
datamining,300,64,Resource Calendar 7010,2484.0129612704814,460.2879698058241
datamining,300,64,Resource Calendar 7019,2963.9824792516883,521.2148366384239
datamining,300,64,Resource Calendar 7039,2553.484744445303,437.53921651063564
datamining,300,64,Resource Calendar 7071,1959.5535628290268,431.27170065294774
datamining,300,64,Resource Calendar 7080,2994.720011760932,613.504676050963
datamining,300,64,Resource Calendar 7088,2562.9627397966538,458.9802329965504
datamining,300,64,Resource Calendar 7091,2547.2148896645745,513.5226908484154
datamining,300,64,Resource Calendar 7137,2727.27202010897,597.6545792930881
datamining,300,64,Resource Calendar 7143,2681.5568297665523,555.7989271385522
datamining,300,64,Resource Calendar 7144,2961.639952814096,568.4325927691959
datamining,300,64,Resource Calendar 7147,2022.4630933858743,396.0885750421708
datamining,300,64,Resource Calendar 716,2574.766350221303,578.6175800964307
datamining,300,64,Resource Calendar 7177,2731.3045613567397,444.55687189691434
datamining,300,64,Resource Calendar 7186,2648.243418073441,477.32102410157813
datamining,300,64,Resource Calendar 7297,2903.8553772188966,550.6078442843882
datamining,300,64,Resource Calendar 7299,2375.5278671774017,347.91681489339527
datamining,300,64,Resource Calendar 7304,2247.5009735183344,456.32278060778043
datamining,300,64,Resource Calendar 7311,2711.0715743636392,502.1067530013027
datamining,300,64,Resource Calendar 7314,2581.0483397791204,434.7140465388043
datamining,300,64,Resource Calendar 7316,1890.4488995770507,332.81297416209316
datamining,300,64,Resource Calendar 7320,2931.081636558168,493.97003056689096
datamining,300,64,Resource Calendar 7323,2677.985147382556,491.3531007119363
datamining,300,64,Resource Calendar 7324,2467.650620532995,428.33859158783156
datamining,300,64,Resource Calendar 7331,2311.6964888195243,368.4210381655495
datamining,300,64,Resource Calendar 7355,2396.0276247000656,420.29519854017184
datamining,300,64,Resource Calendar 7369,2650.843859916982,493.8757751324876
datamining,300,64,Resource Calendar 7374,2483.1284756011064,492.8204986089791
datamining,300,64,Resource Calendar 7387,2330.3517589054595,483.32890166617045
datamining,300,64,Resource Calendar 7389,2070.582278185782,392.08386111252565
datamining,300,64,Resource Calendar 7394,2638.404299261302,513.9366659850147
datamining,300,64,Resource Calendar 7423,2627.9575437440217,444.02236177074803
datamining,300,64,Resource Calendar 7490,2579.5907251182516,416.46365944487184
datamining,300,64,Resource Calendar 7492,2273.530900558749,452.682903700432
datamining,300,64,Resource Calendar 7518,2656.5570029840615,524.3626803288518
datamining,300,64,Resource Calendar 754,2450.1904027696164,563.7394697299804
datamining,300,64,Resource Calendar 7573,2327.423199013211,466.5366512776958
datamining,300,64,Resource Calendar 7574,2384.48959521442,539.2609925526967
datamining,300,64,Resource Calendar 7592,2796.064286559677,540.7258871954615
datamining,300,64,Resource Calendar 7599,2753.2043315340507,467.3647346327806
datamining,300,64,Resource Calendar 7611,2602.0811047851516,411.9871149782681
datamining,300,64,Resource Calendar 7628,2642.0434426029765,439.1891220647342
datamining,300,64,Resource Calendar 7638,2796.0896040079724,550.3888049163247
datamining,300,64,Resource Calendar 7641,2699.942521480994,565.736978471763
datamining,300,64,Resource Calendar 7650,2425.336722873909,565.3653708657341
datamining,300,64,Resource Calendar 7660,2687.1279355591914,434.66610417427523
datamining,300,64,Resource Calendar 7664,3383.0510092989425,466.3492971420106
datamining,300,64,Resource Calendar 7682,2885.9096129323834,498.53612837156584
datamining,300,64,Resource Calendar 7717,1985.186599906229,340.651843113346
datamining,300,64,Resource Calendar 7736,2848.435259567946,536.6742718951543
datamining,300,64,Resource Calendar 7763,2686.359658472688,479.4758801601721
datamining,300,64,Resource Calendar 7770,2246.0639839969217,454.88025564353205
datamining,300,64,Resource Calendar 7775,3120.8635144056393,595.6752212068816
datamining,300,64,Resource Calendar 7781,2434.4831783742584,410.86764036247706
datamining,300,64,Resource Calendar 7783,2625.64783144148,446.8498725813131
datamining,300,64,Resource Calendar 7819,2791.0347800727113,434.4795714353061
datamining,300,64,Resource Calendar 7820,2451.3094752829743,419.18384548574744
datamining,300,64,Resource Calendar 7824,2676.1203343158018,406.327095620189
datamining,300,64,Resource Calendar 7836,2494.3386442101814,419.0180985042556
datamining,300,64,Resource Calendar 7854,2706.9166472359693,416.15224994274905
datamining,300,64,Resource Calendar 7862,2598.414063976237,482.15520704569366
datamining,300,64,Resource Calendar 7897,2059.6923436851675,415.1113538018205
datamining,300,64,Resource Calendar 7963,2387.0646605782945,438.1372985782711
datamining,300,64,Resource Calendar 8022,2637.957441647411,475.7838552069035
datamining,300,64,Resource Calendar 8032,2377.3244466807396,518.9878791469962
datamining,300,64,Resource Calendar 8033,2657.0920928954147,453.85893822948293
datamining,300,64,Resource Calendar 8064,2280.6621556496516,529.3615617143672
datamining,300,64,Resource Calendar 8065,2575.2855650956913,456.95991412920296
datamining,300,64,Resource Calendar 8112,2775.9267918131754,505.77468860693506
datamining,300,64,Resource Calendar 8121,2579.1231266455543,575.0125667187785
datamining,300,64,Resource Calendar 8139,2422.1937726630126,402.5591026006736
datamining,300,64,Resource Calendar 8142,2954.043861062612,570.5630467559382
datamining,300,64,Resource Calendar 8147,2456.18076671052,400.20975877938326
datamining,300,64,Resource Calendar 8160,2280.668168213726,445.905580276305
datamining,300,64,Resource Calendar 8164,2344.182716351849,393.23768486587807
datamining,300,64,Resource Calendar 8177,2048.726219103331,365.78262056972363
datamining,300,64,Resource Calendar 8186,2902.1900190811025,482.9796527895405
datamining,300,64,Resource Calendar 8188,2149.684672734657,450.2600134349737
datamining,300,64,Resource Calendar 8203,2586.32233455354,520.5171190114606
datamining,300,64,Resource Calendar 8213,3093.8196293973115,533.8881029000282
datamining,300,64,Resource Calendar 8223,2521.0993322021427,473.5410971760581
datamining,300,64,Resource Calendar 8225,2075.504723815643,422.24792983608904
datamining,300,64,Resource Calendar 8248,2783.929927527964,517.0170259624903
datamining,300,64,Resource Calendar 8263,2672.4540043990683,436.0993234134844
datamining,300,64,Resource Calendar 8268,2393.5431498045323,480.029203593667
datamining,300,64,Resource Calendar 8365,2489.682251516433,400.3083809167767
datamining,300,64,Resource Calendar 8371,2054.089894741184,410.3674998734557
datamining,300,64,Resource Calendar 8382,2538.5352936185423,466.0045414071771
datamining,300,64,Resource Calendar 8416,1998.1936767762886,478.3877774724574
datamining,300,64,Resource Calendar 8428,2139.7226162733564,383.00706198393226
datamining,300,64,Resource Calendar 8443,2524.4049122246274,422.2299628070294
datamining,300,64,Resource Calendar 8450,2323.624521497907,481.18520786209183
datamining,300,64,Resource Calendar 8455,2645.277494074955,517.0550715904513
datamining,300,64,Resource Calendar 8461,2695.8511261123845,510.44959955018516
datamining,300,64,Resource Calendar 8475,2480.598467148817,444.6267374784424
datamining,300,64,Resource Calendar 8486,2563.65377620563,432.8743306270052
datamining,300,64,Resource Calendar 8491,2524.436417454966,572.7016068523034
datamining,300,64,Resource Calendar 8498,2567.407091880597,473.87806530248014
datamining,300,64,Resource Calendar 8525,2393.65401987269,399.16359532292313
datamining,300,64,Resource Calendar 8528,2361.6320354194254,367.2992691263819
datamining,300,64,Resource Calendar 8532,2585.9905536417104,481.9901960577671
datamining,300,64,Resource Calendar 8536,2501.93618368573,425.7605738573338
datamining,300,64,Resource Calendar 8556,2288.4484392955883,359.4896230553871
datamining,300,64,Resource Calendar 8572,2412.0972875638076,453.3884686841436
datamining,300,64,Resource Calendar 8587,2358.475607834332,394.0737830561968
datamining,300,64,Resource Calendar 8588,2391.407484212816,544.2336697391861
datamining,300,64,Resource Calendar 8614,2701.320252669151,450.4726138083571
datamining,300,64,Resource Calendar 8651,2329.641172937537,458.47500071688177
datamining,300,64,Resource Calendar 8655,2730.614018768208,557.0387452135127
datamining,300,64,Resource Calendar 8661,2268.011104177812,490.9622242371858
datamining,300,64,Resource Calendar 8688,2849.1051049869197,463.03232910369155
datamining,300,64,Resource Calendar 8708,2625.235198456158,473.4521774475782
datamining,300,64,Resource Calendar 8727,2348.3752070364826,385.36688367356646
datamining,300,64,Resource Calendar 8736,2547.665710794793,452.574037089996
datamining,300,64,Resource Calendar 8744,2998.58523286821,467.55535293575247
datamining,300,64,Resource Calendar 8749,2335.8310993077016,487.19964976050807
datamining,300,64,Resource Calendar 8772,2471.6560063146862,561.2963501403196
datamining,300,64,Resource Calendar 8774,2220.8312520347245,430.15676242725146
datamining,300,64,Resource Calendar 8786,1985.246915252388,399.0506286073023
datamining,300,64,Resource Calendar 8797,2434.079326151363,420.8204123380175
datamining,300,64,Resource Calendar 8813,2220.715545356573,493.761903019315
datamining,300,64,Resource Calendar 8819,2263.737191266301,541.4099073709856
datamining,300,64,Resource Calendar 8824,2950.706045250574,544.1400056780714
datamining,300,64,Resource Calendar 8854,2381.6124521975003,534.0478302486689
datamining,300,64,Resource Calendar 8856,2429.3560154762927,413.1171795563588
datamining,300,64,Resource Calendar 8882,2637.328957038928,484.09027412727994
datamining,300,64,Resource Calendar 8916,2023.494723492718,412.0249948677125
datamining,300,64,Resource Calendar 8955,2451.191830444189,472.5375004516004
datamining,300,64,Resource Calendar 8973,2667.8835101637846,541.7816639062438
datamining,300,64,Resource Calendar 8995,2206.73693517489,428.66951258831403
datamining,300,64,Resource Calendar 8997,2327.3679608252996,452.48114113659943
datamining,300,64,Resource Calendar 9146,2877.0059011295257,595.0686506223842
datamining,300,64,Resource Calendar 9154,2098.7335453928345,390.8230915347312
datamining,300,64,Resource Calendar 9184,2707.491558167828,402.92705901179045
datamining,300,64,Resource Calendar 9187,2136.3196687037807,409.32484579088765
datamining,300,64,Resource Calendar 920,2711.0013239348755,540.2705265349896
datamining,300,64,Resource Calendar 9249,2599.0500394161104,512.0388797057302
datamining,300,64,Resource Calendar 9298,2328.5892314155362,450.63847031674925
datamining,300,64,Resource Calendar 9332,2613.3476188147933,442.8197494584079
datamining,300,64,Resource Calendar 9335,2190.311401758251,391.0238494293807
datamining,300,64,Resource Calendar 9336,2367.264854294472,575.2919907793446
datamining,300,64,Resource Calendar 9348,2803.297066425204,460.38479551478054
datamining,300,64,Resource Calendar 9379,2501.6769214009237,437.59158992966974
datamining,300,64,Resource Calendar 9384,2334.05807208518,513.8536447380164
datamining,300,64,Resource Calendar 9404,2562.4922684394173,501.1826685374217
datamining,300,64,Resource Calendar 9420,2833.4191639913956,563.1341521127782
datamining,300,64,Resource Calendar 9427,2340.3060702777975,403.7964804155836
datamining,300,64,Resource Calendar 943,2390.9496380927576,427.35020030141084
datamining,300,64,Resource Calendar 9433,2517.3635487776046,412.4923625681908
datamining,300,64,Resource Calendar 9437,2603.9937927085266,473.3713139082499
datamining,300,64,Resource Calendar 9445,2537.0939229017586,505.84417540344157
datamining,300,64,Resource Calendar 9449,2337.057620503711,460.4942333166054
datamining,300,64,Resource Calendar 9451,2387.5607297755055,416.16188379686093
datamining,300,64,Resource Calendar 9452,2515.399109749359,534.3466756272439
datamining,300,64,Resource Calendar 9477,2190.5033002796754,362.175414482977
datamining,300,64,Resource Calendar 9483,2329.7366515230933,456.48480073234464
datamining,300,64,Resource Calendar 9484,2638.1434996543544,591.0828970770335
datamining,300,64,Resource Calendar 9489,2399.438642739968,414.23704510825496
datamining,300,64,Resource Calendar 9509,2602.248599331773,534.3932139503955
datamining,300,64,Resource Calendar 9519,2326.711188643226,396.1978307001018
datamining,300,64,Resource Calendar 9531,2257.3883878454826,436.8381498631356
datamining,300,64,Resource Calendar 955,2385.3433388818125,514.360016595564
datamining,300,64,Resource Calendar 957,2764.6343748496997,586.164564505101
datamining,300,64,Resource Calendar 9711,2705.837844003362,492.8573613639536
datamining,300,64,Resource Calendar 9761,2373.758326331644,558.0982154582008
datamining,300,64,Resource Calendar 9872,2612.869585148077,595.1447893254646
datamining,300,64,Resource Calendar 9886,2390.981700951751,448.38795980674354
datamining,300,64,Resource Calendar 9890,2622.93232662884,575.2480980930244
datamining,300,64,Resource Calendar 9987,2658.1062711204263,392.6204089537344
datamining,300,64,Resource Calendar End,29887.56581806538,9820.274439729126
datamining,300,64,Resource Calendar Start,32912.2716771989,10196.372139323401
